{"pos": [[7, 2], [1, 3], [6, 2], [1, 4], [6, 1], [1, 5], [5, 1], [1, 6], [5, 0], [0, 6], [4, 0], [0, 7], [5, 0], [1, 7], [5, 1], [2, 7], [4, 1], [3, 7], [4, 2], [4, 7], [4, 1], [4, 6], [3, 1], [5, 6], [3, 0], [5, 5], [2, 0], [6, 5], [3, 0], [7, 5], [3, 1], [7, 4], [4, 1], [7, 5], [5, 1], [7, 6], [6, 1], [7, 7], [7, 1], [6, 7], [7, 0], [5, 7], [6, 0], [4, 7], [7, 0], [3, 7], [7, 1], [3, 6], [7, 2], [2, 6], [7, 3], [2, 5], [6, 3], [3, 5], [6, 4], [4, 5], [6, 3], [4, 4], [5, 3], [5, 4], [7, 3], [4, 4], [7, 2], [3, 4], [7, 3], [3, 5], [6, 3], [2, 5], [6, 2], [2, 6], [7, 3], [1, 6], [7, 2], [0, 6], [7, 3], [0, 5], [6, 3], [0, 4], [6, 2], [0, 3]], "a_eggs_laid": [1, 1, 1, 1, 2, 2, 2, 2, 3, 3, 3, 3, 4, 4, 4, 4, 4, 4, 4, 4, 5, 5, 5, 5, 6, 6, 6, 6, 7, 7, 7, 7, 7, 7, 7, 7, 7, 7, 7, 7, 8, 8, 8, 8, 9, 9, 9, 9, 9, 9, 9, 9, 9, 9, 9, 9, 10, 10, 10, 10, 11, 11, 11, 11, 11, 11, 11, 11, 11, 11, 11, 11, 11, 11, 11, 11, 11, 11, 11, 11], "b_eggs_laid": [0, 1, 1, 1, 1, 2, 2, 2, 2, 3, 3, 3, 3, 6, 6, 6, 6, 7, 7, 7, 7, 8, 8, 8, 8, 9, 9, 9, 9, 10, 10, 10, 10, 11, 11, 11, 11, 12, 12, 12, 12, 13, 13, 13, 13, 13, 13, 13, 13, 14, 14, 14, 14, 15, 15, 15, 15, 16, 16, 16, 16, 21, 21, 21, 21, 22, 22, 22, 22, 22, 22, 26, 26, 26, 26, 26, 26, 27, 27, 27], "a_turds_left": [5, 5, 5, 5, 5, 5, 5, 5, 5, 5, 5, 5, 5, 5, 5, 5, 5, 5, 5, 5, 5, 5, 5, 5, 5, 5, 5, 5, 5, 5, 5, 5, 5, 5, 4, 4, 4, 4, 3, 3, 3, 3, 2, 2, 2, 2, 2, 2, 2, 2, 1, 1, 1, 1, 0, 0, 0, 0, 0, 0, 0, 0, 0, 0, 0, 0, 0, 0, 0, 0, 0, 0, 0, 0, 0, 0, 0, 0, 0, 0], "b_turds_left": [5, 5, 5, 4, 4, 4, 4, 3, 3, 3, 3, 3, 3, 3, 3, 2, 2, 2, 2, 2, 2, 2, 2, 1, 1, 1, 1, 0, 0, 0, 0, 0, 0, 0, 0, 0, 0, 0, 0, 0, 0, 0, 0, 0, 0, 0, 0, 0, 0, 0, 0, 0, 0, 0, 0, 0, 0, 0, 0, 0, 0, 0, 0, 0, 0, 0, 0, 0, 0, 0, 0, 0, 0, 0, 0, 0, 0, 0, 0, 0], "a_time_left": [359.9998909999995, 359.9998909999995, 356.79889090000506, 356.79889090000506, 356.79858930000773, 356.79858930000773, 353.59684830000333, 353.59684830000333, 353.59659520000423, 353.59659520000423, 350.39606930000446, 350.39606930000446, 350.3958247000046, 350.3958247000046, 350.3955703000029, 350.3955703000029, 347.194362000002, 347.194362000002, 343.9940834000008, 343.9940834000008, 343.9938198000018, 343.9938198000018, 338.3930110000001, 338.3930110000001, 338.39274339999974, 338.39274339999974, 332.79139650000434, 332.79139650000434, 332.79106040000624, 332.79106040000624, 332.790748600004, 332.790748600004, 332.6189625000043, 332.6189625000043, 332.5897344000041, 332.5897344000041, 332.57631820000825, 332.57631820000825, 332.5630047000086, 332.5630047000086, 332.5622812000074, 332.5622812000074, 332.5580665000016, 332.5580665000016, 332.5576138000033, 332.5576138000033, 332.5571148000017, 332.5571148000017, 332.5566938000047, 332.5566938000047, 332.54973290000635, 332.54973290000635, 332.5479533000107, 332.5479533000107, 332.4055617000122, 332.4055617000122, 332.40521020001324, 332.40521020001324, 332.4038455000118, 332.4038455000118, 332.4034501000133, 332.4034501000133, 332.4006119000114, 332.4006119000114, 332.3999007000093, 332.3999007000093, 332.3994717000096, 332.3994717000096, 332.3969764000067, 332.3969764000067, 332.3957752999995, 332.3957752999995, 332.39468769999803, 332.39468769999803, 332.39442489999783, 332.39442489999783, 332.3941849999974, 332.3941849999974, 332.39308439999877, 332.39308439999877], "b_time_left": [360, 359.99851659999695, 359.99851659999695, 349.9974341999914, 349.9974341999914, 339.9689604999876, 339.9689604999876, 329.96860069998365, 329.96860069998365, 319.954602599988, 319.954602599988, 309.94951759999094, 309.94951759999094, 299.949200199997, 299.949200199997, 289.948564600003, 289.948564600003, 279.9467408000055, 279.9467408000055, 269.9441691000029, 269.9441691000029, 259.9408605999997, 259.9408605999997, 249.92983359999926, 249.92983359999926, 239.93001599999843, 239.93001599999843, 229.93001430000004, 229.93001430000004, 229.50447809999605, 229.50447809999605, 219.50371579999774, 219.50371579999774, 219.29373990000022, 219.29373990000022, 209.59269069999573, 209.59269069999573, 199.59116509999876, 199.59116509999876, 189.59130619999632, 189.59130619999632, 179.59162449999712, 179.59162449999712, 179.49373869999545, 179.49373869999545, 179.2564335999923, 179.2564335999923, 178.59751459999097, 178.59751459999097, 178.5855897999936, 178.5855897999936, 168.58602089999476, 168.58602089999476, 158.58492199999455, 158.58492199999455, 158.51446239998768, 158.51446239998768, 148.51435069998843, 148.51435069998843, 138.5133633999867, 138.5133633999867, 138.23623039998347, 138.23623039998347, 138.23568129998603, 138.23568129998603, 137.38403939998534, 137.38403939998534, 137.26641929998732, 137.26641929998732, 136.74490349998086, 136.74490349998086, 136.70013129998551, 136.70013129998551, 136.58867669999017, 136.58867669999017, 136.53632389999257, 136.53632389999257, 136.26730979998683, 136.26730979998683, 136.22310639998614], "a_moves_left": [39, 39, 38, 38, 37, 37, 36, 36, 35, 35, 34, 34, 33, 33, 32, 32, 31, 31, 30, 30, 29, 29, 28, 28, 27, 27, 26, 26, 25, 25, 24, 24, 23, 23, 22, 22, 21, 21, 20, 20, 19, 19, 18, 18, 17, 17, 16, 16, 15, 15, 14, 14, 13, 13, 12, 12, 11, 11, 10, 10, 9, 9, 8, 8, 7, 7, 6, 6, 5, 5, 4, 4, 3, 3, 2, 2, 1, 1, 0, 0], "b_moves_left": [40, 39, 39, 38, 38, 37, 37, 36, 36, 35, 35, 34, 34, 33, 33, 32, 32, 31, 31, 30, 30, 29, 29, 28, 28, 27, 27, 26, 26, 25, 25, 24, 24, 23, 23, 22, 22, 21, 21, 20, 20, 19, 19, 18, 18, 17, 17, 16, 16, 15, 15, 14, 14, 13, 13, 12, 12, 11, 11, 10, 10, 9, 9, 8, 8, 7, 7, 6, 6, 5, 5, 4, 4, 3, 3, 2, 2, 1, 1, 0], "trapdoor_triggered": [0, 0, 0, 0, 0, 0, 0, 0, 0, 0, 0, 0, 0, 0, 0, 0, 0, 0, 0, 0, 0, 0, 0, 0, 0, 0, 0, 0, 0, 0, 0, 0, 0, 0, 0, 0, 0, 0, 0, 0, 0, 0, 0, 0, 0, 0, 0, 0, 0, 0, 0, 0, 0, 0, 0, 0, 0, 0, 0, 0, 1, 0, 0, 0, 0, 0, 0, 0, 0, 0, 1, 0, 0, 0, 0, 0, 0, 0, 0, 0], "left_behind": ["egg", "egg", "plain", "turd", "egg", "egg", "plain", "turd", "egg", "egg", "plain", "plain", "egg", "egg", "plain", "turd", "plain", "egg", "plain", "plain", "egg", "egg", "plain", "turd", "egg", "egg", "plain", "turd", "egg", "egg", "plain", "plain", "plain", "egg", "turd", "plain", "plain", "egg", "turd", "plain", "egg", "egg", "turd", "plain", "egg", "plain", "plain", "plain", "plain", "egg", "turd", "plain", "plain", "egg", "turd", "plain", "egg", "egg", "plain", "plain", "egg", "egg", "plain", "plain", "plain", "egg", "plain", "plain", "plain", "plain", "plain", "plain", "plain", "plain", "plain", "plain", "plain", "egg", "plain", "plain"], "errlog_a": "", "errlog_b": "", "start_time": 360, "start_moves": 40, "turn_count": 80, "result": 1, "reason": "EGGS_LAID", "trapdoors": [[2, 2], [5, 2]], "spawn_a": [7, 3], "spawn_b": [0, 3]}