{"pos": [[0, 1], [6, 2], [1, 1], [6, 1], [1, 0], [7, 1], [2, 0], [7, 0], [2, 1], [6, 0], [2, 2], [5, 0], [2, 1], [5, 1], [3, 1], [4, 1], [3, 0], [4, 0], [3, 1], [3, 0], [3, 2], [4, 0], [3, 3], [5, 0], [3, 2], [6, 0], [4, 2], [7, 0], [4, 3], [7, 1], [0, 2], [6, 1], [0, 3], [6, 0], [0, 4], [5, 0], [0, 3], [4, 0], [1, 3], [3, 0], [1, 2], [4, 0], [1, 1], [5, 0], [0, 1], [6, 0], [0, 0], [7, 0], [1, 0], [7, 1], [1, 1], [6, 1], [1, 2], [6, 0], [1, 1], [5, 0], [1, 0], [5, 1], [1, 1], [5, 2], [1, 2], [5, 3], [1, 1], [6, 3], [0, 1], [6, 4], [0, 0], [6, 5], [1, 0], [6, 6], [1, 1], [5, 6], [1, 0], [4, 6], [1, 1], [4, 7]], "a_eggs_laid": [1, 1, 1, 1, 2, 2, 2, 2, 3, 3, 3, 3, 4, 4, 4, 4, 5, 5, 5, 5, 5, 5, 5, 5, 6, 6, 6, 6, 7, 7, 7, 7, 7, 7, 7, 7, 8, 8, 8, 8, 9, 9, 9, 9, 9, 9, 9, 9, 12, 12, 12, 12, 12, 12, 12, 12, 12, 12, 12, 12, 12, 12, 12, 12, 12, 12, 12, 12, 12, 12, 12, 12, 12, 12, 12, 12], "b_eggs_laid": [0, 1, 1, 1, 1, 2, 2, 2, 2, 5, 5, 5, 5, 6, 6, 6, 6, 7, 7, 7, 7, 8, 8, 8, 8, 8, 8, 8, 8, 8, 8, 12, 12, 12, 12, 12, 12, 12, 12, 12, 12, 12, 12, 12, 12, 12, 12, 12, 12, 12, 12, 12, 12, 12, 12, 12, 12, 12, 12, 12, 12, 13, 13, 13, 13, 14, 14, 14, 14, 15, 15, 15, 15, 16, 16, 16], "a_turds_left": [5, 5, 5, 5, 5, 5, 5, 5, 5, 5, 5, 5, 5, 5, 4, 4, 4, 4, 4, 4, 4, 4, 3, 3, 3, 3, 3, 3, 3, 3, 3, 3, 3, 3, 3, 3, 3, 3, 3, 3, 3, 3, 3, 3, 3, 3, 3, 3, 3, 3, 3, 3, 3, 3, 3, 3, 3, 3, 3, 3, 3, 3, 2, 2, 2, 2, 1, 1, 1, 1, 1, 1, 1, 1, 1, 1], "b_turds_left": [5, 5, 5, 4, 4, 4, 4, 3, 3, 3, 3, 3, 3, 3, 3, 2, 2, 2, 2, 2, 2, 2, 2, 2, 2, 2, 2, 2, 2, 2, 2, 2, 2, 2, 2, 2, 2, 2, 2, 2, 2, 2, 2, 2, 2, 2, 2, 2, 2, 2, 2, 2, 2, 2, 2, 2, 2, 2, 2, 2, 2, 2, 2, 1, 1, 1, 1, 0, 0, 0, 0, 0, 0, 0, 0, 0], "a_time_left": [359.99897009999404, 359.99897009999404, 357.87265249999473, 357.87265249999473, 357.87202169999364, 357.87202169999364, 355.74626679999346, 355.74626679999346, 355.7455070999931, 355.7455070999931, 353.6193767999939, 353.6193767999939, 353.6183460999964, 353.6183460999964, 351.4925269999949, 351.4925269999949, 351.4918356999988, 351.4918356999988, 351.48983990000124, 351.48983990000124, 351.48445309999806, 351.48445309999806, 347.23305529999925, 347.23305529999925, 347.2323460999978, 347.2323460999978, 342.981182800002, 342.981182800002, 342.9801443000033, 342.9801443000033, 338.7294158000004, 338.7294158000004, 334.47860769999534, 334.47860769999534, 330.2279880999922, 330.2279880999922, 330.22703809999075, 330.22703809999075, 325.9757932999855, 325.9757932999855, 325.97449919998326, 325.97449919998326, 325.97320649998437, 325.97320649998437, 321.72143769998365, 321.72143769998365, 317.4708391999811, 317.4708391999811, 317.4698291999812, 317.4698291999812, 317.46881659998326, 317.46881659998326, 314.0659534999868, 314.0659534999868, 314.06530869998824, 314.06530869998824, 310.66414679998707, 310.66414679998707, 310.6632610999877, 310.6632610999877, 307.2620957999825, 307.2620957999825, 307.26152789998014, 307.26152789998014, 303.8596582999817, 303.8596582999817, 303.8590846999796, 303.8590846999796, 298.75840089997655, 298.75840089997655, 298.75759409998136, 298.75759409998136, 293.6566910999827, 293.6566910999827, 293.65613319998374, 293.65613319998374], "b_time_left": [360, 359.9987626000002, 359.9987626000002, 349.9979733, 349.9979733, 339.9913172000015, 339.9913172000015, 330.7582156000062, 330.7582156000062, 320.7552372000064, 320.7552372000064, 310.6730210000096, 310.6730210000096, 300.6722867000135, 300.6722867000135, 290.67164630001207, 290.67164630001207, 290.48302850001346, 290.48302850001346, 280.4816383000143, 280.4816383000143, 270.98105320001196, 270.98105320001196, 270.94444410001597, 270.94444410001597, 270.77502350001305, 270.77502350001305, 270.7711701000153, 270.7711701000153, 270.55370370001765, 270.55370370001765, 270.5125974000184, 270.5125974000184, 270.28133270001854, 270.28133270001854, 270.2760123000189, 270.2760123000189, 270.00296400002117, 270.00296400002117, 269.9977529000171, 269.9977529000171, 269.9064915000199, 269.9064915000199, 269.85177000002295, 269.85177000002295, 269.66817490001995, 269.66817490001995, 269.66545690002386, 269.66545690002386, 269.60813170002075, 269.60813170002075, 269.5620813000205, 269.5620813000205, 269.50491170001624, 269.50491170001624, 269.46336100001645, 269.46336100001645, 269.3871585000161, 269.3871585000161, 268.9971706000142, 268.9971706000142, 268.97382930001186, 268.97382930001186, 268.2587806000083, 268.2587806000083, 268.2538965000058, 268.2538965000058, 266.8520445000031, 266.8520445000031, 266.8467119000052, 266.8467119000052, 265.92458000000624, 265.92458000000624, 265.91781980000815, 265.91781980000815, 265.2524722000089], "a_moves_left": [39, 39, 38, 38, 37, 37, 36, 36, 35, 35, 34, 34, 33, 33, 32, 32, 31, 31, 30, 30, 29, 29, 28, 28, 27, 27, 26, 26, 25, 25, 24, 24, 23, 23, 22, 22, 21, 21, 20, 20, 19, 19, 18, 18, 17, 17, 16, 16, 15, 15, 14, 14, 13, 13, 12, 12, 11, 11, 10, 10, 9, 9, 8, 8, 7, 7, 6, 6, 5, 5, 4, 4, 3, 3, 2, 2], "b_moves_left": [40, 39, 39, 38, 38, 37, 37, 36, 36, 35, 35, 34, 34, 33, 33, 32, 32, 31, 31, 30, 30, 29, 29, 28, 28, 27, 27, 26, 26, 25, 25, 24, 24, 23, 23, 22, 22, 21, 21, 20, 20, 19, 19, 18, 18, 17, 17, 16, 16, 15, 15, 14, 14, 13, 13, 12, 12, 11, 11, 10, 10, 9, 9, 8, 8, 7, 7, 6, 6, 5, 5, 4, 4, 3, 3, 2], "trapdoor_triggered": [0, 0, 0, 0, 0, 0, 0, 0, 0, 0, 0, 0, 0, 0, 0, 0, 0, 0, 0, 0, 0, 0, 0, 0, 0, 0, 0, 0, 0, 0, 1, 0, 0, 0, 0, 0, 0, 0, 0, 0, 0, 0, 0, 0, 0, 0, 0, 0, 0, 0, 0, 0, 0, 0, 0, 0, 0, 0, 0, 0, 0, 0, 0, 0, 0, 0, 0, 0, 0, 0, 0, 0, 0, 0, 0, 0], "left_behind": ["egg", "egg", "plain", "turd", "egg", "egg", "plain", "turd", "egg", "egg", "plain", "plain", "egg", "egg", "turd", "turd", "egg", "egg", "plain", "plain", "plain", "egg", "turd", "plain", "egg", "plain", "plain", "plain", "egg", "plain", "plain", "plain", "plain", "plain", "plain", "plain", "egg", "plain", "plain", "plain", "egg", "plain", "plain", "plain", "plain", "plain", "plain", "plain", "egg", "plain", "plain", "plain", "plain", "plain", "plain", "plain", "plain", "plain", "plain", "plain", "plain", "egg", "turd", "turd", "plain", "egg", "turd", "turd", "plain", "egg", "plain", "plain", "plain", "egg", "plain", "plain"], "errlog_a": "Timeout", "errlog_b": "", "start_time": 360, "start_moves": 40, "turn_count": 76, "result": 1, "reason": "CODE_CRASH", "trapdoors": [[4, 4], [3, 4]], "spawn_a": [0, 2], "spawn_b": [7, 2]}