{"pos": [[6, 3], [1, 3], [5, 3], [1, 2], [4, 3], [1, 1], [4, 4], [2, 1], [7, 3], [2, 2], [7, 2], [2, 3], [6, 2], [3, 3], [5, 2], [0, 3], [4, 2], [0, 4], [4, 1], [0, 5], [3, 1], [0, 6], [3, 0], [0, 7], [2, 0], [1, 7], [3, 0], [2, 7], [4, 0], [2, 6], [5, 0], [3, 6], [5, 1], [4, 6], [6, 1], [5, 6], [6, 0], [5, 7], [7, 0], [6, 7], [7, 1], [6, 6], [7, 2], [7, 6], [7, 1], [7, 5], [6, 1], [6, 5], [6, 0], [6, 4], [5, 0], [7, 4], [5, 1], [6, 4], [5, 2], [6, 3], [5, 3], [6, 4], [5, 4], [6, 3], [5, 5]], "a_eggs_laid": [1, 1, 1, 1, 2, 2, 2, 2, 3, 3, 3, 3, 3, 3, 4, 4, 8, 8, 9, 9, 9, 9, 10, 10, 10, 10, 11, 11, 11, 11, 12, 12, 12, 12, 13, 13, 13, 13, 14, 14, 14, 14, 15, 15, 15, 15, 15, 15, 15, 15, 15, 15, 15, 15, 15, 15, 15, 15, 15, 15, 20], "b_eggs_laid": [0, 1, 1, 1, 1, 2, 2, 2, 2, 7, 7, 7, 7, 8, 8, 8, 8, 8, 8, 8, 8, 9, 9, 9, 9, 12, 12, 12, 12, 13, 13, 13, 13, 14, 14, 14, 14, 15, 15, 15, 15, 16, 16, 16, 16, 17, 17, 17, 17, 18, 18, 18, 18, 19, 19, 19, 19, 20, 20, 20, 20], "a_turds_left": [5, 5, 5, 5, 5, 5, 5, 5, 5, 5, 5, 5, 5, 5, 5, 5, 5, 5, 5, 5, 5, 5, 5, 5, 5, 5, 5, 5, 5, 5, 5, 5, 5, 5, 5, 5, 5, 5, 5, 5, 5, 5, 5, 5, 5, 5, 5, 5, 5, 5, 5, 5, 5, 5, 5, 5, 4, 4, 4, 4, 3], "b_turds_left": [5, 5, 5, 4, 4, 4, 4, 3, 3, 3, 3, 2, 2, 2, 2, 1, 1, 1, 1, 1, 1, 1, 1, 1, 1, 1, 1, 1, 1, 1, 1, 1, 1, 1, 1, 1, 1, 1, 1, 1, 1, 1, 1, 0, 0, 0, 0, 0, 0, 0, 0, 0, 0, 0, 0, 0, 0, 0, 0, 0, 0], "a_time_left": [357.44788060000064, 357.44788060000064, 354.89720229999875, 354.89720229999875, 352.34598149999874, 352.34598149999874, 349.79410559999815, 349.79410559999815, 347.24298989999807, 347.24298989999807, 344.6891355999978, 344.6891355999978, 342.13642109999637, 342.13642109999637, 339.58309189999636, 339.58309189999636, 337.0315004999975, 337.0315004999975, 334.47869269999865, 334.47869269999865, 330.2268140999986, 330.2268140999986, 325.9731057999961, 325.9731057999961, 321.7194544999984, 321.7194544999984, 317.46661839999797, 317.46661839999797, 313.2129748999978, 313.2129748999978, 308.95894789999875, 308.95894789999875, 304.706307299999, 304.706307299999, 300.4530203999966, 300.4530203999966, 296.20041439999477, 296.20041439999477, 291.9472863999945, 291.9472863999945, 287.69548639999266, 287.69548639999266, 283.4435759999942, 283.4435759999942, 283.4428034999946, 283.4428034999946, 279.19143869999243, 279.19143869999243, 279.190466299995, 279.190466299995, 273.23901609999666, 273.23901609999666, 273.2371626999993, 273.2371626999993, 267.2856900000006, 267.2856900000006, 267.2846907999992, 267.2846907999992, 267.28345900000204, 267.28345900000204, 267.280201900001], "b_time_left": [360, 359.99931020000076, 359.99931020000076, 349.9938739999998, 349.9938739999998, 339.9930338000013, 339.9930338000013, 329.98814900000434, 329.98814900000434, 319.9866561000017, 319.9866561000017, 309.97597719999976, 309.97597719999976, 299.9184678999991, 299.9184678999991, 289.91332129999864, 289.91332129999864, 279.90817609999795, 279.90817609999795, 269.89910899999813, 269.89910899999813, 259.8827601999983, 259.8827601999983, 249.87910120000015, 249.87910120000015, 239.9752417000018, 239.9752417000018, 229.97084570000152, 229.97084570000152, 219.966919100003, 219.966919100003, 209.96103020000373, 209.96103020000373, 199.95112580000205, 199.95112580000205, 189.95037830000365, 189.95037830000365, 179.94943690000582, 179.94943690000582, 170.41111950000777, 170.41111950000777, 160.41071960000772, 160.41071960000772, 160.15203030000703, 160.15203030000703, 159.55402870000762, 159.55402870000762, 159.5322620000079, 159.5322620000079, 158.71514220000608, 158.71514220000608, 158.70435630000793, 158.70435630000793, 158.22693990000698, 158.22693990000698, 158.226522200006, 158.226522200006, 148.9848627000065, 148.9848627000065, 148.98449980000805, 148.98449980000805], "a_moves_left": [39, 39, 38, 38, 37, 37, 36, 36, 35, 35, 34, 34, 33, 33, 32, 32, 31, 31, 30, 30, 29, 29, 28, 28, 27, 27, 26, 26, 25, 25, 24, 24, 23, 23, 22, 22, 21, 21, 20, 20, 19, 19, 18, 18, 17, 17, 16, 16, 15, 15, 14, 14, 13, 13, 12, 12, 11, 11, 10, 10, 9], "b_moves_left": [40, 39, 39, 38, 38, 37, 37, 36, 36, 35, 35, 34, 34, 33, 33, 32, 32, 31, 31, 30, 30, 29, 29, 28, 28, 27, 27, 26, 26, 25, 25, 24, 24, 23, 23, 22, 22, 21, 21, 20, 20, 19, 19, 18, 18, 17, 17, 16, 16, 15, 15, 14, 14, 13, 13, 12, 12, 11, 11, 10, 10], "trapdoor_triggered": [0, 0, 0, 0, 0, 0, 0, 0, 1, 0, 0, 0, 0, 0, 0, 1, 0, 0, 0, 0, 0, 0, 0, 0, 0, 0, 0, 0, 0, 0, 0, 0, 0, 0, 0, 0, 0, 0, 0, 0, 0, 0, 0, 0, 0, 0, 0, 0, 0, 0, 0, 0, 0, 0, 0, 0, 0, 0, 0, 0, 0], "left_behind": ["egg", "egg", "plain", "turd", "egg", "egg", "plain", "turd", "egg", "egg", "plain", "turd", "plain", "egg", "egg", "turd", "plain", "plain", "egg", "plain", "plain", "egg", "egg", "plain", "plain", "egg", "egg", "plain", "plain", "egg", "egg", "plain", "plain", "egg", "egg", "plain", "plain", "egg", "egg", "plain", "plain", "egg", "egg", "turd", "plain", "egg", "plain", "plain", "plain", "egg", "plain", "plain", "plain", "egg", "plain", "plain", "turd", "egg", "plain", "plain", "turd"], "errlog_a": "", "errlog_b": "", "start_time": 360, "start_moves": 40, "turn_count": 61, "result": 2, "reason": "BLOCKING_END", "trapdoors": [[3, 5], [3, 4]], "spawn_a": [7, 3], "spawn_b": [0, 3]}