{"pos": [[0, 3], [6, 4], [0, 4], [5, 4], [0, 5], [5, 5], [0, 4], [5, 4], [1, 4], [5, 3], [1, 5], [6, 3], [1, 6], [6, 2], [2, 6], [5, 2], [2, 5], [5, 1], [1, 5], [6, 1], [1, 4], [7, 1], [1, 3], [7, 2], [1, 2], [7, 3], [0, 2], [7, 4], [0, 1], [7, 5], [1, 1], [6, 5], [1, 2], [5, 5], [2, 2], [5, 6], [2, 3], [5, 7], [2, 4], [4, 7], [0, 4], [3, 7], [0, 5], [2, 7], [0, 6], [1, 7], [1, 6], [0, 7], [1, 7]], "a_eggs_laid": [0, 0, 0, 0, 0, 0, 0, 0, 0, 0, 0, 0, 0, 0, 0, 0, 1, 1, 1, 1, 2, 2, 2, 2, 3, 3, 3, 3, 4, 4, 4, 4, 5, 5, 5, 5, 6, 6, 6, 6, 6, 6, 7, 7, 7, 7, 8, 8, 13], "b_eggs_laid": [0, 0, 0, 0, 0, 0, 0, 0, 0, 1, 1, 1, 1, 2, 2, 2, 2, 3, 3, 3, 3, 4, 4, 4, 4, 4, 4, 4, 4, 5, 5, 5, 5, 5, 5, 5, 5, 6, 6, 6, 6, 10, 10, 10, 10, 11, 11, 11, 11], "a_turds_left": [5, 5, 4, 4, 4, 4, 4, 4, 4, 4, 4, 4, 4, 4, 4, 4, 4, 4, 3, 3, 3, 3, 3, 3, 3, 3, 3, 3, 3, 3, 3, 3, 3, 3, 2, 2, 2, 2, 1, 1, 1, 1, 1, 1, 0, 0, 0, 0, 0], "b_turds_left": [5, 5, 5, 4, 4, 4, 4, 4, 4, 4, 4, 4, 4, 4, 4, 3, 3, 3, 3, 2, 2, 2, 2, 2, 2, 2, 2, 1, 1, 1, 1, 0, 0, 0, 0, 0, 0, 0, 0, 0, 0, 0, 0, 0, 0, 0, 0, 0, 0], "a_time_left": [356.57514399988577, 356.57514399988577, 353.16914790007286, 353.16914790007286, 349.7567474001553, 349.7567474001553, 346.3492583001498, 346.3492583001498, 342.94753480004147, 342.94753480004147, 339.5420091000851, 339.5420091000851, 336.13898300006986, 336.13898300006986, 332.7348484999966, 332.7348484999966, 329.328353599878, 329.328353599878, 325.88530209986493, 325.88530209986493, 320.78487770003267, 320.78487770003267, 315.6559799001552, 315.6559799001552, 310.54570650006644, 310.54570650006644, 305.4443749000784, 305.4443749000784, 300.3426052001305, 300.3426052001305, 295.2413342001382, 295.2413342001382, 290.1380837003235, 290.1380837003235, 285.03271330031566, 285.03271330031566, 279.90696310042404, 279.90696310042404, 274.805036400212, 274.805036400212, 269.68971640011296, 269.68971640011296, 264.5885274002794, 264.5885274002794, 259.4856004002504, 259.4856004002504, 259.47674380033277, 259.47674380033277, 259.47592550027184], "b_time_left": [360, 356.5950287000742, 356.5950287000742, 353.1872515999712, 353.1872515999712, 349.7776262999978, 349.7776262999978, 346.3742955001071, 346.3742955001071, 342.9687095999252, 342.9687095999252, 339.56375489989296, 339.56375489989296, 336.1527123998385, 336.1527123998385, 332.7349246998783, 332.7349246998783, 329.3197457997594, 329.3197457997594, 325.9185029999353, 325.9185029999353, 320.8135154999327, 320.8135154999327, 315.710883700056, 315.710883700056, 310.6099221999757, 310.6099221999757, 305.49655179982074, 305.49655179982074, 300.39564689970575, 300.39564689970575, 295.2942902997602, 295.2942902997602, 290.19299229979515, 290.19299229979515, 285.06445889989845, 285.06445889989845, 279.9635224000085, 279.9635224000085, 274.8525010999292, 274.8525010999292, 269.7403857000172, 269.7403857000172, 264.639065500116, 264.639065500116, 259.5250225001946, 259.5250225001946, 259.5231840002816, 259.5231840002816], "a_moves_left": [39, 39, 38, 38, 37, 37, 36, 36, 35, 35, 34, 34, 33, 33, 32, 32, 31, 31, 30, 30, 29, 29, 28, 28, 27, 27, 26, 26, 25, 25, 24, 24, 23, 23, 22, 22, 21, 21, 20, 20, 19, 19, 18, 18, 17, 17, 16, 16, 15], "b_moves_left": [40, 39, 39, 38, 38, 37, 37, 36, 36, 35, 35, 34, 34, 33, 33, 32, 32, 31, 31, 30, 30, 29, 29, 28, 28, 27, 27, 26, 26, 25, 25, 24, 24, 23, 23, 22, 22, 21, 21, 20, 20, 19, 19, 18, 18, 17, 17, 16, 16], "trapdoor_triggered": [0, 0, 0, 0, 0, 0, 0, 0, 0, 0, 0, 0, 0, 0, 0, 0, 0, 0, 0, 0, 0, 0, 0, 0, 0, 0, 0, 0, 0, 0, 0, 0, 0, 0, 0, 0, 0, 0, 0, 0, 1, 0, 0, 0, 0, 0, 0, 0, 0], "left_behind": ["plain", "plain", "turd", "turd", "plain", "plain", "plain", "plain", "plain", "egg", "plain", "plain", "plain", "egg", "plain", "turd", "egg", "egg", "turd", "turd", "egg", "egg", "plain", "plain", "egg", "plain", "plain", "turd", "egg", "egg", "plain", "turd", "egg", "plain", "turd", "plain", "egg", "egg", "turd", "plain", "plain", "plain", "egg", "plain", "turd", "egg", "egg", "plain", "plain"], "errlog_a": "", "errlog_b": "", "start_time": 360, "start_moves": 40, "turn_count": 49, "result": 0, "reason": "BLOCKING_END", "trapdoors": [[4, 2], [3, 4]], "spawn_a": [0, 4], "spawn_b": [7, 4]}