{"pos": [[0, 3], [7, 5], [0, 2], [6, 5], [0, 3], [7, 5], [0, 4], [7, 6], [1, 4], [6, 6], [2, 4], [5, 6], [3, 4], [5, 5], [4, 4], [5, 4], [0, 4], [5, 3], [1, 4], [5, 2], [1, 3], [5, 1], [1, 2], [5, 0], [2, 2], [6, 0], [2, 1], [7, 0], [1, 1], [7, 1], [1, 0], [7, 2], [2, 0], [7, 3], [2, 1], [6, 3], [3, 1], [5, 3], [3, 2], [5, 2], [4, 2], [6, 2], [0, 4], [6, 1], [1, 4], [7, 1], [1, 5], [7, 2], [1, 6], [6, 2], [1, 7], [5, 2], [2, 7], [5, 3], [2, 6], [7, 4], [3, 6], [6, 4], [4, 6], [7, 4], [4, 7], [7, 3], [5, 7], [7, 2], [6, 7], [7, 1], [7, 7], [7, 0], [6, 7], [6, 0], [6, 0]], "a_eggs_laid": [0, 0, 0, 0, 1, 1, 1, 1, 2, 2, 2, 2, 3, 3, 3, 3, 4, 4, 4, 4, 4, 4, 5, 5, 5, 5, 6, 6, 6, 6, 7, 7, 7, 7, 8, 8, 8, 8, 9, 9, 9, 9, 10, 10, 10, 10, 10, 10, 11, 11, 11, 11, 12, 12, 12, 12, 16, 16, 16, 16, 17, 17, 17, 17, 17, 17, 17, 17, 20, 20, 20], "b_eggs_laid": [0, 0, 0, 0, 0, 1, 1, 1, 1, 1, 1, 1, 1, 1, 1, 1, 1, 6, 6, 6, 6, 6, 6, 6, 6, 7, 7, 7, 7, 10, 10, 10, 10, 10, 10, 10, 10, 11, 11, 11, 11, 11, 11, 15, 15, 16, 16, 16, 16, 17, 17, 17, 17, 18, 18, 18, 18, 18, 18, 18, 18, 19, 19, 19, 19, 19, 19, 19, 19, 19, 19], "a_turds_left": [5, 5, 5, 5, 5, 5, 4, 4, 4, 4, 4, 4, 4, 4, 4, 4, 4, 4, 4, 4, 4, 4, 4, 4, 3, 3, 3, 3, 3, 3, 3, 3, 2, 2, 2, 2, 2, 2, 2, 2, 2, 2, 2, 2, 2, 2, 1, 1, 1, 1, 0, 0, 0, 0, 0, 0, 0, 0, 0, 0, 0, 0, 0, 0, 0, 0, 0, 0, 0, 0, 0], "b_turds_left": [5, 5, 5, 5, 5, 5, 5, 4, 4, 4, 4, 4, 4, 4, 4, 3, 3, 3, 3, 3, 3, 3, 3, 2, 2, 2, 2, 1, 1, 1, 1, 1, 1, 1, 1, 0, 0, 0, 0, 0, 0, 0, 0, 0, 0, 0, 0, 0, 0, 0, 0, 0, 0, 0, 0, 0, 0, 0, 0, 0, 0, 0, 0, 0, 0, 0, 0, 0, 0, 0, 0], "a_time_left": [356.5852125000674, 356.5852125000674, 353.1775320000015, 353.1775320000015, 349.76841539982706, 349.76841539982706, 346.36290509975515, 346.36290509975515, 342.95946929976344, 342.95946929976344, 339.53062909981236, 339.53062909981236, 336.1203500998672, 336.1203500998672, 332.7099056998268, 332.7099056998268, 332.70598659990355, 332.70598659990355, 329.3020548997447, 329.3020548997447, 324.18629149976186, 324.18629149976186, 319.0845787997823, 319.0845787997823, 313.9778332996648, 313.9778332996648, 308.87721499963664, 308.87721499963664, 303.7670687995851, 303.7670687995851, 298.6659739995375, 298.6659739995375, 293.5557016993407, 293.5557016993407, 288.45431239926256, 288.45431239926256, 283.34441449912265, 283.34441449912265, 278.2431618992705, 278.2431618992705, 278.2393165992107, 278.2393165992107, 278.23320459900424, 278.23320459900424, 273.1323653990403, 273.1323653990403, 268.03136209910735, 268.03136209910735, 262.93028439907357, 262.93028439907357, 256.12954399921, 256.12954399921, 249.3286061992403, 249.3286061992403, 242.52725849929266, 242.52725849929266, 235.7259060991928, 235.7259060991928, 228.92413589917123, 228.92413589917123, 222.1229937991593, 222.1229937991593, 215.32187219918706, 215.32187219918706, 208.5203560993541, 208.5203560993541, 201.71884379931726, 201.71884379931726, 194.91770659922622, 194.91770659922622, 188.11626829905435], "b_time_left": [360, 356.57905020006, 356.57905020006, 353.16868270002306, 353.16868270002306, 349.7456479999237, 349.7456479999237, 346.34054400003515, 346.34054400003515, 342.88926499988884, 342.88926499988884, 339.46590829989873, 339.46590829989873, 336.0646160999313, 336.0646160999313, 336.04957179981284, 336.04957179981284, 332.636780699715, 332.636780699715, 329.2247309999075, 329.2247309999075, 324.12307420000434, 324.12307420000434, 319.0197044000961, 319.0197044000961, 313.917885000119, 313.917885000119, 308.81580570014194, 308.81580570014194, 303.7074152000714, 303.7074152000714, 298.5958145002369, 298.5958145002369, 293.48889950010926, 293.48889950010926, 288.386335400166, 288.386335400166, 283.2795573002659, 283.2795573002659, 278.1788512002677, 278.1788512002677, 278.17372400010936, 278.17372400010936, 273.06544989999384, 273.06544989999384, 267.9646528000012, 267.9646528000012, 262.86068499996327, 262.86068499996327, 257.7597127999179, 257.7597127999179, 250.9550984997768, 250.9550984997768, 244.15443459968083, 244.15443459968083, 237.3450649997685, 237.3450649997685, 230.54420159966685, 230.54420159966685, 223.7414114996791, 223.7414114996791, 216.9404265997, 216.9404265997, 216.93945859954692, 216.93945859954692, 210.13826459948905, 210.13826459948905, 210.13761499966495, 210.13761499966495, 203.33590259961784, 203.33590259961784], "a_moves_left": [39, 39, 38, 38, 37, 37, 36, 36, 35, 35, 34, 34, 33, 33, 32, 32, 31, 31, 30, 30, 29, 29, 28, 28, 27, 27, 26, 26, 25, 25, 24, 24, 23, 23, 22, 22, 21, 21, 20, 20, 19, 19, 18, 18, 17, 17, 16, 16, 15, 15, 14, 14, 13, 13, 12, 12, 11, 11, 10, 10, 9, 9, 8, 8, 7, 7, 6, 6, 5, 5, 4], "b_moves_left": [40, 39, 39, 38, 38, 37, 37, 36, 36, 35, 35, 34, 34, 33, 33, 32, 32, 31, 31, 30, 30, 29, 29, 28, 28, 27, 27, 26, 26, 25, 25, 24, 24, 23, 23, 22, 22, 21, 21, 20, 20, 19, 19, 18, 18, 17, 17, 16, 16, 15, 15, 14, 14, 13, 13, 12, 12, 11, 11, 10, 10, 9, 9, 8, 8, 7, 7, 6, 6, 5, 5], "trapdoor_triggered": [0, 0, 0, 0, 0, 0, 0, 0, 0, 0, 0, 0, 0, 0, 0, 0, 1, 0, 0, 0, 0, 0, 0, 0, 0, 0, 0, 0, 0, 0, 0, 0, 0, 0, 0, 0, 0, 0, 0, 0, 0, 0, 1, 0, 0, 0, 0, 0, 0, 0, 0, 0, 0, 0, 0, 1, 0, 0, 0, 0, 0, 0, 0, 0, 0, 0, 0, 0, 0, 0, 0, 0], "left_behind": ["plain", "plain", "plain", "plain", "egg", "egg", "turd", "turd", "egg", "plain", "plain", "plain", "egg", "plain", "plain", "turd", "egg", "egg", "plain", "plain", "plain", "plain", "egg", "turd", "turd", "egg", "egg", "turd", "plain", "egg", "egg", "plain", "turd", "plain", "egg", "turd", "plain", "egg", "egg", "plain", "plain", "plain", "egg", "plain", "plain", "egg", "turd", "plain", "egg", "egg", "turd", "plain", "egg", "egg", "plain", "plain", "plain", "plain", "plain", "plain", "egg", "egg", "plain", "plain", "plain", "plain", "plain", "plain", "egg", "plain", "plain"], "errlog_a": "", "errlog_b": "{moves}", "start_time": 360, "start_moves": 40, "turn_count": 71, "result": 0, "reason": "INVALID_TURN", "trapdoors": [[3, 3], [4, 3]], "spawn_a": [0, 4], "spawn_b": [7, 4]}