{"pos": [[0, 5], [7, 5], [0, 4], [7, 4], [1, 4], [6, 4], [1, 3], [6, 3], [2, 3], [5, 3], [2, 2], [5, 2], [3, 2], [4, 2], [2, 2], [4, 1], [1, 2], [3, 1], [0, 2], [3, 0], [0, 3], [2, 0], [1, 3], [3, 0], [2, 3], [3, 1], [3, 3], [3, 2], [0, 6], [4, 2], [0, 5], [3, 2], [0, 4], [4, 2], [1, 4], [3, 2], [0, 6], [3, 1], [1, 6], [4, 1], [1, 5], [4, 2], [2, 5], [3, 2], [0, 6], [4, 2], [1, 6], [3, 2], [2, 6], [4, 2], [2, 5], [7, 6], [3, 5], [6, 6], [3, 4], [6, 5], [4, 4], [5, 5], [0, 6], [5, 4], [0, 5], [5, 3], [1, 5], [5, 4], [1, 4], [5, 3], [1, 3], [5, 4], [2, 3], [5, 3], [3, 3], [7, 6], [3, 4], [7, 5], [0, 6], [6, 5], [0, 5], [5, 5], [1, 5], [5, 6]], "a_eggs_laid": [1, 1, 1, 1, 2, 2, 2, 2, 3, 3, 3, 3, 4, 4, 4, 4, 4, 4, 4, 4, 5, 5, 5, 5, 5, 5, 5, 5, 6, 6, 6, 6, 6, 6, 6, 6, 6, 6, 6, 6, 6, 6, 7, 7, 7, 7, 7, 7, 7, 7, 8, 8, 12, 12, 13, 13, 13, 13, 14, 14, 14, 14, 14, 14, 14, 14, 14, 14, 14, 14, 14, 14, 18, 18, 18, 18, 18, 18, 18, 18], "b_eggs_laid": [0, 1, 1, 1, 1, 2, 2, 2, 2, 3, 3, 3, 3, 4, 4, 4, 4, 5, 5, 5, 5, 6, 6, 6, 6, 6, 6, 6, 6, 11, 11, 11, 11, 11, 11, 11, 11, 15, 15, 15, 15, 15, 15, 15, 15, 19, 19, 19, 19, 19, 19, 19, 19, 19, 19, 19, 19, 20, 20, 24, 24, 25, 25, 25, 25, 25, 25, 25, 25, 25, 25, 25, 25, 25, 25, 29, 29, 29, 29, 29], "a_turds_left": [5, 5, 5, 5, 5, 5, 5, 5, 5, 5, 5, 5, 5, 5, 5, 5, 5, 5, 5, 5, 5, 5, 5, 5, 5, 5, 5, 5, 5, 5, 5, 5, 5, 5, 5, 5, 4, 4, 4, 4, 4, 4, 4, 4, 4, 4, 4, 4, 4, 4, 4, 4, 4, 4, 4, 4, 3, 3, 3, 3, 3, 3, 3, 3, 3, 3, 3, 3, 3, 3, 3, 3, 3, 3, 3, 3, 3, 3, 3, 3], "b_turds_left": [5, 5, 5, 5, 5, 5, 5, 5, 5, 5, 5, 5, 5, 5, 5, 5, 5, 5, 5, 5, 5, 5, 5, 5, 5, 5, 5, 5, 5, 5, 5, 5, 5, 5, 5, 5, 5, 5, 5, 5, 5, 5, 5, 5, 5, 5, 5, 5, 5, 5, 5, 5, 5, 5, 5, 5, 5, 5, 5, 5, 5, 5, 5, 5, 5, 5, 5, 5, 5, 5, 5, 5, 5, 5, 5, 5, 5, 5, 5, 5], "a_time_left": [359.9992119999988, 359.9992119999988, 356.59749759999977, 356.59749759999977, 356.59711009999955, 356.59711009999955, 353.19624920000024, 353.19624920000024, 353.1952388000009, 353.1952388000009, 349.7940542000015, 349.7940542000015, 349.79314220000015, 349.79314220000015, 349.7831817999995, 349.7831817999995, 346.38007599999946, 346.38007599999946, 342.9755354000008, 342.9755354000008, 342.9750447000006, 342.9750447000006, 342.97416110000086, 342.97416110000086, 337.87328479999996, 337.87328479999996, 332.7723690999992, 332.7723690999992, 332.76436189999913, 332.76436189999913, 327.662470199999, 327.662470199999, 322.56095900000037, 322.56095900000037, 317.4599999000002, 317.4599999000002, 312.3555748000017, 312.3555748000017, 307.2549429000028, 307.2549429000028, 302.15317530000357, 302.15317530000357, 297.05125370000314, 297.05125370000314, 291.9471468000029, 291.9471468000029, 286.8461271000033, 286.8461271000033, 281.7405917000033, 281.7405917000033, 274.93348020000303, 274.93348020000303, 268.132335600003, 268.132335600003, 261.3309019000026, 261.3309019000026, 254.53005150000172, 254.53005150000172, 254.51601950000259, 254.51601950000259, 247.7149980000031, 247.7149980000031, 247.71410280000237, 247.71410280000237, 240.9078316000032, 240.9078316000032, 234.10509050000292, 234.10509050000292, 227.30219050000414, 227.30219050000414, 220.497561400005, 220.497561400005, 213.69469190000382, 213.69469190000382, 206.89388960000542, 206.89388960000542, 200.09249640000598, 200.09249640000598, 200.09191210000608, 200.09191210000608], "b_time_left": [360, 359.99953769999956, 359.99953769999956, 356.5981594999994, 356.5981594999994, 356.59778729999925, 356.59778729999925, 353.1967726999992, 353.1967726999992, 353.19630420000067, 353.19630420000067, 349.79555099999925, 349.79555099999925, 349.7946465999994, 349.7946465999994, 349.79144579999956, 349.79144579999956, 349.7911045000001, 349.7911045000001, 346.3899762000001, 346.3899762000001, 346.3896302000012, 346.3896302000012, 341.2887963000012, 341.2887963000012, 336.1875346000015, 336.1875346000015, 336.1841432000001, 336.1841432000001, 331.0705178999997, 331.0705178999997, 325.96977100000004, 325.96977100000004, 320.86743789999855, 320.86743789999855, 315.7664988999986, 315.7664988999986, 310.66503589999775, 310.66503589999775, 305.5501383999981, 305.5501383999981, 300.43791339999916, 300.43791339999916, 295.33695259999877, 295.33695259999877, 290.23054919999777, 290.23054919999777, 285.1287003999987, 285.1287003999987, 280.0200898999974, 280.0200898999974, 273.2183580999972, 273.2183580999972, 266.41451309999684, 266.41451309999684, 259.6104385999952, 259.6104385999952, 252.80815069999517, 252.80815069999517, 246.00681669999358, 246.00681669999358, 239.20555339999373, 239.20555339999373, 232.40447979999408, 232.40447979999408, 225.5545393999946, 225.5545393999946, 218.75171349999437, 218.75171349999437, 211.94894839999506, 211.94894839999506, 211.94256109999515, 211.94256109999515, 205.14096499999505, 205.14096499999505, 205.14008519999516, 205.14008519999516, 198.33839549999539, 198.33839549999539, 191.5319982999954], "a_moves_left": [39, 39, 38, 38, 37, 37, 36, 36, 35, 35, 34, 34, 33, 33, 32, 32, 31, 31, 30, 30, 29, 29, 28, 28, 27, 27, 26, 26, 25, 25, 24, 24, 23, 23, 22, 22, 21, 21, 20, 20, 19, 19, 18, 18, 17, 17, 16, 16, 15, 15, 14, 14, 13, 13, 12, 12, 11, 11, 10, 10, 9, 9, 8, 8, 7, 7, 6, 6, 5, 5, 4, 4, 3, 3, 2, 2, 1, 1, 0, 0], "b_moves_left": [40, 39, 39, 38, 38, 37, 37, 36, 36, 35, 35, 34, 34, 33, 33, 32, 32, 31, 31, 30, 30, 29, 29, 28, 28, 27, 27, 26, 26, 25, 25, 24, 24, 23, 23, 22, 22, 21, 21, 20, 20, 19, 19, 18, 18, 17, 17, 16, 16, 15, 15, 14, 14, 13, 13, 12, 12, 11, 11, 10, 10, 9, 9, 8, 8, 7, 7, 6, 6, 5, 5, 4, 4, 3, 3, 2, 2, 1, 1, 0], "trapdoor_triggered": [0, 0, 0, 0, 0, 0, 0, 0, 0, 0, 0, 0, 0, 0, 0, 0, 0, 0, 0, 0, 0, 0, 0, 0, 0, 0, 0, 0, 1, 0, 0, 0, 0, 0, 0, 0, 1, 0, 0, 0, 0, 0, 0, 0, 1, 0, 0, 0, 0, 0, 0, 1, 0, 0, 0, 0, 0, 0, 1, 0, 0, 0, 0, 0, 0, 0, 0, 0, 0, 0, 0, 1, 0, 0, 1, 0, 0, 0, 0, 0], "left_behind": ["egg", "egg", "plain", "plain", "egg", "egg", "plain", "plain", "egg", "egg", "plain", "plain", "egg", "egg", "plain", "plain", "plain", "egg", "plain", "plain", "egg", "egg", "plain", "plain", "plain", "plain", "plain", "plain", "egg", "egg", "plain", "plain", "plain", "plain", "plain", "plain", "turd", "plain", "plain", "plain", "plain", "plain", "egg", "plain", "plain", "plain", "plain", "plain", "plain", "plain", "egg", "plain", "plain", "plain", "egg", "plain", "turd", "egg", "egg", "plain", "plain", "egg", "plain", "plain", "plain", "plain", "plain", "plain", "plain", "plain", "plain", "plain", "plain", "plain", "plain", "plain", "plain", "plain", "plain", "plain"], "errlog_a": "", "errlog_b": "", "start_time": 360, "start_moves": 40, "turn_count": 80, "result": 1, "reason": "EGGS_LAID", "trapdoors": [[2, 4], [4, 3]], "spawn_a": [0, 6], "spawn_b": [7, 6]}