{"pos": [[0, 3], [7, 5], [0, 2], [7, 4], [0, 3], [7, 3], [0, 2], [7, 2], [0, 1], [7, 1], [0, 0], [7, 2], [1, 0], [7, 1], [2, 0], [7, 2], [1, 0], [7, 3], [0, 0], [7, 2], [1, 0], [7, 1], [2, 0], [7, 0], [3, 0], [6, 0], [4, 0], [5, 0], [4, 1], [6, 0], [4, 0], [5, 0], [3, 0], [6, 0], [4, 0], [5, 0], [3, 0], [6, 0], [2, 0], [7, 0], [1, 0], [7, 1], [2, 0], [7, 2], [1, 0], [7, 3], [0, 0], [7, 2], [1, 0]], "a_eggs_laid": [1, 1, 1, 1, 2, 2, 2, 2, 2, 2, 2, 2, 5, 5, 5, 5, 6, 6, 6, 6, 6, 6, 6, 6, 6, 6, 6, 6, 6, 6, 6, 6, 6, 6, 6, 6, 6, 6, 6, 6, 6, 6, 6, 6, 6, 6, 6, 6, 6], "b_eggs_laid": [0, 1, 1, 1, 1, 1, 1, 1, 1, 2, 2, 2, 2, 2, 2, 2, 2, 2, 2, 2, 2, 2, 2, 2, 2, 2, 2, 2, 2, 2, 2, 2, 2, 2, 2, 2, 2, 2, 2, 2, 2, 5, 5, 5, 5, 5, 5, 5, 5], "a_turds_left": [5, 5, 5, 5, 5, 5, 5, 5, 5, 5, 5, 5, 5, 5, 5, 5, 5, 5, 5, 5, 5, 5, 5, 5, 5, 5, 5, 5, 5, 5, 5, 5, 5, 5, 5, 5, 5, 5, 5, 5, 5, 5, 5, 5, 5, 5, 5, 5, 5], "b_turds_left": [5, 5, 5, 5, 5, 5, 5, 5, 5, 5, 5, 5, 5, 5, 5, 5, 5, 5, 5, 5, 5, 5, 5, 5, 5, 5, 5, 5, 5, 5, 5, 5, 5, 5, 5, 5, 5, 5, 5, 5, 5, 5, 5, 5, 5, 5, 5, 5, 5], "a_time_left": [359.99927329993807, 359.99927329993807, 356.5974655998871, 356.5974655998871, 356.59707989986055, 356.59707989986055, 353.19619769998826, 353.19619769998826, 349.79555770009756, 349.79555770009756, 346.3948992001824, 346.3948992001824, 346.3944490002468, 346.3944490002468, 342.9938514002133, 342.9938514002133, 342.9934124001302, 342.9934124001302, 339.5927381000947, 339.5927381000947, 334.4916256002616, 334.4916256002616, 329.3908897002693, 329.3908897002693, 324.29038530029356, 324.29038530029356, 319.18947300035506, 319.18947300035506, 319.1826236003544, 319.1826236003544, 314.0820533002261, 314.0820533002261, 314.0743678002618, 314.0743678002618, 308.97363550029695, 308.97363550029695, 308.965577600291, 308.965577600291, 303.86478110030293, 303.86478110030293, 298.7639093003236, 298.7639093003236, 293.66312510031275, 293.66312510031275, 288.56112020043656, 288.56112020043656, 283.4589592004195, 283.4589592004195, 278.35796760045923], "b_time_left": [360, 359.99930589995347, 359.99930589995347, 356.59774799994193, 356.59774799994193, 353.1970307000447, 353.1970307000447, 349.7961395001039, 349.7961395001039, 349.7956629002001, 349.7956629002001, 346.3945191001985, 346.3945191001985, 342.9935115003027, 342.9935115003027, 339.59224880021065, 339.59224880021065, 336.18990990007296, 336.18990990007296, 332.7879753999878, 332.7879753999878, 327.6871418999508, 327.6871418999508, 322.58415859984234, 322.58415859984234, 317.48322999989614, 317.48322999989614, 317.4683310999535, 317.4683310999535, 317.46329849981703, 317.46329849981703, 317.45425179973245, 317.45425179973245, 317.4491052997764, 317.4491052997764, 317.4368126997724, 317.4368126997724, 317.43200729973614, 317.43200729973614, 312.33065329981036, 312.33065329981036, 307.2299224999733, 307.2299224999733, 302.1227861000225, 302.1227861000225, 297.0215737000108, 297.0215737000108, 291.9189002001658, 291.9189002001658], "a_moves_left": [39, 39, 38, 38, 37, 37, 36, 36, 35, 35, 34, 34, 33, 33, 32, 32, 31, 31, 30, 30, 29, 29, 28, 28, 27, 27, 26, 26, 25, 25, 24, 24, 23, 23, 22, 22, 21, 21, 20, 20, 19, 19, 18, 18, 17, 17, 16, 16, 15], "b_moves_left": [40, 39, 39, 38, 38, 37, 37, 36, 36, 35, 35, 34, 34, 33, 33, 32, 32, 31, 31, 30, 30, 29, 29, 28, 28, 27, 27, 26, 26, 25, 25, 24, 24, 23, 23, 22, 22, 21, 21, 20, 20, 19, 19, 18, 18, 17, 17, 16, 16], "trapdoor_triggered": [0, 0, 0, 0, 0, 0, 0, 0, 0, 0, 0, 0, 0, 0, 0, 0, 0, 0, 0, 0, 0, 0, 0, 0, 0, 0, 0, 0, 0, 0, 0, 0, 0, 0, 0, 0, 0, 0, 0, 0, 0, 0, 0, 0, 0, 0, 0, 0, 0], "left_behind": ["egg", "egg", "plain", "plain", "egg", "plain", "plain", "plain", "plain", "egg", "plain", "plain", "egg", "plain", "plain", "plain", "egg", "plain", "plain", "plain", "plain", "plain", "plain", "plain", "plain", "plain", "plain", "plain", "plain", "plain", "plain", "plain", "plain", "plain", "plain", "plain", "plain", "plain", "plain", "plain", "plain", "egg", "plain", "plain", "plain", "plain", "plain", "plain", "plain"], "errlog_a": "", "errlog_b": "Timeout", "start_time": 360, "start_moves": 40, "turn_count": 49, "result": 0, "reason": "CODE_CRASH", "trapdoors": [[3, 3], [3, 2]], "spawn_a": [0, 4], "spawn_b": [7, 4]}