{"pos": [[7, 2], [0, 2], [6, 2], [0, 3], [6, 1], [0, 4], [5, 1], [0, 5], [5, 0], [1, 5], [4, 0], [2, 5], [5, 0], [2, 4], [6, 0], [2, 3], [7, 0], [2, 4], [6, 0], [0, 1], [5, 0], [0, 0], [4, 0], [1, 0], [3, 0], [2, 0], [3, 1], [2, 1], [4, 1], [1, 1], [4, 2], [1, 2], [3, 2], [1, 3], [7, 1], [1, 4], [7, 0], [1, 5], [7, 1], [1, 6], [7, 2], [1, 7], [7, 3], [2, 7], [6, 3], [3, 7], [6, 4], [3, 6], [7, 4], [4, 6], [7, 5], [4, 7], [7, 6], [5, 7], [7, 7], [6, 7], [7, 6], [6, 6], [7, 7], [7, 6]], "a_eggs_laid": [1, 1, 1, 1, 2, 2, 2, 2, 3, 3, 3, 3, 4, 4, 4, 4, 5, 5, 5, 5, 9, 9, 9, 9, 9, 9, 9, 9, 10, 10, 10, 10, 11, 11, 11, 11, 11, 11, 11, 11, 11, 11, 11, 11, 12, 12, 12, 12, 13, 13, 13, 13, 14, 14, 14, 14, 14, 14, 14, 14], "b_eggs_laid": [0, 1, 1, 1, 1, 2, 2, 2, 2, 3, 3, 3, 3, 4, 4, 4, 4, 5, 5, 5, 5, 5, 5, 5, 5, 6, 6, 6, 6, 7, 7, 7, 7, 8, 8, 12, 12, 13, 13, 13, 13, 14, 14, 14, 14, 15, 15, 15, 15, 16, 16, 16, 16, 16, 16, 16, 16, 17, 17, 22], "a_turds_left": [5, 5, 4, 4, 4, 4, 3, 3, 3, 3, 2, 2, 2, 2, 2, 2, 2, 2, 1, 1, 1, 1, 1, 1, 1, 1, 1, 1, 1, 1, 0, 0, 0, 0, 0, 0, 0, 0, 0, 0, 0, 0, 0, 0, 0, 0, 0, 0, 0, 0, 0, 0, 0, 0, 0, 0, 0, 0, 0, 0], "b_turds_left": [5, 5, 5, 4, 4, 4, 4, 3, 3, 3, 3, 3, 3, 3, 3, 2, 2, 2, 2, 2, 2, 2, 2, 2, 2, 2, 2, 1, 1, 1, 1, 0, 0, 0, 0, 0, 0, 0, 0, 0, 0, 0, 0, 0, 0, 0, 0, 0, 0, 0, 0, 0, 0, 0, 0, 0, 0, 0, 0, 0], "a_time_left": [359.9996124000754, 359.9996124000754, 356.5941941002384, 356.5941941002384, 356.5933843003586, 356.5933843003586, 353.143573500216, 353.143573500216, 353.14304690039717, 353.14304690039717, 349.7234613003675, 349.7234613003675, 349.7230241005309, 349.7230241005309, 346.32220100052655, 346.32220100052655, 346.32184630050324, 346.32184630050324, 346.3210259003099, 346.3210259003099, 346.3202690004837, 346.3202690004837, 346.3189838004764, 346.3189838004764, 341.21687400038354, 341.21687400038354, 341.2030441004317, 341.2030441004317, 341.1937542005908, 341.1937542005908, 336.0930237006396, 336.0930237006396, 330.9782759004738, 330.9782759004738, 325.8745027005207, 325.8745027005207, 325.8737420006655, 325.8737420006655, 325.87305860058405, 325.87305860058405, 325.8719860005658, 325.8719860005658, 320.77111700037494, 320.77111700037494, 315.66999940015376, 315.66999940015376, 310.56594300013967, 310.56594300013967, 305.4646159000695, 305.4646159000695, 298.66327850008383, 298.66327850008383, 291.86222350015305, 291.86222350015305, 285.0612176002469, 285.0612176002469, 285.0525060002692, 285.0525060002692, 285.0487179001793, 285.0487179001793], "b_time_left": [360, 359.9995848000981, 359.9995848000981, 356.5769452000968, 356.5769452000968, 356.5765015000943, 356.5765015000943, 353.16797050018795, 353.16797050018795, 353.16735140024684, 353.16735140024684, 349.75631520012394, 349.75631520012394, 349.75549339991994, 349.75549339991994, 346.35120999999344, 346.35120999999344, 346.35082939988934, 346.35082939988934, 342.92217749985866, 342.92217749985866, 337.78601869987324, 337.78601869987324, 332.63936769985594, 332.63936769985594, 332.6179033999797, 332.6179033999797, 332.59743650001474, 332.59743650001474, 332.5892338999547, 332.5892338999547, 327.47056249994785, 327.47056249994785, 327.46362029993907, 327.46362029993907, 322.3613932998851, 322.3613932998851, 317.255044599995, 317.255044599995, 312.1403857001569, 312.1403857001569, 307.0394533001818, 307.0394533001818, 301.939065300161, 301.939065300161, 296.83835650025867, 296.83835650025867, 291.73519120016135, 291.73519120016135, 286.6343259001151, 286.6343259001151, 279.83325230004266, 279.83325230004266, 273.03174690017477, 273.03174690017477, 273.0086289001629, 273.0086289001629, 272.99638350028545, 272.99638350028545, 272.9855682004709], "a_moves_left": [39, 39, 38, 38, 37, 37, 36, 36, 35, 35, 34, 34, 33, 33, 32, 32, 31, 31, 30, 30, 29, 29, 28, 28, 27, 27, 26, 26, 25, 25, 24, 24, 23, 23, 22, 22, 21, 21, 20, 20, 19, 19, 18, 18, 17, 17, 16, 16, 15, 15, 14, 14, 13, 13, 12, 12, 11, 11, 10, 10], "b_moves_left": [40, 39, 39, 38, 38, 37, 37, 36, 36, 35, 35, 34, 34, 33, 33, 32, 32, 31, 31, 30, 30, 29, 29, 28, 28, 27, 27, 26, 26, 25, 25, 24, 24, 23, 23, 22, 22, 21, 21, 20, 20, 19, 19, 18, 18, 17, 17, 16, 16, 15, 15, 14, 14, 13, 13, 12, 12, 11, 11, 10], "trapdoor_triggered": [0, 0, 0, 0, 0, 0, 0, 0, 0, 0, 0, 0, 0, 0, 0, 0, 0, 0, 0, 1, 0, 0, 0, 0, 0, 0, 0, 0, 0, 0, 0, 0, 0, 0, 1, 0, 0, 0, 0, 0, 0, 0, 0, 0, 0, 0, 0, 0, 0, 0, 0, 0, 0, 0, 0, 0, 0, 0, 0, 0], "left_behind": ["egg", "egg", "turd", "turd", "egg", "egg", "turd", "turd", "egg", "egg", "turd", "plain", "egg", "egg", "plain", "turd", "egg", "egg", "turd", "plain", "plain", "plain", "plain", "plain", "plain", "egg", "plain", "turd", "egg", "egg", "turd", "turd", "egg", "egg", "plain", "plain", "plain", "egg", "plain", "plain", "plain", "egg", "plain", "plain", "egg", "egg", "plain", "plain", "egg", "egg", "plain", "plain", "egg", "plain", "plain", "plain", "plain", "egg", "plain", "plain"], "errlog_a": "", "errlog_b": "", "start_time": 360, "start_moves": 40, "turn_count": 60, "result": 1, "reason": "BLOCKING_END", "trapdoors": [[3, 3], [3, 4]], "spawn_a": [7, 1], "spawn_b": [0, 1]}