{"pos": [[1, 4], [6, 4], [2, 4], [7, 4], [3, 4], [7, 3], [3, 3], [7, 2], [4, 3], [7, 1], [4, 2], [6, 1], [5, 2], [5, 1], [6, 2], [4, 1], [5, 2], [3, 1], [5, 1], [2, 1], [5, 0], [2, 2], [6, 0], [3, 2], [5, 0], [3, 1], [4, 0], [3, 0], [5, 0], [2, 0], [5, 1], [1, 0], [5, 0], [1, 1], [6, 0], [1, 2], [5, 0], [1, 3], [4, 0], [1, 4], [5, 0], [1, 5], [5, 1], [2, 5], [5, 0], [3, 5], [6, 0], [4, 5], [5, 0], [7, 4], [4, 0], [7, 5], [5, 0], [6, 5], [5, 1], [6, 6], [5, 0], [5, 6], [6, 0], [4, 6], [5, 0], [3, 6], [4, 0], [2, 6], [5, 0], [1, 6], [5, 1], [1, 5], [5, 0], [0, 5], [6, 0], [0, 6], [5, 0], [0, 7], [4, 0], [1, 7], [5, 0], [2, 7], [5, 1], [3, 7]], "a_eggs_laid": [1, 1, 1, 1, 6, 6, 6, 6, 7, 7, 7, 7, 8, 8, 8, 8, 9, 9, 9, 9, 10, 10, 10, 10, 11, 11, 11, 11, 12, 12, 12, 12, 12, 12, 12, 12, 12, 12, 12, 12, 12, 12, 12, 12, 12, 12, 12, 12, 12, 12, 16, 16, 16, 16, 16, 16, 16, 16, 16, 16, 16, 16, 16, 16, 16, 16, 16, 16, 16, 16, 16, 16, 16, 16, 16, 16, 16, 16, 16, 16], "b_eggs_laid": [0, 1, 1, 1, 1, 1, 1, 1, 1, 2, 2, 2, 2, 3, 3, 3, 3, 4, 4, 4, 4, 5, 5, 5, 5, 6, 6, 6, 6, 7, 7, 7, 7, 8, 8, 8, 8, 9, 9, 9, 9, 10, 10, 10, 10, 11, 11, 11, 11, 12, 12, 12, 12, 12, 12, 13, 13, 13, 13, 14, 14, 14, 14, 15, 15, 15, 15, 16, 16, 16, 16, 17, 17, 17, 17, 20, 20, 20, 20, 21], "a_turds_left": [5, 5, 5, 5, 5, 5, 5, 5, 5, 5, 5, 5, 5, 5, 5, 5, 5, 5, 4, 4, 4, 4, 4, 4, 4, 4, 3, 3, 3, 3, 3, 3, 3, 3, 3, 3, 3, 3, 3, 3, 3, 3, 3, 3, 3, 3, 3, 3, 3, 3, 3, 3, 3, 3, 3, 3, 3, 3, 3, 3, 3, 3, 3, 3, 3, 3, 3, 3, 3, 3, 3, 3, 3, 3, 3, 3, 3, 3, 3, 3], "b_turds_left": [5, 5, 5, 4, 4, 4, 4, 3, 3, 3, 3, 2, 2, 2, 2, 2, 2, 2, 2, 2, 2, 2, 2, 2, 2, 2, 2, 2, 2, 2, 2, 1, 1, 1, 1, 1, 1, 1, 1, 1, 1, 1, 1, 1, 1, 1, 1, 1, 1, 1, 1, 1, 1, 1, 1, 1, 1, 1, 1, 1, 1, 1, 1, 1, 1, 1, 1, 1, 1, 1, 1, 1, 1, 1, 1, 1, 1, 1, 1, 1], "a_time_left": [357.4471890999994, 357.4471890999994, 354.8959236999999, 354.8959236999999, 352.3448377000004, 352.3448377000004, 349.7933401999999, 349.7933401999999, 347.24207979999846, 347.24207979999846, 344.69121059999816, 344.69121059999816, 342.1402534999979, 342.1402534999979, 342.1062022999977, 342.1062022999977, 339.5554093999981, 339.5554093999981, 337.0042115999986, 337.0042115999986, 332.7526936999984, 332.7526936999984, 328.50103229999877, 328.50103229999877, 324.24958819999847, 324.24958819999847, 319.9980268999989, 319.9980268999989, 319.9767955999996, 319.9767955999996, 319.9761193999984, 319.9761193999984, 319.9756306999989, 319.9756306999989, 319.97489869999845, 319.97489869999845, 319.97415589999946, 319.97415589999946, 319.97346219999963, 319.97346219999963, 319.97288579999986, 319.97288579999986, 319.9721147, 319.9721147, 319.97148449999986, 319.97148449999986, 319.9705730000005, 319.9705730000005, 319.9697345000004, 319.9697345000004, 319.96895770000083, 319.96895770000083, 319.9679276000006, 319.9679276000006, 319.96653610000067, 319.96653610000067, 319.96566449999955, 319.96566449999955, 319.96485829999983, 319.96485829999983, 319.9639208999997, 319.9639208999997, 319.9631014000006, 319.9631014000006, 319.9620794000002, 319.9620794000002, 319.96147009999913, 319.96147009999913, 319.9609765999994, 319.9609765999994, 319.9603715999983, 319.9603715999983, 319.95973519999825, 319.95973519999825, 319.9587989999982, 319.9587989999982, 319.95824729999913, 319.95824729999913, 319.95758829999977, 319.95758829999977], "b_time_left": [360, 357.44789929999934, 357.44789929999934, 354.896827999999, 354.896827999999, 352.3460425999983, 352.3460425999983, 349.79506539999966, 349.79506539999966, 347.2440888000001, 347.2440888000001, 344.693008799999, 344.693008799999, 344.6843446999992, 344.6843446999992, 344.58755419999943, 344.58755419999943, 344.478137099999, 344.478137099999, 344.2907747999998, 344.2907747999998, 340.0391331999999, 340.0391331999999, 335.78638259999934, 335.78638259999934, 331.5332968999992, 331.5332968999992, 331.5030651999987, 331.5030651999987, 331.4989534999986, 331.4989534999986, 327.2483666999997, 327.2483666999997, 322.99756460000026, 322.99756460000026, 318.7465217000008, 318.7465217000008, 314.49527650000164, 314.49527650000164, 310.24339510000027, 310.24339510000027, 305.99206140000024, 305.99206140000024, 301.74047790000077, 301.74047790000077, 297.4884858000005, 297.4884858000005, 293.2372149000021, 293.2372149000021, 288.98521690000234, 288.98521690000234, 283.0341660000031, 283.0341660000031, 277.0826182000037, 277.0826182000037, 271.13005180000255, 271.13005180000255, 265.1786895000023, 265.1786895000023, 259.22656370000186, 259.22656370000186, 253.27451230000224, 253.27451230000224, 247.32261980000294, 247.32261980000294, 241.37092740000298, 241.37092740000298, 235.4194886000023, 235.4194886000023, 229.46885000000293, 229.46885000000293, 223.51717620000454, 223.51717620000454, 217.56503930000508, 217.56503930000508, 211.6132771000066, 211.6132771000066, 205.66213570000764, 205.66213570000764, 199.71098750000783], "a_moves_left": [39, 39, 38, 38, 37, 37, 36, 36, 35, 35, 34, 34, 33, 33, 32, 32, 31, 31, 30, 30, 29, 29, 28, 28, 27, 27, 26, 26, 25, 25, 24, 24, 23, 23, 22, 22, 21, 21, 20, 20, 19, 19, 18, 18, 17, 17, 16, 16, 15, 15, 14, 14, 13, 13, 12, 12, 11, 11, 10, 10, 9, 9, 8, 8, 7, 7, 6, 6, 5, 5, 4, 4, 3, 3, 2, 2, 1, 1, 0, 0], "b_moves_left": [40, 39, 39, 38, 38, 37, 37, 36, 36, 35, 35, 34, 34, 33, 33, 32, 32, 31, 31, 30, 30, 29, 29, 28, 28, 27, 27, 26, 26, 25, 25, 24, 24, 23, 23, 22, 22, 21, 21, 20, 20, 19, 19, 18, 18, 17, 17, 16, 16, 15, 15, 14, 14, 13, 13, 12, 12, 11, 11, 10, 10, 9, 9, 8, 8, 7, 7, 6, 6, 5, 5, 4, 4, 3, 3, 2, 2, 1, 1, 0], "trapdoor_triggered": [0, 0, 0, 1, 0, 0, 0, 0, 0, 0, 0, 0, 0, 0, 0, 0, 0, 0, 0, 0, 0, 0, 0, 0, 0, 0, 0, 0, 0, 0, 0, 0, 0, 0, 0, 0, 0, 0, 0, 0, 0, 0, 0, 0, 0, 0, 0, 0, 0, 1, 0, 0, 0, 0, 0, 0, 0, 0, 0, 0, 0, 0, 0, 0, 0, 0, 0, 0, 0, 0, 0, 0, 0, 0, 0, 0, 0, 0, 0, 0], "left_behind": ["egg", "egg", "plain", "turd", "egg", "plain", "plain", "turd", "egg", "egg", "plain", "turd", "egg", "egg", "plain", "plain", "egg", "egg", "turd", "plain", "egg", "egg", "plain", "plain", "egg", "egg", "turd", "plain", "egg", "egg", "plain", "turd", "plain", "egg", "plain", "plain", "plain", "egg", "plain", "plain", "plain", "egg", "plain", "plain", "plain", "egg", "plain", "plain", "plain", "egg", "plain", "plain", "plain", "plain", "plain", "egg", "plain", "plain", "plain", "egg", "plain", "plain", "plain", "egg", "plain", "plain", "plain", "egg", "plain", "plain", "plain", "egg", "plain", "plain", "plain", "egg", "plain", "plain", "plain", "egg"], "errlog_a": "", "errlog_b": "", "start_time": 360, "start_moves": 40, "turn_count": 80, "result": 1, "reason": "EGGS_LAID", "trapdoors": [[4, 4], [5, 4]], "spawn_a": [0, 4], "spawn_b": [7, 4]}