{"pos": [[0, 5], [6, 6], [0, 4], [5, 6], [0, 3], [4, 6], [1, 3], [4, 5], [1, 2], [4, 4], [1, 1], [4, 3], [1, 0], [4, 2], [2, 0], [4, 1], [3, 0], [4, 0], [3, 1], [5, 0], [2, 1], [5, 1], [2, 2], [5, 2], [2, 1], [5, 1], [2, 0], [6, 1], [1, 0], [6, 2], [0, 0], [7, 2], [0, 1], [6, 2], [0, 2], [6, 3], [0, 1], [6, 4], [0, 0], [6, 5], [1, 0], [6, 4], [2, 0], [5, 4], [2, 1], [6, 4], [3, 1], [7, 4], [2, 1], [6, 4], [2, 0], [6, 5], [1, 0], [6, 4], [2, 0], [6, 5], [2, 1], [6, 4], [2, 2], [6, 3], [2, 3], [6, 4], [0, 6], [6, 5], [1, 6], [6, 4], [2, 6], [6, 3], [2, 5], [6, 4], [2, 4], [6, 5], [2, 3], [6, 4], [0, 6], [6, 3], [0, 5], [6, 4], [1, 5], [6, 5]], "a_eggs_laid": [1, 1, 1, 1, 2, 2, 2, 2, 3, 3, 3, 3, 4, 4, 4, 4, 5, 5, 5, 5, 6, 6, 6, 6, 7, 7, 7, 7, 7, 7, 7, 7, 10, 10, 10, 10, 11, 11, 11, 11, 11, 11, 11, 11, 11, 11, 11, 11, 11, 11, 11, 11, 11, 11, 11, 11, 11, 11, 11, 11, 11, 11, 11, 11, 11, 11, 11, 11, 12, 12, 12, 12, 13, 13, 13, 13, 13, 13, 13, 13], "b_eggs_laid": [0, 1, 1, 1, 1, 2, 2, 2, 2, 3, 3, 3, 3, 4, 4, 4, 4, 5, 5, 5, 5, 6, 6, 6, 6, 7, 7, 7, 7, 8, 8, 8, 8, 9, 9, 9, 9, 10, 10, 10, 10, 11, 11, 11, 11, 12, 12, 12, 12, 13, 13, 13, 13, 13, 13, 13, 13, 13, 13, 13, 13, 13, 13, 17, 17, 17, 17, 17, 17, 17, 17, 17, 17, 17, 17, 21, 21, 21, 21, 21], "a_turds_left": [5, 5, 5, 5, 5, 5, 5, 5, 5, 5, 5, 5, 5, 5, 5, 5, 5, 5, 5, 5, 5, 5, 5, 5, 5, 5, 5, 5, 5, 5, 4, 4, 4, 4, 3, 3, 3, 3, 3, 3, 3, 3, 3, 3, 3, 3, 2, 2, 2, 2, 2, 2, 2, 2, 2, 2, 2, 2, 2, 2, 2, 2, 2, 2, 2, 2, 1, 1, 1, 1, 0, 0, 0, 0, 0, 0, 0, 0, 0, 0], "b_turds_left": [5, 5, 5, 4, 4, 4, 4, 3, 3, 3, 3, 2, 2, 2, 2, 1, 1, 1, 1, 0, 0, 0, 0, 0, 0, 0, 0, 0, 0, 0, 0, 0, 0, 0, 0, 0, 0, 0, 0, 0, 0, 0, 0, 0, 0, 0, 0, 0, 0, 0, 0, 0, 0, 0, 0, 0, 0, 0, 0, 0, 0, 0, 0, 0, 0, 0, 0, 0, 0, 0, 0, 0, 0, 0, 0, 0, 0, 0, 0, 0], "a_time_left": [359.99767460000294, 359.99767460000294, 359.9961142000029, 359.9961142000029, 359.9925299000024, 359.9925299000024, 359.98946250000154, 359.98946250000154, 359.9852310999995, 359.9852310999995, 357.9793375999943, 357.9793375999943, 357.975079799995, 357.975079799995, 355.96403359999385, 355.96403359999385, 355.95870349999313, 355.95870349999313, 355.57104529999924, 355.57104529999924, 355.56785359999776, 355.56785359999776, 351.56493169999885, 351.56493169999885, 351.5615573999967, 351.5615573999967, 351.55646259999776, 351.55646259999776, 347.55384230000345, 347.55384230000345, 347.54908580000483, 347.54908580000483, 347.5454891000045, 347.5454891000045, 343.5408890000035, 343.5408890000035, 343.5374043999982, 343.5374043999982, 343.53409719999763, 343.53409719999763, 343.5294472999958, 343.5294472999958, 343.52606769998965, 343.52606769998965, 339.52201549999154, 339.52201549999154, 335.5178282999914, 335.5178282999914, 331.5142821999907, 331.5142821999907, 331.5107597999886, 331.5107597999886, 328.3081489999895, 328.3081489999895, 328.30436799999006, 328.30436799999006, 325.09959319999325, 325.09959319999325, 325.0963710999931, 325.0963710999931, 321.89281609999307, 321.89281609999307, 321.89076759998716, 321.89076759998716, 318.6867366999868, 318.6867366999868, 318.68423559999064, 318.68423559999064, 318.68186039998545, 318.68186039998545, 315.4780156999914, 315.4780156999914, 315.47610069999064, 315.47610069999064, 310.6728923999908, 310.6728923999908, 305.86876199999097, 305.86876199999097, 301.0667242999916, 301.0667242999916], "b_time_left": [360, 356.4998022, 356.4998022, 352.99956699999893, 352.99956699999893, 349.49936680000246, 349.49936680000246, 345.9989294000043, 345.9989294000043, 342.5740829999995, 342.5740829999995, 339.0738007999971, 339.0738007999971, 335.5736046999955, 335.5736046999955, 332.07324369999697, 332.07324369999697, 328.7608067999972, 328.7608067999972, 325.2606089999972, 325.2606089999972, 320.260251599997, 320.260251599997, 315.2599979999941, 315.2599979999941, 315.15922869999486, 315.15922869999486, 310.15875189999497, 310.15875189999497, 305.1582091999953, 305.1582091999953, 300.15804099999514, 300.15804099999514, 295.15788669999165, 295.15788669999165, 290.462366199994, 290.462366199994, 290.3438007999939, 290.3438007999939, 290.3064003999898, 290.3064003999898, 290.2146850999925, 290.2146850999925, 290.04558429998724, 290.04558429998724, 290.0312009999834, 290.0312009999834, 290.01110599998356, 290.01110599998356, 289.9340153999874, 289.9340153999874, 289.9183959999864, 289.9183959999864, 289.8680698999815, 289.8680698999815, 289.8652223999816, 289.8652223999816, 289.843307299976, 289.843307299976, 289.82902809997904, 289.82902809997904, 289.62183339997864, 289.62183339997864, 289.6067815999777, 289.6067815999777, 289.39026379997813, 289.39026379997813, 289.3871718999799, 289.3871718999799, 289.05695059998106, 289.05695059998106, 289.0540917999824, 289.0540917999824, 288.9983036999838, 288.9983036999838, 288.98323749998235, 288.98323749998235, 288.9040885999857, 288.9040885999857, 288.90285029997904], "a_moves_left": [39, 39, 38, 38, 37, 37, 36, 36, 35, 35, 34, 34, 33, 33, 32, 32, 31, 31, 30, 30, 29, 29, 28, 28, 27, 27, 26, 26, 25, 25, 24, 24, 23, 23, 22, 22, 21, 21, 20, 20, 19, 19, 18, 18, 17, 17, 16, 16, 15, 15, 14, 14, 13, 13, 12, 12, 11, 11, 10, 10, 9, 9, 8, 8, 7, 7, 6, 6, 5, 5, 4, 4, 3, 3, 2, 2, 1, 1, 0, 0], "b_moves_left": [40, 39, 39, 38, 38, 37, 37, 36, 36, 35, 35, 34, 34, 33, 33, 32, 32, 31, 31, 30, 30, 29, 29, 28, 28, 27, 27, 26, 26, 25, 25, 24, 24, 23, 23, 22, 22, 21, 21, 20, 20, 19, 19, 18, 18, 17, 17, 16, 16, 15, 15, 14, 14, 13, 13, 12, 12, 11, 11, 10, 10, 9, 9, 8, 8, 7, 7, 6, 6, 5, 5, 4, 4, 3, 3, 2, 2, 1, 1, 0], "trapdoor_triggered": [0, 0, 0, 0, 0, 0, 0, 0, 0, 0, 0, 0, 0, 0, 0, 0, 0, 0, 0, 0, 0, 0, 0, 0, 0, 0, 0, 0, 0, 0, 0, 0, 0, 0, 0, 0, 0, 0, 0, 0, 0, 0, 0, 0, 0, 0, 0, 0, 0, 0, 0, 0, 0, 0, 0, 0, 0, 0, 0, 0, 0, 0, 1, 0, 0, 0, 0, 0, 0, 0, 0, 0, 0, 0, 1, 0, 0, 0, 0, 0], "left_behind": ["egg", "egg", "plain", "turd", "egg", "egg", "plain", "turd", "egg", "egg", "plain", "turd", "egg", "egg", "plain", "turd", "egg", "egg", "plain", "turd", "egg", "egg", "plain", "plain", "egg", "egg", "plain", "plain", "plain", "egg", "turd", "plain", "egg", "egg", "turd", "plain", "egg", "egg", "plain", "plain", "plain", "egg", "plain", "plain", "plain", "egg", "turd", "plain", "plain", "egg", "plain", "plain", "plain", "plain", "plain", "plain", "plain", "plain", "plain", "plain", "plain", "plain", "plain", "plain", "plain", "plain", "turd", "plain", "egg", "plain", "turd", "plain", "egg", "plain", "plain", "plain", "plain", "plain", "plain", "plain"], "errlog_a": "", "errlog_b": "", "start_time": 360, "start_moves": 40, "turn_count": 80, "result": 1, "reason": "EGGS_LAID", "trapdoors": [[3, 3], [3, 4]], "spawn_a": [0, 6], "spawn_b": [7, 6]}