{"pos": [[0, 7], [6, 6], [1, 7], [6, 5]], "a_eggs_laid": [1, 1, 1, 1], "b_eggs_laid": [0, 1, 1, 1], "a_turds_left": [5, 5, 5, 5], "b_turds_left": [5, 5, 5, 4], "a_time_left": [357.447671599999, 357.447671599999, 354.8968086999994, 354.8968086999994], "b_time_left": [360, 359.9987770999978, 359.9987770999978, 349.990785199996], "a_moves_left": [39, 39, 38, 38], "b_moves_left": [40, 39, 39, 38], "trapdoor_triggered": [0, 0, 0, 0], "left_behind": ["egg", "egg", "plain", "turd"], "errlog_a": "Timeout", "errlog_b": "", "start_time": 360, "start_moves": 40, "turn_count": 4, "result": 1, "reason": "CODE_CRASH", "trapdoors": [[3, 3], [5, 2]], "spawn_a": [0, 6], "spawn_b": [7, 6]}