{"pos": [[6, 5], [1, 5], [7, 5], [2, 5], [7, 4], [2, 4], [6, 4], [3, 4], [5, 4], [2, 4], [5, 3], [0, 5], [4, 3], [0, 6], [3, 3], [1, 6], [3, 2], [2, 6], [2, 2], [3, 6], [1, 2], [4, 6], [1, 1], [4, 5], [2, 1], [3, 5], [3, 1], [3, 4], [4, 1], [3, 5], [5, 1], [3, 4], [6, 1], [3, 5], [6, 2], [3, 4], [6, 3], [3, 5], [7, 3], [3, 4], [7, 2], [3, 5], [7, 1], [3, 4], [6, 1], [3, 5], [6, 0], [3, 4], [7, 0], [3, 5], [6, 0], [3, 4], [5, 0], [3, 5], [4, 0], [3, 4], [3, 0], [3, 5], [2, 0], [3, 4], [1, 0], [3, 5], [0, 0], [3, 4], [0, 1], [3, 5], [0, 2], [3, 4], [1, 2], [3, 5], [1, 3], [3, 4], [0, 3], [3, 5], [0, 4], [3, 4], [0, 3], [3, 5], [0, 2], [3, 4]], "a_eggs_laid": [1, 1, 1, 1, 1, 1, 1, 1, 2, 2, 2, 2, 7, 7, 7, 7, 8, 8, 8, 8, 9, 9, 9, 9, 10, 10, 10, 10, 11, 11, 11, 11, 12, 12, 12, 12, 13, 13, 13, 13, 14, 14, 14, 14, 15, 15, 15, 15, 16, 16, 16, 16, 16, 16, 16, 16, 17, 17, 17, 17, 18, 18, 18, 18, 21, 21, 21, 21, 22, 22, 22, 22, 23, 23, 23, 23, 24, 24, 24, 24], "b_eggs_laid": [0, 1, 1, 5, 5, 6, 6, 6, 6, 7, 7, 7, 7, 7, 7, 7, 7, 8, 8, 8, 8, 9, 9, 9, 9, 10, 10, 10, 10, 10, 10, 10, 10, 10, 10, 10, 10, 10, 10, 10, 10, 10, 10, 10, 10, 10, 10, 10, 10, 10, 10, 10, 10, 10, 10, 10, 10, 10, 10, 10, 10, 10, 10, 10, 10, 10, 10, 10, 10, 10, 10, 10, 10, 10, 10, 10, 10, 10, 10, 10], "a_turds_left": [5, 5, 5, 5, 5, 5, 5, 5, 5, 5, 4, 4, 4, 4, 4, 4, 4, 4, 4, 4, 4, 4, 4, 4, 4, 4, 4, 4, 4, 4, 4, 4, 4, 4, 4, 4, 4, 4, 3, 3, 3, 3, 3, 3, 3, 3, 3, 3, 3, 3, 3, 3, 3, 3, 3, 3, 3, 3, 2, 2, 2, 2, 2, 2, 2, 2, 2, 2, 2, 2, 1, 1, 1, 1, 0, 0, 0, 0, 0, 0], "b_turds_left": [5, 5, 5, 5, 5, 5, 5, 4, 4, 4, 4, 4, 4, 4, 4, 4, 4, 4, 4, 3, 3, 3, 3, 3, 3, 3, 3, 3, 3, 3, 3, 3, 3, 3, 3, 3, 3, 3, 3, 3, 3, 3, 3, 3, 3, 3, 3, 3, 3, 3, 3, 3, 3, 3, 3, 3, 3, 3, 3, 3, 3, 3, 3, 3, 3, 3, 3, 3, 3, 3, 3, 3, 3, 3, 3, 3, 3, 3, 3, 3], "a_time_left": [357.4468780999996, 357.4468780999996, 354.89560959999835, 354.89560959999835, 352.3447034999972, 352.3447034999972, 349.7937843999971, 349.7937843999971, 347.24242089999825, 347.24242089999825, 344.69110249999903, 344.69110249999903, 342.1397017999989, 342.1397017999989, 339.58838959999775, 339.58838959999775, 337.0365882999977, 337.0365882999977, 334.48470149999775, 334.48470149999775, 330.23353079999833, 330.23353079999833, 325.98202429999947, 325.98202429999947, 321.72972449999907, 321.72972449999907, 317.4780632999991, 317.4780632999991, 313.2267551999994, 313.2267551999994, 308.9721821999992, 308.9721821999992, 304.71962410000015, 304.71962410000015, 300.46777629999997, 300.46777629999997, 296.2164971000002, 296.2164971000002, 291.9648739999993, 291.9648739999993, 287.7133771999979, 287.7133771999979, 283.46269219999886, 283.46269219999886, 279.21088979999877, 279.21088979999877, 274.95913579999797, 274.95913579999797, 270.7075576999978, 270.7075576999978, 270.70656209999834, 270.70656209999834, 264.7548934999977, 264.7548934999977, 258.80075979999856, 258.80075979999856, 252.8479443999986, 252.8479443999986, 246.89600079999946, 246.89600079999946, 240.94085359999917, 240.94085359999917, 234.98908409999967, 234.98908409999967, 229.0363842000006, 229.0363842000006, 223.08435690000078, 223.08435690000078, 217.1321211000013, 217.1321211000013, 211.17994270000236, 211.17994270000236, 205.22654150000199, 205.22654150000199, 199.2744008000027, 199.2744008000027, 193.3215872000019, 193.3215872000019, 193.3204259000031, 193.3204259000031], "b_time_left": [360, 357.4440813000001, 357.4440813000001, 354.8925675999999, 354.8925675999999, 352.34062919999997, 352.34062919999997, 349.78917289999845, 349.78917289999845, 349.7762670999982, 349.7762670999982, 347.2253538999994, 347.2253538999994, 344.6740375999998, 344.6740375999998, 342.12338779999845, 342.12338779999845, 339.5709382999976, 339.5709382999976, 337.01966849999735, 337.01966849999735, 332.76866159999736, 332.76866159999736, 328.51709359999586, 328.51709359999586, 324.2653321999969, 324.2653321999969, 324.26453559999754, 324.26453559999754, 320.012889499998, 320.012889499998, 320.010512699997, 320.010512699997, 315.75895059999675, 315.75895059999675, 315.75769439999567, 315.75769439999567, 311.50666389999606, 311.50666389999606, 311.5055246999964, 311.5055246999964, 307.2540672999967, 307.2540672999967, 307.2532932999966, 307.2532932999966, 303.00236199999745, 303.00236199999745, 303.0014607999983, 303.0014607999983, 298.7502523999992, 298.7502523999992, 298.7489057999992, 298.7489057999992, 292.7956947999992, 292.7956947999992, 292.7939611999991, 292.7939611999991, 286.8416946999987, 286.8416946999987, 286.84004319999804, 286.84004319999804, 280.88862139999765, 280.88862139999765, 280.8866905999985, 280.8866905999985, 274.9331160999991, 274.9331160999991, 274.9317097999992, 274.9317097999992, 268.9803011999993, 268.9803011999993, 268.9785759999995, 268.9785759999995, 263.0268692999998, 263.0268692999998, 263.02493200000026, 263.02493200000026, 257.0729950999994, 257.0729950999994, 257.0713323], "a_moves_left": [39, 39, 38, 38, 37, 37, 36, 36, 35, 35, 34, 34, 33, 33, 32, 32, 31, 31, 30, 30, 29, 29, 28, 28, 27, 27, 26, 26, 25, 25, 24, 24, 23, 23, 22, 22, 21, 21, 20, 20, 19, 19, 18, 18, 17, 17, 16, 16, 15, 15, 14, 14, 13, 13, 12, 12, 11, 11, 10, 10, 9, 9, 8, 8, 7, 7, 6, 6, 5, 5, 4, 4, 3, 3, 2, 2, 1, 1, 0, 0], "b_moves_left": [40, 39, 39, 38, 38, 37, 37, 36, 36, 35, 35, 34, 34, 33, 33, 32, 32, 31, 31, 30, 30, 29, 29, 28, 28, 27, 27, 26, 26, 25, 25, 24, 24, 23, 23, 22, 22, 21, 21, 20, 20, 19, 19, 18, 18, 17, 17, 16, 16, 15, 15, 14, 14, 13, 13, 12, 12, 11, 11, 10, 10, 9, 9, 8, 8, 7, 7, 6, 6, 5, 5, 4, 4, 3, 3, 2, 2, 1, 1, 0], "trapdoor_triggered": [0, 0, 1, 0, 0, 0, 0, 0, 0, 0, 0, 1, 0, 0, 0, 0, 0, 0, 0, 0, 0, 0, 0, 0, 0, 0, 0, 0, 0, 0, 0, 0, 0, 0, 0, 0, 0, 0, 0, 0, 0, 0, 0, 0, 0, 0, 0, 0, 0, 0, 0, 0, 0, 0, 0, 0, 0, 0, 0, 0, 0, 0, 0, 0, 0, 0, 0, 0, 0, 0, 0, 0, 0, 0, 0, 0, 0, 0, 0, 0], "left_behind": ["egg", "egg", "plain", "plain", "plain", "egg", "plain", "turd", "egg", "egg", "turd", "plain", "egg", "plain", "plain", "plain", "egg", "egg", "plain", "turd", "egg", "egg", "plain", "plain", "egg", "egg", "plain", "plain", "egg", "plain", "plain", "plain", "egg", "plain", "plain", "plain", "egg", "plain", "turd", "plain", "egg", "plain", "plain", "plain", "egg", "plain", "plain", "plain", "egg", "plain", "plain", "plain", "plain", "plain", "plain", "plain", "egg", "plain", "turd", "plain", "egg", "plain", "plain", "plain", "egg", "plain", "plain", "plain", "egg", "plain", "turd", "plain", "egg", "plain", "turd", "plain", "egg", "plain", "plain", "plain"], "errlog_a": "", "errlog_b": "", "start_time": 360, "start_moves": 40, "turn_count": 80, "result": 0, "reason": "EGGS_LAID", "trapdoors": [[5, 5], [2, 3]], "spawn_a": [7, 5], "spawn_b": [0, 5]}