{"pos": [[0, 3], [6, 4], [1, 3], [6, 3], [1, 2], [6, 2], [0, 2], [6, 1], [0, 1], [6, 0], [1, 1], [7, 0], [1, 0], [6, 0], [2, 0], [5, 0], [3, 0], [4, 0], [3, 1], [4, 1], [3, 0], [4, 0], [3, 1], [3, 0], [3, 2], [4, 0], [0, 4], [5, 0], [1, 4], [5, 1], [2, 4], [7, 4], [2, 3], [7, 5], [0, 4], [6, 5], [1, 4], [6, 6], [1, 5], [5, 6], [1, 4], [4, 6], [1, 3]], "a_eggs_laid": [1, 1, 1, 1, 2, 2, 2, 2, 3, 3, 3, 3, 4, 4, 4, 4, 5, 5, 5, 5, 6, 6, 6, 6, 6, 6, 6, 6, 6, 6, 6, 6, 11, 11, 11, 11, 11, 11, 11, 11, 12, 12, 12], "b_eggs_laid": [0, 1, 1, 1, 1, 2, 2, 2, 2, 3, 3, 3, 3, 6, 6, 6, 6, 7, 7, 7, 7, 8, 8, 8, 8, 9, 9, 13, 13, 13, 13, 13, 13, 13, 13, 17, 17, 18, 18, 18, 18, 19, 19], "a_turds_left": [5, 5, 5, 5, 5, 5, 5, 5, 5, 5, 5, 5, 5, 5, 5, 5, 5, 5, 5, 5, 5, 5, 5, 5, 5, 5, 5, 5, 5, 5, 5, 5, 5, 5, 5, 5, 5, 5, 4, 4, 4, 4, 4], "b_turds_left": [5, 5, 5, 4, 4, 4, 4, 3, 3, 3, 3, 3, 3, 3, 3, 3, 3, 3, 3, 3, 3, 3, 3, 3, 3, 3, 3, 3, 3, 3, 3, 2, 2, 2, 2, 2, 2, 2, 2, 1, 1, 1, 1], "a_time_left": [359.9971932000044, 359.9971932000044, 359.99489950000134, 359.99489950000134, 359.9890823999958, 359.9890823999958, 359.98271039999963, 359.98271039999963, 359.97659929999645, 359.97659929999645, 359.97261279999657, 359.97261279999657, 359.96038879999105, 359.96038879999105, 359.956517899991, 359.956517899991, 359.9466448999883, 359.9466448999883, 359.9435395999899, 359.9435395999899, 359.93979689999105, 359.93979689999105, 359.93582239998796, 359.93582239998796, 359.93231879999075, 359.93231879999075, 359.92752509999264, 359.92752509999264, 359.9236504999935, 359.9236504999935, 359.9193801999936, 359.9193801999936, 359.91233379999176, 359.91233379999176, 359.907807699994, 359.907807699994, 359.9047761999973, 359.9047761999973, 355.90206119999493, 355.90206119999493, 355.89866769999935, 355.89866769999935, 355.8963552999994], "b_time_left": [360, 359.99876300000324, 359.99876300000324, 349.98799610000424, 349.98799610000424, 340.1570281000095, 340.1570281000095, 330.15669460000936, 330.15669460000936, 320.1358395000134, 320.1358395000134, 310.13427940001566, 310.13427940001566, 300.132671400017, 300.132671400017, 290.1312432000195, 290.1312432000195, 280.10844970001926, 280.10844970001926, 270.1080752000198, 270.1080752000198, 263.7026820000174, 263.7026820000174, 253.70228880001378, 253.70228880001378, 243.7017673000155, 243.7017673000155, 243.56148800001392, 243.56148800001392, 233.54894760000752, 233.54894760000752, 223.54582090000622, 223.54582090000622, 213.54540430000634, 213.54540430000634, 203.52942900000198, 203.52942900000198, 193.5259603000086, 193.5259603000086, 183.52305340000748, 183.52305340000748, 183.17842790000577, 183.17842790000577], "a_moves_left": [39, 39, 38, 38, 37, 37, 36, 36, 35, 35, 34, 34, 33, 33, 32, 32, 31, 31, 30, 30, 29, 29, 28, 28, 27, 27, 26, 26, 25, 25, 24, 24, 23, 23, 22, 22, 21, 21, 20, 20, 19, 19, 18], "b_moves_left": [40, 39, 39, 38, 38, 37, 37, 36, 36, 35, 35, 34, 34, 33, 33, 32, 32, 31, 31, 30, 30, 29, 29, 28, 28, 27, 27, 26, 26, 25, 25, 24, 24, 23, 23, 22, 22, 21, 21, 20, 20, 19, 19], "trapdoor_triggered": [0, 0, 0, 0, 0, 0, 0, 0, 0, 0, 0, 0, 0, 0, 0, 0, 0, 0, 0, 0, 0, 0, 0, 0, 0, 0, 1, 0, 0, 0, 0, 1, 0, 0, 1, 0, 0, 0, 0, 0, 0, 0, 0], "left_behind": ["egg", "egg", "plain", "turd", "egg", "egg", "plain", "turd", "egg", "egg", "plain", "plain", "egg", "egg", "plain", "plain", "egg", "egg", "plain", "plain", "egg", "egg", "plain", "plain", "plain", "egg", "plain", "plain", "plain", "plain", "plain", "turd", "egg", "plain", "plain", "plain", "plain", "egg", "turd", "turd", "egg", "egg", "plain"], "errlog_a": "", "errlog_b": "Timeout", "start_time": 360, "start_moves": 40, "turn_count": 43, "result": 0, "reason": "CODE_CRASH", "trapdoors": [[3, 3], [5, 2]], "spawn_a": [0, 4], "spawn_b": [7, 4]}