{"pos": [[1, 4], [6, 4], [1, 3], [6, 3], [2, 3], [5, 3], [2, 2], [5, 2], [3, 2], [4, 2], [2, 2], [4, 1], [2, 1], [3, 1], [2, 0], [3, 0], [1, 0], [4, 0], [0, 0], [4, 1], [0, 1], [4, 2], [0, 0], [3, 2], [1, 0], [3, 3], [0, 0], [3, 4], [1, 0], [7, 4], [0, 0], [6, 4], [1, 0], [6, 5], [1, 1], [5, 5], [2, 1], [5, 6], [2, 2], [5, 5], [2, 1], [5, 4], [2, 2], [7, 4], [2, 1], [6, 4], [3, 1], [5, 4], [2, 1], [7, 4], [2, 2], [6, 4], [1, 2], [7, 4], [2, 2], [6, 4], [2, 1], [7, 4], [3, 1], [6, 4], [2, 1], [5, 4], [2, 2], [7, 4], [1, 2], [6, 4], [2, 2], [5, 4], [2, 1], [5, 3], [3, 1], [5, 4], [2, 1], [5, 3], [2, 2], [5, 4], [1, 2], [7, 4], [2, 2], [7, 3]], "a_eggs_laid": [1, 1, 1, 1, 2, 2, 2, 2, 3, 3, 3, 3, 3, 3, 3, 3, 4, 4, 4, 4, 7, 7, 7, 7, 7, 7, 7, 7, 7, 7, 11, 11, 11, 11, 11, 11, 12, 12, 12, 12, 12, 12, 12, 12, 16, 16, 16, 16, 17, 17, 21, 21, 21, 21, 21, 21, 21, 21, 21, 21, 21, 21, 21, 21, 25, 25, 25, 25, 25, 25, 25, 25, 25, 25, 25, 25, 25, 25, 29, 29], "b_eggs_laid": [0, 1, 1, 1, 1, 2, 2, 2, 2, 3, 3, 3, 3, 4, 4, 4, 4, 5, 5, 5, 5, 5, 5, 5, 5, 6, 6, 6, 6, 7, 7, 7, 7, 7, 7, 8, 8, 8, 8, 9, 9, 9, 9, 10, 10, 10, 10, 10, 10, 10, 10, 10, 10, 10, 10, 10, 10, 10, 10, 10, 10, 10, 10, 10, 10, 10, 10, 10, 10, 10, 10, 10, 10, 10, 10, 10, 10, 10, 10, 10], "a_turds_left": [5, 5, 5, 5, 5, 5, 5, 5, 5, 5, 5, 5, 5, 5, 5, 5, 5, 5, 5, 5, 5, 5, 5, 5, 5, 5, 5, 5, 5, 5, 5, 5, 5, 5, 5, 5, 5, 5, 5, 5, 5, 5, 5, 5, 5, 5, 5, 5, 5, 5, 5, 5, 5, 5, 5, 5, 5, 5, 5, 5, 5, 5, 5, 5, 5, 5, 5, 5, 5, 5, 5, 5, 5, 5, 5, 5, 5, 5, 5, 5], "b_turds_left": [5, 5, 5, 5, 5, 5, 5, 5, 5, 5, 5, 5, 5, 5, 5, 5, 5, 5, 5, 5, 5, 5, 5, 5, 5, 5, 5, 5, 5, 5, 5, 5, 5, 5, 5, 5, 5, 5, 5, 5, 5, 5, 5, 5, 5, 5, 5, 5, 5, 5, 5, 5, 5, 5, 5, 5, 5, 5, 5, 5, 5, 5, 5, 5, 5, 5, 5, 5, 5, 5, 5, 5, 5, 5, 5, 5, 5, 5, 5, 5], "a_time_left": [359.9991046998184, 359.9991046998184, 356.5975562997628, 356.5975562997628, 356.5971903996542, 356.5971903996542, 353.19594929972664, 353.19594929972664, 353.19553119968623, 353.19553119968623, 353.19235449982807, 353.19235449982807, 349.79144029994495, 349.79144029994495, 349.7791408000048, 349.7791408000048, 349.77873090002686, 349.77873090002686, 346.3772783000022, 346.3772783000022, 346.3769940000493, 346.3769940000493, 341.2748085001949, 341.2748085001949, 336.1734161002096, 336.1734161002096, 331.0710119002033, 331.0710119002033, 325.96960270032287, 325.96960270032287, 320.8677933004219, 320.8677933004219, 315.76655080053024, 315.76655080053024, 310.6651274005417, 310.6651274005417, 305.562552400399, 305.562552400399, 300.4611879005097, 300.4611879005097, 295.3604313004762, 295.3604313004762, 290.25787180056795, 290.25787180056795, 285.15543010039255, 285.15543010039255, 280.05356410029344, 280.05356410029344, 274.9507345003076, 274.9507345003076, 274.9492528003175, 274.9492528003175, 268.1460576001555, 268.1460576001555, 261.3439276001882, 261.3439276001882, 254.5410224001389, 254.5410224001389, 254.53989610006101, 254.53989610006101, 247.73888349998742, 247.73888349998742, 247.7381571000442, 247.7381571000442, 240.9373091000598, 240.9373091000598, 234.135606800206, 234.135606800206, 227.33471140032634, 227.33471140032634, 227.3333889003843, 227.3333889003843, 220.5325676004868, 220.5325676004868, 220.53187260054983, 220.53187260054983, 213.72804950061254, 213.72804950061254, 206.92611170071177, 206.92611170071177], "b_time_left": [360, 359.99943590001203, 359.99943590001203, 356.5975810000673, 356.5975810000673, 356.5971526000649, 356.5971526000649, 353.1963792000897, 353.1963792000897, 353.1960144001059, 353.1960144001059, 353.19031139998697, 353.19031139998697, 353.18986539985053, 353.18986539985053, 353.1781303999014, 353.1781303999014, 353.1777719997335, 353.1777719997335, 349.7765568997711, 349.7765568997711, 344.6748124996666, 344.6748124996666, 339.56943769962527, 339.56943769962527, 334.4476855995599, 334.4476855995599, 334.4464954996947, 334.4464954996947, 329.34434609976597, 329.34434609976597, 324.22196129965596, 324.22196129965596, 319.0915935996454, 319.0915935996454, 313.9748920996208, 313.9748920996208, 308.85013899975456, 308.85013899975456, 303.74822879978456, 303.74822879978456, 298.64561379980296, 298.64561379980296, 293.4845360997133, 293.4845360997133, 288.3800527998246, 288.3800527998246, 288.37728459970094, 288.37728459970094, 283.27094839978963, 283.27094839978963, 276.4669543998316, 276.4669543998316, 276.4655694998801, 276.4655694998801, 269.6378759997897, 269.6378759997897, 269.63620939990506, 269.63620939990506, 262.8200373998843, 262.8200373998843, 262.8193469999824, 262.8193469999824, 256.01810220000334, 256.01810220000334, 249.21513199992478, 249.21513199992478, 249.21460579987615, 249.21460579987615, 242.4135193999391, 242.4135193999391, 235.6118439999409, 235.6118439999409, 228.80967939994298, 228.80967939994298, 222.00827240012586, 222.00827240012586, 215.20456079998985, 215.20456079998985, 208.40247269999236], "a_moves_left": [39, 39, 38, 38, 37, 37, 36, 36, 35, 35, 34, 34, 33, 33, 32, 32, 31, 31, 30, 30, 29, 29, 28, 28, 27, 27, 26, 26, 25, 25, 24, 24, 23, 23, 22, 22, 21, 21, 20, 20, 19, 19, 18, 18, 17, 17, 16, 16, 15, 15, 14, 14, 13, 13, 12, 12, 11, 11, 10, 10, 9, 9, 8, 8, 7, 7, 6, 6, 5, 5, 4, 4, 3, 3, 2, 2, 1, 1, 0, 0], "b_moves_left": [40, 39, 39, 38, 38, 37, 37, 36, 36, 35, 35, 34, 34, 33, 33, 32, 32, 31, 31, 30, 30, 29, 29, 28, 28, 27, 27, 26, 26, 25, 25, 24, 24, 23, 23, 22, 22, 21, 21, 20, 20, 19, 19, 18, 18, 17, 17, 16, 16, 15, 15, 14, 14, 13, 13, 12, 12, 11, 11, 10, 10, 9, 9, 8, 8, 7, 7, 6, 6, 5, 5, 4, 4, 3, 3, 2, 2, 1, 1, 0], "trapdoor_triggered": [0, 0, 0, 0, 0, 0, 0, 0, 0, 0, 0, 0, 0, 0, 0, 0, 0, 0, 0, 0, 0, 0, 0, 0, 0, 0, 0, 0, 0, 1, 0, 0, 0, 0, 0, 0, 0, 0, 0, 0, 0, 0, 0, 1, 0, 0, 0, 0, 0, 1, 0, 0, 0, 0, 0, 0, 0, 0, 0, 0, 0, 0, 0, 1, 0, 0, 0, 0, 0, 0, 0, 0, 0, 0, 0, 0, 0, 1, 0, 0], "left_behind": ["egg", "egg", "plain", "plain", "egg", "egg", "plain", "plain", "egg", "egg", "plain", "plain", "plain", "egg", "plain", "plain", "egg", "egg", "plain", "plain", "egg", "plain", "plain", "plain", "plain", "egg", "plain", "plain", "plain", "egg", "plain", "plain", "plain", "plain", "plain", "egg", "egg", "plain", "plain", "egg", "plain", "plain", "plain", "egg", "plain", "plain", "plain", "plain", "egg", "plain", "plain", "plain", "plain", "plain", "plain", "plain", "plain", "plain", "plain", "plain", "plain", "plain", "plain", "plain", "plain", "plain", "plain", "plain", "plain", "plain", "plain", "plain", "plain", "plain", "plain", "plain", "plain", "plain", "plain", "plain"], "errlog_a": "", "errlog_b": "", "start_time": 360, "start_moves": 40, "turn_count": 80, "result": 0, "reason": "EGGS_LAID", "trapdoors": [[4, 4], [4, 3]], "spawn_a": [0, 4], "spawn_b": [7, 4]}