{"pos": [[7, 2], [1, 3], [6, 2], [1, 2], [6, 3], [2, 2], [6, 4], [2, 1], [6, 5], [1, 1], [7, 5], [1, 0], [7, 6], [2, 0], [7, 7], [3, 0], [6, 7], [3, 1], [6, 6], [4, 1], [5, 6], [4, 2], [5, 5], [0, 3], [5, 4], [0, 4], [7, 3], [1, 4], [7, 4], [1, 3], [7, 5], [2, 3], [6, 5], [3, 3], [6, 4], [0, 3], [5, 4], [0, 2], [5, 3], [0, 1], [6, 3], [0, 0], [6, 4], [1, 0], [5, 4], [2, 0], [2, 0]], "a_eggs_laid": [1, 1, 1, 1, 1, 1, 1, 1, 1, 1, 1, 1, 1, 1, 1, 1, 1, 1, 1, 1, 2, 2, 2, 2, 7, 7, 7, 7, 7, 7, 7, 7, 8, 8, 8, 8, 12, 12, 12, 12, 12, 12, 12, 12, 13, 13, 13], "b_eggs_laid": [0, 0, 0, 0, 0, 1, 1, 1, 1, 2, 2, 2, 2, 2, 2, 2, 2, 3, 3, 3, 3, 3, 3, 3, 3, 4, 4, 8, 8, 9, 9, 9, 9, 9, 9, 9, 9, 9, 9, 9, 9, 10, 10, 10, 10, 11, 11], "a_turds_left": [5, 5, 4, 4, 4, 4, 4, 4, 4, 4, 4, 4, 4, 4, 4, 4, 4, 4, 3, 3, 3, 3, 3, 3, 3, 3, 3, 3, 3, 3, 2, 2, 2, 2, 1, 1, 1, 1, 1, 1, 0, 0, 0, 0, 0, 0, 0], "b_turds_left": [5, 5, 5, 4, 4, 4, 4, 4, 4, 4, 4, 3, 3, 3, 3, 2, 2, 2, 2, 1, 1, 1, 1, 0, 0, 0, 0, 0, 0, 0, 0, 0, 0, 0, 0, 0, 0, 0, 0, 0, 0, 0, 0, 0, 0, 0, 0], "a_time_left": [356.55373549996875, 356.55373549996875, 353.1127979999874, 353.1127979999874, 349.7101316000335, 349.7101316000335, 346.25266679981723, 346.25266679981723, 342.8343285997398, 342.8343285997398, 339.42539629968815, 339.42539629968815, 336.0101506996434, 336.0101506996434, 332.6089968995657, 332.6089968995657, 329.1693835996557, 329.1693835996557, 325.71298379963264, 325.71298379963264, 320.5374876994174, 320.5374876994174, 315.43226669938304, 315.43226669938304, 310.31145669938996, 310.31145669938996, 305.2084061994683, 305.2084061994683, 300.0990109993145, 300.0990109993145, 294.99482879950665, 294.99482879950665, 289.87729849945754, 289.87729849945754, 284.7729761993978, 284.7729761993978, 279.6523993993178, 279.6523993993178, 274.5500815992709, 274.5500815992709, 269.4234302993864, 269.4234302993864, 264.30304219946265, 264.30304219946265, 259.1890932994429, 259.1890932994429, 254.06356689939275], "b_time_left": [360, 356.57603539992124, 356.57603539992124, 353.1541818000842, 353.1541818000842, 349.7182631001342, 349.7182631001342, 346.29312110017054, 346.29312110017054, 342.8762494002003, 342.8762494002003, 339.4569137003273, 339.4569137003273, 336.04383960017003, 336.04383960017003, 332.60745880007744, 332.60745880007744, 329.200780000072, 329.200780000072, 325.76575010013767, 325.76575010013767, 320.62131230020896, 320.62131230020896, 315.50510800024495, 315.50510800024495, 310.3727179002017, 310.3727179002017, 305.23415770032443, 305.23415770032443, 300.1320349003654, 300.1320349003654, 295.00243120035157, 295.00243120035157, 289.89941090042703, 289.89941090042703, 284.78995720040984, 284.78995720040984, 279.68863610038534, 279.68863610038534, 274.58760680025443, 274.58760680025443, 269.4853808002081, 269.4853808002081, 264.3843514001928, 264.3843514001928, 259.2828337000683, 259.2828337000683], "a_moves_left": [39, 39, 38, 38, 37, 37, 36, 36, 35, 35, 34, 34, 33, 33, 32, 32, 31, 31, 30, 30, 29, 29, 28, 28, 27, 27, 26, 26, 25, 25, 24, 24, 23, 23, 22, 22, 21, 21, 20, 20, 19, 19, 18, 18, 17, 17, 16], "b_moves_left": [40, 39, 39, 38, 38, 37, 37, 36, 36, 35, 35, 34, 34, 33, 33, 32, 32, 31, 31, 30, 30, 29, 29, 28, 28, 27, 27, 26, 26, 25, 25, 24, 24, 23, 23, 22, 22, 21, 21, 20, 20, 19, 19, 18, 18, 17, 17], "trapdoor_triggered": [0, 0, 0, 0, 0, 0, 0, 0, 0, 0, 0, 0, 0, 0, 0, 0, 0, 0, 0, 0, 0, 0, 0, 1, 0, 0, 1, 0, 0, 0, 0, 0, 0, 0, 0, 1, 0, 0, 0, 0, 0, 0, 0, 0, 0, 0, 1, 0], "left_behind": ["egg", "plain", "turd", "turd", "plain", "egg", "plain", "plain", "plain", "egg", "plain", "turd", "plain", "plain", "plain", "turd", "plain", "egg", "turd", "turd", "egg", "plain", "plain", "turd", "egg", "egg", "plain", "plain", "plain", "egg", "turd", "plain", "egg", "plain", "turd", "plain", "plain", "plain", "plain", "plain", "turd", "egg", "plain", "plain", "egg", "egg", "plain"], "errlog_a": "", "errlog_b": "{moves}", "start_time": 360, "start_moves": 40, "turn_count": 47, "result": 0, "reason": "INVALID_TURN", "trapdoors": [[4, 4], [4, 3]], "spawn_a": [7, 3], "spawn_b": [0, 3]}