{"pos": [[0, 1], [6, 2], [1, 1], [6, 1], [0, 1], [6, 2], [0, 0], [6, 3], [1, 0], [6, 4], [2, 0], [5, 4], [3, 0], [6, 4], [3, 1], [6, 5], [2, 1], [6, 6], [0, 2], [5, 6], [0, 3], [4, 6], [0, 4], [3, 6], [1, 4], [2, 6], [1, 3], [1, 6], [1, 2], [1, 5], [0, 2], [7, 2], [0, 1], [7, 1], [0, 0], [7, 0], [1, 0], [6, 0], [0, 0], [5, 0], [0, 1], [5, 1], [0, 0], [4, 1], [1, 0], [4, 2], [2, 0], [3, 2], [2, 1], [3, 3], [0, 2], [2, 3], [0, 1], [2, 4], [0, 0], [3, 4], [1, 0], [3, 3], [1, 1], [2, 3], [2, 1], [2, 4], [0, 2], [1, 4], [0, 1], [1, 5], [0, 0], [0, 5], [1, 0], [0, 6], [2, 0], [0, 7], [2, 1], [1, 7], [0, 2], [2, 7], [0, 1], [3, 7], [0, 0], [4, 7]], "a_eggs_laid": [1, 1, 1, 1, 2, 2, 2, 2, 5, 5, 5, 5, 6, 6, 6, 6, 7, 7, 7, 7, 7, 7, 7, 7, 8, 8, 8, 8, 9, 9, 9, 9, 13, 13, 13, 13, 13, 13, 13, 13, 13, 13, 13, 13, 13, 13, 13, 13, 13, 13, 13, 13, 13, 13, 13, 13, 13, 13, 13, 13, 13, 13, 13, 13, 13, 13, 13, 13, 13, 13, 13, 13, 13, 13, 13, 13, 13, 13, 13, 13], "b_eggs_laid": [0, 1, 1, 1, 1, 2, 2, 2, 2, 3, 3, 3, 3, 4, 4, 4, 4, 5, 5, 9, 9, 10, 10, 10, 10, 11, 11, 11, 11, 12, 12, 16, 16, 16, 16, 16, 16, 19, 19, 19, 19, 20, 20, 20, 20, 21, 21, 21, 21, 21, 21, 25, 25, 25, 25, 25, 25, 26, 26, 26, 26, 27, 27, 31, 31, 32, 32, 32, 32, 33, 33, 33, 33, 36, 36, 40, 40, 41, 41, 41], "a_turds_left": [5, 5, 4, 4, 4, 4, 4, 4, 4, 4, 4, 4, 4, 4, 3, 3, 3, 3, 2, 2, 2, 2, 1, 1, 1, 1, 1, 1, 1, 1, 0, 0, 0, 0, 0, 0, 0, 0, 0, 0, 0, 0, 0, 0, 0, 0, 0, 0, 0, 0, 0, 0, 0, 0, 0, 0, 0, 0, 0, 0, 0, 0, 0, 0, 0, 0, 0, 0, 0, 0, 0, 0, 0, 0, 0, 0, 0, 0, 0, 0], "b_turds_left": [5, 5, 5, 4, 4, 4, 4, 4, 4, 4, 4, 4, 4, 4, 4, 3, 3, 3, 3, 2, 2, 2, 2, 1, 1, 1, 1, 0, 0, 0, 0, 0, 0, 0, 0, 0, 0, 0, 0, 0, 0, 0, 0, 0, 0, 0, 0, 0, 0, 0, 0, 0, 0, 0, 0, 0, 0, 0, 0, 0, 0, 0, 0, 0, 0, 0, 0, 0, 0, 0, 0, 0, 0, 0, 0, 0, 0, 0, 0, 0], "a_time_left": [359.99884459981695, 359.99884459981695, 356.59399839979596, 356.59399839979596, 356.59366029989906, 356.59366029989906, 353.1865151999518, 353.1865151999518, 353.1861032000743, 353.1861032000743, 349.7710720000323, 349.7710720000323, 349.77070539980195, 349.77070539980195, 346.3699213997461, 346.3699213997461, 346.36941489973105, 346.36941489973105, 342.9667348996736, 342.9667348996736, 337.8651449996978, 337.8651449996978, 332.7630960997194, 332.7630960997194, 327.654153799871, 327.654153799871, 322.5521193998866, 322.5521193998866, 317.4510339999106, 317.4510339999106, 312.34911469975486, 312.34911469975486, 312.34793809987605, 312.34793809987605, 312.3454367998056, 312.3454367998056, 307.2438467997126, 307.2438467997126, 307.2427060997579, 307.2427060997579, 302.14151579979807, 302.14151579979807, 302.1405208997894, 302.1405208997894, 297.0380905997008, 297.0380905997008, 297.03622139967047, 297.03622139967047, 291.9350307995919, 291.9350307995919, 285.132624599617, 285.132624599617, 285.1315531996079, 285.1315531996079, 285.1304191995878, 285.1304191995878, 278.32929599960335, 278.32929599960335, 278.3282155995257, 278.3282155995257, 271.5264902994968, 271.5264902994968, 264.7244872995652, 264.7244872995652, 264.7231258994434, 264.7231258994434, 264.72208389942534, 264.72208389942534, 257.92100749956444, 257.92100749956444, 257.91979919956066, 257.91979919956066, 251.1183199994266, 251.1183199994266, 244.31589179951698, 244.31589179951698, 244.31494369963184, 244.31494369963184, 244.31371349957772, 244.31371349957772], "b_time_left": [360, 359.999326699879, 359.999326699879, 356.58945989981294, 356.58945989981294, 356.58904229989275, 356.58904229989275, 353.170923799742, 353.170923799742, 353.17053359979764, 353.17053359979764, 349.7492568998132, 349.7492568998132, 349.748939599609, 349.748939599609, 346.33722309954464, 346.33722309954464, 346.3369028994348, 346.3369028994348, 342.92915029940195, 342.92915029940195, 342.92875649943016, 342.92875649943016, 337.82712059956975, 337.82712059956975, 332.725243299501, 332.725243299501, 327.62360589951277, 327.62360589951277, 322.50288399960846, 322.50288399960846, 317.4012065997813, 317.4012065997813, 312.29842769983225, 312.29842769983225, 307.19516179990023, 307.19516179990023, 302.09167509991676, 302.09167509991676, 296.9882128997706, 296.9882128997706, 291.8867334998213, 291.8867334998213, 286.7810626998544, 286.7810626998544, 281.67930469987914, 281.67930469987914, 276.5763481997419, 276.5763481997419, 276.55726469983347, 276.55726469983347, 269.7544160997495, 269.7544160997495, 262.95203599962406, 262.95203599962406, 256.15014379960485, 256.15014379960485, 249.3446183996275, 249.3446183996275, 242.54176459973678, 242.54176459973678, 242.53738549957052, 242.53738549957052, 235.7349778993521, 235.7349778993521, 228.93365269945934, 228.93365269945934, 222.1313672994729, 222.1313672994729, 215.32782199955545, 215.32782199955545, 208.52106079948135, 208.52106079948135, 201.72000539954752, 201.72000539954752, 194.91779519966803, 194.91779519966803, 188.11134429974481, 188.11134429974481, 181.30501959985122], "a_moves_left": [39, 39, 38, 38, 37, 37, 36, 36, 35, 35, 34, 34, 33, 33, 32, 32, 31, 31, 30, 30, 29, 29, 28, 28, 27, 27, 26, 26, 25, 25, 24, 24, 23, 23, 22, 22, 21, 21, 20, 20, 19, 19, 18, 18, 17, 17, 16, 16, 15, 15, 14, 14, 13, 13, 12, 12, 11, 11, 10, 10, 9, 9, 8, 8, 7, 7, 6, 6, 5, 5, 4, 4, 3, 3, 2, 2, 1, 1, 0, 0], "b_moves_left": [40, 39, 39, 38, 38, 37, 37, 36, 36, 35, 35, 34, 34, 33, 33, 32, 32, 31, 31, 30, 30, 29, 29, 28, 28, 27, 27, 26, 26, 25, 25, 24, 24, 23, 23, 22, 22, 21, 21, 20, 20, 19, 19, 18, 18, 17, 17, 16, 16, 15, 15, 14, 14, 13, 13, 12, 12, 11, 11, 10, 10, 9, 9, 8, 8, 7, 7, 6, 6, 5, 5, 4, 4, 3, 3, 2, 2, 1, 1, 0], "trapdoor_triggered": [0, 0, 0, 0, 0, 0, 0, 0, 0, 0, 0, 0, 0, 0, 0, 0, 0, 0, 1, 0, 0, 0, 0, 0, 0, 0, 0, 0, 0, 0, 1, 1, 0, 0, 0, 0, 0, 0, 0, 0, 0, 0, 0, 0, 0, 0, 0, 0, 0, 0, 1, 0, 0, 0, 0, 0, 0, 0, 0, 0, 0, 0, 1, 0, 0, 0, 0, 0, 0, 0, 0, 0, 0, 0, 1, 0, 0, 0, 0, 0], "left_behind": ["egg", "egg", "turd", "turd", "egg", "egg", "plain", "plain", "egg", "egg", "plain", "plain", "egg", "egg", "turd", "turd", "egg", "egg", "turd", "turd", "plain", "egg", "turd", "turd", "egg", "egg", "plain", "turd", "egg", "egg", "turd", "plain", "plain", "plain", "plain", "plain", "plain", "egg", "plain", "plain", "plain", "egg", "plain", "plain", "plain", "egg", "plain", "plain", "plain", "plain", "plain", "plain", "plain", "plain", "plain", "plain", "plain", "egg", "plain", "plain", "plain", "egg", "plain", "plain", "plain", "egg", "plain", "plain", "plain", "egg", "plain", "plain", "plain", "egg", "plain", "plain", "plain", "egg", "plain", "plain"], "errlog_a": "", "errlog_b": "", "start_time": 360, "start_moves": 40, "turn_count": 80, "result": 1, "reason": "EGGS_LAID", "trapdoors": [[2, 2], [2, 5]], "spawn_a": [0, 2], "spawn_b": [7, 2]}