{"pos": [[0, 1], [6, 2], [1, 1], [6, 1], [1, 0], [7, 1], [2, 0], [7, 0], [2, 1], [6, 0], [3, 1], [5, 0], [3, 0], [6, 0], [4, 0], [7, 0], [4, 1], [6, 0], [4, 2], [5, 0], [4, 1], [6, 0], [5, 1], [7, 0], [4, 1], [6, 0], [4, 0], [5, 0], [4, 1], [6, 0], [4, 0], [7, 0], [4, 1], [6, 0], [4, 0], [5, 0], [4, 1], [6, 0], [4, 0], [7, 0], [4, 1], [6, 0], [4, 0], [5, 0], [4, 1], [6, 0], [4, 0], [7, 0], [4, 1], [6, 0], [4, 0], [5, 0], [4, 1], [6, 0], [4, 0], [7, 0], [4, 1], [7, 1], [4, 0], [7, 2], [4, 1], [7, 3], [4, 0], [6, 3], [4, 1], [6, 4], [4, 0], [6, 5], [4, 1], [6, 6], [4, 0], [5, 6], [4, 1], [4, 6], [4, 0], [3, 6], [4, 1], [2, 6], [4, 0], [1, 6]], "a_eggs_laid": [1, 1, 1, 1, 2, 2, 2, 2, 3, 3, 3, 3, 4, 4, 4, 4, 5, 5, 5, 5, 6, 6, 6, 6, 7, 7, 7, 7, 7, 7, 7, 7, 7, 7, 7, 7, 7, 7, 7, 7, 7, 7, 7, 7, 7, 7, 7, 7, 7, 7, 7, 7, 7, 7, 7, 7, 7, 7, 7, 7, 7, 7, 7, 7, 7, 7, 7, 7, 7, 7, 7, 7, 7, 7, 7, 7, 7, 7, 7, 7], "b_eggs_laid": [0, 1, 1, 1, 1, 2, 2, 2, 2, 5, 5, 5, 5, 6, 6, 6, 6, 6, 6, 6, 6, 6, 6, 6, 6, 6, 6, 6, 6, 6, 6, 6, 6, 6, 6, 6, 6, 6, 6, 6, 6, 6, 6, 6, 6, 6, 6, 6, 6, 6, 6, 6, 6, 6, 6, 6, 6, 6, 6, 6, 6, 6, 6, 6, 6, 7, 7, 7, 7, 8, 8, 8, 8, 9, 9, 9, 9, 10, 10, 10], "a_turds_left": [5, 5, 5, 5, 5, 5, 5, 5, 5, 5, 5, 5, 5, 5, 4, 4, 4, 4, 3, 3, 3, 3, 3, 3, 3, 3, 3, 3, 3, 3, 3, 3, 3, 3, 3, 3, 3, 3, 3, 3, 3, 3, 3, 3, 3, 3, 3, 3, 3, 3, 3, 3, 3, 3, 3, 3, 3, 3, 3, 3, 3, 3, 3, 3, 3, 3, 3, 3, 3, 3, 3, 3, 3, 3, 3, 3, 3, 3, 3, 3], "b_turds_left": [5, 5, 5, 4, 4, 4, 4, 4, 4, 4, 4, 4, 4, 4, 4, 4, 4, 4, 4, 4, 4, 4, 4, 4, 4, 4, 4, 4, 4, 4, 4, 4, 4, 4, 4, 4, 4, 4, 4, 4, 4, 4, 4, 4, 4, 4, 4, 4, 4, 4, 4, 4, 4, 4, 4, 4, 4, 4, 4, 4, 4, 4, 4, 4, 4, 4, 4, 3, 3, 3, 3, 2, 2, 2, 2, 1, 1, 1, 1, 0], "a_time_left": [359.99815990000207, 359.99815990000207, 357.44722800000454, 357.44722800000454, 357.44646130000183, 357.44646130000183, 354.8957025000054, 354.8957025000054, 354.89481440000964, 354.89481440000964, 352.3437391000043, 352.3437391000043, 352.3431822000057, 352.3431822000057, 349.7920188999997, 349.7920188999997, 349.7911252000049, 349.7911252000049, 347.2398045000082, 347.2398045000082, 347.2391995000071, 347.2391995000071, 342.9877694000097, 342.9877694000097, 342.98716180001065, 342.98716180001065, 342.98660570001084, 342.98660570001084, 342.98540630000934, 342.98540630000934, 342.9847373000084, 342.9847373000084, 342.98403810001037, 342.98403810001037, 342.9834885000091, 342.9834885000091, 342.982284500009, 342.982284500009, 342.9813102000044, 342.9813102000044, 342.98041940000985, 342.98041940000985, 342.9796905000039, 342.9796905000039, 342.9784528000091, 342.9784528000091, 342.97795070000575, 342.97795070000575, 342.97708820000844, 342.97708820000844, 342.976542000004, 342.976542000004, 342.9750919000071, 342.9750919000071, 342.9745713000084, 342.9745713000084, 342.9740088000035, 342.9740088000035, 342.9734968000048, 342.9734968000048, 342.9729821000001, 342.9729821000001, 342.97245739999926, 342.97245739999926, 342.9718797000023, 342.9718797000023, 342.9713577000002, 342.9713577000002, 342.970794199995, 342.970794199995, 342.970226999998, 342.970226999998, 342.96937949999847, 342.96937949999847, 342.96885920000204, 342.96885920000204, 342.96812460000365, 342.96812460000365, 342.9675781000042, 342.9675781000042], "b_time_left": [360, 359.9973342000012, 359.9973342000012, 349.9849308999983, 349.9849308999983, 339.9846757999985, 339.9846757999985, 330.1931639000031, 330.1931639000031, 320.19282330000715, 320.19282330000715, 310.186514800007, 310.186514800007, 300.1857461000109, 300.1857461000109, 300.15012870001374, 300.15012870001374, 299.96477640001103, 299.96477640001103, 299.93010220000724, 299.93010220000724, 299.87301730000763, 299.87301730000763, 299.86856820000685, 299.86856820000685, 299.77136100000644, 299.77136100000644, 299.7366175000061, 299.7366175000061, 299.7245094000027, 299.7245094000027, 299.7209703000044, 299.7209703000044, 299.70475850001094, 299.70475850001094, 299.70247340001515, 299.70247340001515, 299.68706100001873, 299.68706100001873, 299.68331930001295, 299.68331930001295, 299.6640540000153, 299.6640540000153, 299.66083540002, 299.66083540002, 299.64870660002634, 299.64870660002634, 299.6462452000269, 299.6462452000269, 299.6246007000227, 299.6246007000227, 299.62227280002116, 299.62227280002116, 299.621927300017, 299.621927300017, 299.6215821000151, 299.6215821000151, 299.62128500001563, 299.62128500001563, 299.6209477000157, 299.6209477000157, 299.56345160001365, 299.56345160001365, 299.3845607000112, 299.3845607000112, 299.1959548000086, 299.1959548000086, 298.991491400011, 298.991491400011, 298.7590460000065, 298.7590460000065, 298.49043120000715, 298.49043120000715, 298.1586224000057, 298.1586224000057, 297.95132120000926, 297.95132120000926, 297.693729000006, 297.693729000006, 297.46557170000597], "a_moves_left": [39, 39, 38, 38, 37, 37, 36, 36, 35, 35, 34, 34, 33, 33, 32, 32, 31, 31, 30, 30, 29, 29, 28, 28, 27, 27, 26, 26, 25, 25, 24, 24, 23, 23, 22, 22, 21, 21, 20, 20, 19, 19, 18, 18, 17, 17, 16, 16, 15, 15, 14, 14, 13, 13, 12, 12, 11, 11, 10, 10, 9, 9, 8, 8, 7, 7, 6, 6, 5, 5, 4, 4, 3, 3, 2, 2, 1, 1, 0, 0], "b_moves_left": [40, 39, 39, 38, 38, 37, 37, 36, 36, 35, 35, 34, 34, 33, 33, 32, 32, 31, 31, 30, 30, 29, 29, 28, 28, 27, 27, 26, 26, 25, 25, 24, 24, 23, 23, 22, 22, 21, 21, 20, 20, 19, 19, 18, 18, 17, 17, 16, 16, 15, 15, 14, 14, 13, 13, 12, 12, 11, 11, 10, 10, 9, 9, 8, 8, 7, 7, 6, 6, 5, 5, 4, 4, 3, 3, 2, 2, 1, 1, 0], "trapdoor_triggered": [0, 0, 0, 0, 0, 0, 0, 0, 0, 0, 0, 0, 0, 0, 0, 0, 0, 0, 0, 0, 0, 0, 0, 0, 0, 0, 0, 0, 0, 0, 0, 0, 0, 0, 0, 0, 0, 0, 0, 0, 0, 0, 0, 0, 0, 0, 0, 0, 0, 0, 0, 0, 0, 0, 0, 0, 0, 0, 0, 0, 0, 0, 0, 0, 0, 0, 0, 0, 0, 0, 0, 0, 0, 0, 0, 0, 0, 0, 0, 0], "left_behind": ["egg", "egg", "plain", "turd", "egg", "egg", "plain", "plain", "egg", "egg", "plain", "plain", "egg", "egg", "turd", "plain", "egg", "plain", "turd", "plain", "egg", "plain", "plain", "plain", "egg", "plain", "plain", "plain", "plain", "plain", "plain", "plain", "plain", "plain", "plain", "plain", "plain", "plain", "plain", "plain", "plain", "plain", "plain", "plain", "plain", "plain", "plain", "plain", "plain", "plain", "plain", "plain", "plain", "plain", "plain", "plain", "plain", "plain", "plain", "plain", "plain", "plain", "plain", "plain", "plain", "egg", "plain", "turd", "plain", "egg", "plain", "turd", "plain", "egg", "plain", "turd", "plain", "egg", "plain", "turd"], "errlog_a": "", "errlog_b": "", "start_time": 360, "start_moves": 40, "turn_count": 80, "result": 1, "reason": "EGGS_LAID", "trapdoors": [[2, 2], [4, 5]], "spawn_a": [0, 2], "spawn_b": [7, 2]}