{"pos": [[6, 3], [1, 3], [5, 3], [1, 2], [4, 3], [1, 1], [4, 2], [2, 1], [7, 3], [3, 1], [6, 3], [4, 1], [6, 4], [5, 1], [6, 5], [5, 0], [5, 5], [6, 0], [4, 5], [7, 0], [4, 4], [7, 1], [3, 4], [7, 2], [3, 3], [6, 2], [4, 3], [6, 1], [4, 2], [6, 0], [4, 3], [5, 0], [3, 3], [4, 0], [4, 3], [3, 0], [4, 2], [2, 0], [4, 3], [1, 0], [4, 4], [0, 0], [4, 5], [0, 1], [3, 5], [0, 0], [3, 4], [1, 0], [3, 3], [2, 0], [4, 3], [3, 0], [3, 3], [4, 0], [4, 3], [5, 0], [3, 3], [6, 0], [4, 3], [7, 0], [3, 3], [7, 1], [4, 3], [6, 1], [3, 3], [6, 2], [4, 3], [5, 2], [3, 3], [6, 2], [4, 3], [6, 3], [3, 3], [6, 2], [4, 3], [7, 2], [3, 3], [7, 1], [4, 3], [7, 0]], "a_eggs_laid": [1, 1, 1, 1, 2, 2, 2, 2, 3, 3, 3, 3, 3, 3, 4, 4, 4, 4, 5, 5, 5, 5, 6, 6, 6, 6, 6, 6, 6, 6, 6, 6, 6, 6, 6, 6, 6, 6, 6, 6, 6, 6, 6, 6, 6, 6, 6, 6, 6, 6, 6, 6, 6, 6, 6, 6, 6, 6, 6, 6, 6, 6, 6, 6, 6, 6, 6, 6, 6, 6, 6, 6, 6, 6, 6, 6, 6, 6, 6, 6], "b_eggs_laid": [0, 1, 1, 1, 1, 2, 2, 2, 2, 7, 7, 7, 7, 8, 8, 8, 8, 9, 9, 9, 9, 12, 12, 12, 12, 13, 13, 13, 13, 14, 14, 14, 14, 14, 14, 14, 14, 15, 15, 15, 15, 16, 16, 16, 16, 17, 17, 17, 17, 17, 17, 17, 17, 17, 17, 17, 17, 17, 17, 17, 17, 17, 17, 17, 17, 17, 17, 17, 17, 18, 18, 18, 18, 19, 19, 19, 19, 19, 19, 19], "a_turds_left": [5, 5, 5, 5, 5, 5, 5, 5, 5, 5, 5, 5, 5, 5, 5, 5, 5, 5, 5, 5, 5, 5, 5, 5, 5, 5, 4, 4, 4, 4, 4, 4, 3, 3, 3, 3, 3, 3, 3, 3, 3, 3, 3, 3, 2, 2, 1, 1, 0, 0, 0, 0, 0, 0, 0, 0, 0, 0, 0, 0, 0, 0, 0, 0, 0, 0, 0, 0, 0, 0, 0, 0, 0, 0, 0, 0, 0, 0, 0, 0], "b_turds_left": [5, 5, 5, 4, 4, 4, 4, 3, 3, 3, 3, 2, 2, 2, 2, 1, 1, 1, 1, 1, 1, 1, 1, 1, 1, 1, 1, 0, 0, 0, 0, 0, 0, 0, 0, 0, 0, 0, 0, 0, 0, 0, 0, 0, 0, 0, 0, 0, 0, 0, 0, 0, 0, 0, 0, 0, 0, 0, 0, 0, 0, 0, 0, 0, 0, 0, 0, 0, 0, 0, 0, 0, 0, 0, 0, 0, 0, 0, 0, 0], "a_time_left": [356.79742210000404, 356.79742210000404, 353.59474469999986, 353.59474469999986, 350.390811199999, 350.390811199999, 350.3882772999932, 350.3882772999932, 347.1800021999952, 347.1800021999952, 343.97554919999675, 343.97554919999675, 340.7691682999939, 340.7691682999939, 337.5581672999906, 337.5581672999906, 334.3518424999929, 334.3518424999929, 331.1424471999926, 331.1424471999926, 325.5346880999932, 325.5346880999932, 319.9268108999968, 319.9268108999968, 319.91890809999313, 319.91890809999313, 319.90914659999544, 319.90914659999544, 319.9012861999945, 319.9012861999945, 314.2970912999954, 314.2970912999954, 308.68531419999636, 308.68531419999636, 303.07404659999884, 303.07404659999884, 303.0692512000023, 303.0692512000023, 297.46424999999726, 297.46424999999726, 297.4593004999988, 297.4593004999988, 297.4292542000039, 297.4292542000039, 297.4107348000107, 297.4107348000107, 297.40551100001176, 297.40551100001176, 297.3976054000159, 297.3976054000159, 297.39515290001145, 297.39515290001145, 297.3929066000128, 297.3929066000128, 297.3904257000104, 297.3904257000104, 297.3881010000114, 297.3881010000114, 297.3857277000061, 297.3857277000061, 297.38328100000945, 297.38328100000945, 297.3791670000064, 297.3791670000064, 297.3769728000043, 297.3769728000043, 297.36564300000464, 297.36564300000464, 297.363425800002, 297.363425800002, 297.35969540000224, 297.35969540000224, 297.35736840000027, 297.35736840000027, 297.3547588999936, 297.3547588999936, 297.35253699999885, 297.35253699999885, 297.3502847999989, 297.3502847999989], "b_time_left": [360, 359.99926190000406, 359.99926190000406, 349.9981576000064, 349.9981576000064, 339.9897153000056, 339.9897153000056, 330.0886093000008, 330.0886093000008, 320.08530070000415, 320.08530070000415, 310.0848036000025, 310.0848036000025, 300.08426370000234, 300.08426370000234, 290.083913800001, 290.083913800001, 280.0833969000014, 280.0833969000014, 270.0824881000008, 270.0824881000008, 260.07014979999803, 260.07014979999803, 250.06579429999692, 250.06579429999692, 240.06161079999583, 240.06161079999583, 239.19504289999168, 239.19504289999168, 238.775719499994, 238.775719499994, 238.76914579998993, 238.76914579998993, 228.7686932999859, 228.7686932999859, 228.57665029998316, 228.57665029998316, 228.05332159998216, 228.05332159998216, 227.8510742999788, 227.8510742999788, 217.8494665999824, 217.8494665999824, 207.84917249998398, 207.84917249998398, 198.44157259997883, 198.44157259997883, 198.3877520999813, 198.3877520999813, 198.2522887999803, 198.2522887999803, 198.20631529997627, 198.20631529997627, 198.02907669997512, 198.02907669997512, 197.97191409997322, 197.97191409997322, 197.90365509997355, 197.90365509997355, 197.85849339997367, 197.85849339997367, 197.77133419996971, 197.77133419996971, 197.7188762999649, 197.7188762999649, 197.70027209996624, 197.70027209996624, 197.5981451999687, 197.5981451999687, 197.55433129997255, 197.55433129997255, 197.5540111999726, 197.5540111999726, 197.51326119997248, 197.51326119997248, 197.51296009997168, 197.51296009997168, 197.51266759997088, 197.51266759997088, 197.51242029996502], "a_moves_left": [39, 39, 38, 38, 37, 37, 36, 36, 35, 35, 34, 34, 33, 33, 32, 32, 31, 31, 30, 30, 29, 29, 28, 28, 27, 27, 26, 26, 25, 25, 24, 24, 23, 23, 22, 22, 21, 21, 20, 20, 19, 19, 18, 18, 17, 17, 16, 16, 15, 15, 14, 14, 13, 13, 12, 12, 11, 11, 10, 10, 9, 9, 8, 8, 7, 7, 6, 6, 5, 5, 4, 4, 3, 3, 2, 2, 1, 1, 0, 0], "b_moves_left": [40, 39, 39, 38, 38, 37, 37, 36, 36, 35, 35, 34, 34, 33, 33, 32, 32, 31, 31, 30, 30, 29, 29, 28, 28, 27, 27, 26, 26, 25, 25, 24, 24, 23, 23, 22, 22, 21, 21, 20, 20, 19, 19, 18, 18, 17, 17, 16, 16, 15, 15, 14, 14, 13, 13, 12, 12, 11, 11, 10, 10, 9, 9, 8, 8, 7, 7, 6, 6, 5, 5, 4, 4, 3, 3, 2, 2, 1, 1, 0], "trapdoor_triggered": [0, 0, 0, 0, 0, 0, 0, 0, 1, 0, 0, 0, 0, 0, 0, 0, 0, 0, 0, 0, 0, 0, 0, 0, 0, 0, 0, 0, 0, 0, 0, 0, 0, 0, 0, 0, 0, 0, 0, 0, 0, 0, 0, 0, 0, 0, 0, 0, 0, 0, 0, 0, 0, 0, 0, 0, 0, 0, 0, 0, 0, 0, 0, 0, 0, 0, 0, 0, 0, 0, 0, 0, 0, 0, 0, 0, 0, 0, 0, 0], "left_behind": ["egg", "egg", "plain", "turd", "egg", "egg", "plain", "turd", "egg", "egg", "plain", "turd", "plain", "egg", "egg", "turd", "plain", "egg", "egg", "plain", "plain", "egg", "egg", "plain", "plain", "egg", "turd", "turd", "plain", "egg", "plain", "plain", "turd", "plain", "plain", "plain", "plain", "egg", "plain", "plain", "plain", "egg", "plain", "plain", "turd", "egg", "turd", "plain", "turd", "plain", "plain", "plain", "plain", "plain", "plain", "plain", "plain", "plain", "plain", "plain", "plain", "plain", "plain", "plain", "plain", "plain", "plain", "plain", "plain", "egg", "plain", "plain", "plain", "egg", "plain", "plain", "plain", "plain", "plain", "plain"], "errlog_a": "", "errlog_b": "", "start_time": 360, "start_moves": 40, "turn_count": 80, "result": 1, "reason": "EGGS_LAID", "trapdoors": [[2, 2], [3, 2]], "spawn_a": [7, 3], "spawn_b": [0, 3]}