{"pos": [[1, 2], [6, 2], [1, 1], [6, 1], [2, 1], [6, 0], [3, 1], [7, 0], [3, 0], [7, 1], [2, 0], [7, 2], [1, 0], [7, 3], [0, 0], [7, 4], [0, 1], [6, 4], [0, 2], [6, 5], [0, 3], [6, 6], [0, 4], [5, 6], [1, 4], [4, 6], [1, 5], [3, 6], [1, 6], [2, 6], [0, 6], [1, 6], [0, 5], [1, 7], [0, 4], [0, 7], [1, 4], [0, 6], [2, 4], [1, 6], [0, 2], [2, 6], [0, 3], [2, 5], [1, 3], [3, 5], [1, 4], [4, 5], [2, 4], [4, 6], [0, 2], [4, 7], [0, 3], [3, 7], [0, 2], [2, 7], [1, 2], [2, 6], [2, 2], [1, 6], [3, 2], [0, 6], [3, 3], [0, 5], [2, 3], [0, 6], [1, 3], [1, 6], [0, 3], [2, 6], [0, 2], [2, 7], [1, 2], [1, 7], [1, 1], [0, 7], [1, 0], [0, 6], [2, 0], [0, 5]], "a_eggs_laid": [1, 1, 1, 1, 2, 2, 2, 2, 3, 3, 3, 3, 3, 3, 3, 3, 3, 3, 3, 3, 3, 3, 3, 3, 4, 4, 4, 4, 5, 5, 5, 5, 5, 5, 5, 5, 5, 5, 5, 5, 6, 6, 6, 6, 6, 6, 7, 7, 7, 7, 7, 7, 7, 7, 7, 7, 7, 7, 7, 7, 8, 8, 8, 8, 8, 8, 8, 8, 8, 8, 8, 8, 8, 8, 8, 8, 8, 8, 8, 8], "b_eggs_laid": [0, 1, 1, 1, 1, 2, 2, 2, 2, 2, 2, 2, 2, 2, 2, 2, 2, 3, 3, 3, 3, 4, 4, 4, 4, 5, 5, 5, 5, 6, 6, 6, 6, 6, 6, 6, 6, 6, 6, 6, 6, 11, 11, 11, 11, 12, 12, 12, 12, 13, 13, 17, 17, 18, 18, 18, 18, 18, 18, 18, 18, 18, 18, 18, 18, 18, 18, 18, 18, 18, 18, 18, 18, 19, 19, 19, 19, 19, 19, 19], "a_turds_left": [5, 5, 4, 4, 4, 4, 4, 4, 4, 4, 3, 3, 3, 3, 3, 3, 2, 2, 1, 1, 1, 1, 1, 1, 1, 1, 1, 1, 1, 1, 1, 1, 1, 1, 1, 1, 1, 1, 0, 0, 0, 0, 0, 0, 0, 0, 0, 0, 0, 0, 0, 0, 0, 0, 0, 0, 0, 0, 0, 0, 0, 0, 0, 0, 0, 0, 0, 0, 0, 0, 0, 0, 0, 0, 0, 0, 0, 0, 0, 0], "b_turds_left": [5, 5, 5, 4, 4, 4, 4, 4, 4, 3, 3, 2, 2, 2, 2, 2, 2, 2, 2, 1, 1, 1, 1, 1, 1, 1, 1, 1, 1, 1, 1, 1, 1, 1, 1, 1, 1, 0, 0, 0, 0, 0, 0, 0, 0, 0, 0, 0, 0, 0, 0, 0, 0, 0, 0, 0, 0, 0, 0, 0, 0, 0, 0, 0, 0, 0, 0, 0, 0, 0, 0, 0, 0, 0, 0, 0, 0, 0, 0, 0], "a_time_left": [356.2174780999776, 356.2174780999776, 352.2173554999754, 352.2173554999754, 348.2172541999025, 348.2172541999025, 344.2171994999517, 344.2171994999517, 340.21714419999626, 340.21714419999626, 340.1848975000903, 340.1848975000903, 336.1846978000831, 336.1846978000831, 332.1845801001182, 332.1845801001182, 328.1843598000705, 328.1843598000705, 328.1814000000013, 328.1814000000013, 322.18122350005433, 322.18122350005433, 316.18109820014797, 316.18109820014797, 310.39421260007657, 310.39421260007657, 304.3940439000726, 304.3940439000726, 298.3939236000879, 298.3939236000879, 292.3936218001181, 292.3936218001181, 286.3935096000787, 286.3935096000787, 280.3932555001229, 280.3932555001229, 274.3929629001068, 274.3929629001068, 268.42031890014187, 268.42031890014187, 262.4199431001907, 262.4199431001907, 256.75872680020984, 256.75872680020984, 251.32042430026922, 251.32042430026922, 245.3201519001741, 245.3201519001741, 245.31278530019335, 245.31278530019335, 237.31254240020644, 237.31254240020644, 237.2649770003045, 237.2649770003045, 237.25766040035523, 237.25766040035523, 237.20854640030302, 237.20854640030302, 229.20826820039656, 229.20826820039656, 221.61367920041084, 221.61367920041084, 213.61338170035742, 213.61338170035742, 205.61310810036957, 205.61310810036957, 198.268349500373, 198.268349500373, 198.23883560032118, 198.23883560032118, 198.22900330030825, 198.22900330030825, 198.16933510033414, 198.16933510033414, 198.1591696003452, 198.1591696003452, 190.5722161004087, 190.5722161004087, 182.57192330039106, 182.57192330039106], "b_time_left": [360, 355.99928220000584, 355.99928220000584, 352.0276038000593, 352.0276038000593, 348.02754440007266, 348.02754440007266, 344.02746110002045, 344.02746110002045, 340.339530199999, 340.339530199999, 340.3084209000226, 340.3084209000226, 336.3083546999842, 336.3083546999842, 332.3082953999983, 332.3082953999983, 332.28508469997905, 332.28508469997905, 328.28497449995484, 328.28497449995484, 322.7629600999644, 322.7629600999644, 316.7628458000254, 316.7628458000254, 310.7627274999395, 310.7627274999395, 304.7626107999822, 304.7626107999822, 298.7624896999914, 298.7624896999914, 292.7623703000136, 292.7623703000136, 286.76141169993207, 286.76141169993207, 281.1812392999418, 281.1812392999418, 275.2822395999683, 275.2822395999683, 269.86167159990873, 269.86167159990873, 263.86147959996015, 263.86147959996015, 257.86130009999033, 257.86130009999033, 251.86108990001958, 251.86108990001958, 251.82138040009886, 251.82138040009886, 245.8211873001419, 245.8211873001419, 245.76745310018305, 245.76745310018305, 245.71184060024098, 245.71184060024098, 245.65976310020778, 245.65976310020778, 237.65956120018382, 237.65956120018382, 229.65923830016982, 229.65923830016982, 221.9197253001621, 221.9197253001621, 213.91947110008914, 213.91947110008914, 205.9191814000951, 205.9191814000951, 197.91886160010472, 197.91886160010472, 197.8897730000317, 197.8897730000317, 197.82720340008382, 197.82720340008382, 197.76840180007275, 197.76840180007275, 197.75985270016827, 197.75985270016827, 189.78461540013086, 189.78461540013086, 182.09465670015197], "a_moves_left": [39, 39, 38, 38, 37, 37, 36, 36, 35, 35, 34, 34, 33, 33, 32, 32, 31, 31, 30, 30, 29, 29, 28, 28, 27, 27, 26, 26, 25, 25, 24, 24, 23, 23, 22, 22, 21, 21, 20, 20, 19, 19, 18, 18, 17, 17, 16, 16, 15, 15, 14, 14, 13, 13, 12, 12, 11, 11, 10, 10, 9, 9, 8, 8, 7, 7, 6, 6, 5, 5, 4, 4, 3, 3, 2, 2, 1, 1, 0, 0], "b_moves_left": [40, 39, 39, 38, 38, 37, 37, 36, 36, 35, 35, 34, 34, 33, 33, 32, 32, 31, 31, 30, 30, 29, 29, 28, 28, 27, 27, 26, 26, 25, 25, 24, 24, 23, 23, 22, 22, 21, 21, 20, 20, 19, 19, 18, 18, 17, 17, 16, 16, 15, 15, 14, 14, 13, 13, 12, 12, 11, 11, 10, 10, 9, 9, 8, 8, 7, 7, 6, 6, 5, 5, 4, 4, 3, 3, 2, 2, 1, 1, 0], "trapdoor_triggered": [0, 0, 0, 0, 0, 0, 0, 0, 0, 0, 0, 0, 0, 0, 0, 0, 0, 0, 0, 0, 0, 0, 0, 0, 0, 0, 0, 0, 0, 0, 0, 0, 0, 0, 0, 0, 0, 0, 0, 0, 1, 0, 0, 0, 0, 0, 0, 0, 0, 0, 1, 0, 0, 0, 0, 0, 0, 0, 0, 0, 0, 0, 0, 0, 0, 0, 0, 0, 0, 0, 0, 0, 0, 0, 0, 0, 0, 0, 0, 0], "left_behind": ["egg", "egg", "turd", "turd", "egg", "egg", "plain", "plain", "egg", "turd", "turd", "turd", "plain", "plain", "plain", "plain", "turd", "egg", "turd", "turd", "plain", "egg", "plain", "plain", "egg", "egg", "plain", "plain", "egg", "egg", "plain", "plain", "plain", "plain", "plain", "plain", "plain", "turd", "turd", "plain", "egg", "egg", "plain", "plain", "plain", "egg", "egg", "plain", "plain", "egg", "plain", "plain", "plain", "egg", "plain", "plain", "plain", "plain", "plain", "plain", "egg", "plain", "plain", "plain", "plain", "plain", "plain", "plain", "plain", "plain", "plain", "plain", "plain", "egg", "plain", "plain", "plain", "plain", "plain", "plain"], "errlog_a": "", "errlog_b": "", "start_time": 360, "start_moves": 40, "turn_count": 80, "result": 1, "reason": "EGGS_LAID", "trapdoors": [[4, 2], [3, 4]], "spawn_a": [0, 2], "spawn_b": [7, 2]}