{"pos": [[7, 4], [1, 5], [6, 4], [1, 6], [6, 3], [1, 7], [5, 3], [0, 7], [5, 2], [1, 7], [4, 2], [2, 7], [4, 1], [3, 7], [3, 1], [4, 7], [3, 0], [4, 6], [4, 0], [5, 6], [5, 0], [6, 6], [6, 0], [6, 5], [6, 1], [5, 5], [7, 1], [4, 5], [7, 0], [3, 5], [6, 0], [3, 6], [6, 1], [2, 6], [6, 2], [2, 5], [6, 1], [2, 6], [5, 1], [2, 7], [5, 0], [3, 7], [6, 0], [4, 7], [6, 1], [5, 7], [6, 0], [6, 7], [6, 1], [7, 7], [6, 2], [7, 6], [6, 3], [7, 7], [6, 4], [6, 7], [6, 3], [5, 7], [7, 3], [6, 7], [7, 2], [6, 6], [7, 1], [7, 6], [7, 2], [7, 7], [7, 3], [6, 7], [6, 3], [5, 7], [6, 2], [4, 7], [5, 2], [3, 7], [5, 1], [2, 7], [5, 2], [1, 7], [5, 3], [0, 7]], "a_eggs_laid": [1, 1, 1, 1, 2, 2, 2, 2, 3, 3, 3, 3, 4, 4, 4, 4, 5, 5, 5, 5, 6, 6, 6, 6, 7, 7, 7, 7, 8, 8, 8, 8, 8, 8, 8, 8, 9, 9, 9, 9, 10, 10, 10, 10, 10, 10, 10, 10, 10, 10, 10, 10, 10, 10, 10, 10, 10, 10, 10, 10, 11, 11, 11, 11, 11, 11, 11, 11, 11, 11, 11, 11, 11, 11, 11, 11, 11, 11, 11, 11], "b_eggs_laid": [0, 1, 1, 1, 1, 2, 2, 2, 2, 5, 5, 5, 5, 6, 6, 6, 6, 7, 7, 7, 7, 8, 8, 8, 8, 9, 9, 9, 9, 10, 10, 10, 10, 11, 11, 11, 11, 12, 12, 12, 12, 12, 12, 12, 12, 12, 12, 12, 12, 13, 13, 13, 13, 14, 14, 14, 14, 14, 14, 14, 14, 14, 14, 14, 14, 14, 14, 14, 14, 14, 14, 14, 14, 14, 14, 14, 14, 14, 14, 14], "a_turds_left": [5, 5, 5, 5, 5, 5, 5, 5, 5, 5, 5, 5, 5, 5, 4, 4, 4, 4, 4, 4, 4, 4, 3, 3, 3, 3, 2, 2, 2, 2, 1, 1, 1, 1, 1, 1, 1, 1, 1, 1, 1, 1, 1, 1, 1, 1, 1, 1, 1, 1, 1, 1, 1, 1, 0, 0, 0, 0, 0, 0, 0, 0, 0, 0, 0, 0, 0, 0, 0, 0, 0, 0, 0, 0, 0, 0, 0, 0, 0, 0], "b_turds_left": [5, 5, 5, 4, 4, 4, 4, 4, 4, 4, 4, 4, 4, 4, 4, 4, 4, 4, 4, 3, 3, 3, 3, 2, 2, 2, 2, 1, 1, 1, 1, 0, 0, 0, 0, 0, 0, 0, 0, 0, 0, 0, 0, 0, 0, 0, 0, 0, 0, 0, 0, 0, 0, 0, 0, 0, 0, 0, 0, 0, 0, 0, 0, 0, 0, 0, 0, 0, 0, 0, 0, 0, 0, 0, 0, 0, 0, 0, 0, 0], "a_time_left": [359.9979022000043, 359.9979022000043, 359.99624930000573, 359.99624930000573, 359.993257800008, 359.993257800008, 359.99051780001173, 359.99051780001173, 359.9879528000165, 359.9879528000165, 359.9855543000158, 359.9855543000158, 359.9832254000212, 359.9832254000212, 359.9787424000242, 359.9787424000242, 359.97640840001986, 359.97640840001986, 359.9741408000191, 359.9741408000191, 359.9712602000145, 359.9712602000145, 359.9687377000082, 359.9687377000082, 359.96416560000944, 359.96416560000944, 359.9619001000101, 359.9619001000101, 359.95933270001115, 359.95933270001115, 359.9566010000126, 359.9566010000126, 359.95614990001195, 359.95614990001195, 355.95297880000726, 355.95297880000726, 355.9505369000035, 355.9505369000035, 351.9479071000096, 351.9479071000096, 351.9450285000057, 351.9450285000057, 351.9416143000053, 351.9416143000053, 351.9410892000087, 351.9410892000087, 351.93836590000865, 351.93836590000865, 351.9378791000054, 351.9378791000054, 351.9345416000069, 351.9345416000069, 347.13154100000247, 347.13154100000247, 342.3282368, 342.3282368, 336.324924499997, 336.324924499997, 331.5217693999948, 331.5217693999948, 331.51995519999764, 331.51995519999764, 331.51785550000204, 331.51785550000204, 326.7162709999975, 326.7162709999975, 326.7160345999946, 326.7160345999946, 326.7158275999973, 326.7158275999973, 326.71482229999674, 326.71482229999674, 321.91346829999384, 321.91346829999384, 321.9123871999982, 321.9123871999982, 317.1099852999978, 317.1099852999978, 317.1066658999989, 317.1066658999989], "b_time_left": [360, 359.9993162999963, 359.9993162999963, 349.97303129999636, 349.97303129999636, 339.96820869999647, 339.96820869999647, 329.9534835000013, 329.9534835000013, 319.9273678000027, 319.9273678000027, 309.8911807999975, 309.8911807999975, 299.8844212999975, 299.8844212999975, 289.8761402999953, 289.8761402999953, 279.8703833999971, 279.8703833999971, 269.86665049999283, 269.86665049999283, 259.8663475999929, 259.8663475999929, 249.8655971999906, 249.8655971999906, 240.583006199995, 240.583006199995, 230.58237609999924, 230.58237609999924, 230.1244450000013, 230.1244450000013, 229.69293689999904, 229.69293689999904, 220.06437300000107, 220.06437300000107, 210.6612890000033, 210.6612890000033, 201.38219460000255, 201.38219460000255, 201.29172060000565, 201.29172060000565, 200.8474181000056, 200.8474181000056, 200.7590768000082, 200.7590768000082, 200.53124940000998, 200.53124940000998, 200.40726290001476, 200.40726290001476, 199.97975950001273, 199.97975950001273, 190.77822160001233, 190.77822160001233, 181.57367010001326, 181.57367010001326, 181.57309990000795, 181.57309990000795, 181.29820360000303, 181.29820360000303, 181.29476530000102, 181.29476530000102, 181.05905119999807, 181.05905119999807, 180.96121069999208, 180.96121069999208, 180.95127749999665, 180.95127749999665, 180.9088244999948, 180.9088244999948, 180.8147747999974, 180.8147747999974, 180.77038309999625, 180.77038309999625, 180.6775875999956, 180.6775875999956, 180.61698599999363, 180.61698599999363, 180.2431288999942, 180.2431288999942, 180.1271027999901], "a_moves_left": [39, 39, 38, 38, 37, 37, 36, 36, 35, 35, 34, 34, 33, 33, 32, 32, 31, 31, 30, 30, 29, 29, 28, 28, 27, 27, 26, 26, 25, 25, 24, 24, 23, 23, 22, 22, 21, 21, 20, 20, 19, 19, 18, 18, 17, 17, 16, 16, 15, 15, 14, 14, 13, 13, 12, 12, 11, 11, 10, 10, 9, 9, 8, 8, 7, 7, 6, 6, 5, 5, 4, 4, 3, 3, 2, 2, 1, 1, 0, 0], "b_moves_left": [40, 39, 39, 38, 38, 37, 37, 36, 36, 35, 35, 34, 34, 33, 33, 32, 32, 31, 31, 30, 30, 29, 29, 28, 28, 27, 27, 26, 26, 25, 25, 24, 24, 23, 23, 22, 22, 21, 21, 20, 20, 19, 19, 18, 18, 17, 17, 16, 16, 15, 15, 14, 14, 13, 13, 12, 12, 11, 11, 10, 10, 9, 9, 8, 8, 7, 7, 6, 6, 5, 5, 4, 4, 3, 3, 2, 2, 1, 1, 0], "trapdoor_triggered": [0, 0, 0, 0, 0, 0, 0, 0, 0, 0, 0, 0, 0, 0, 0, 0, 0, 0, 0, 0, 0, 0, 0, 0, 0, 0, 0, 0, 0, 0, 0, 0, 0, 0, 0, 0, 0, 0, 0, 0, 0, 0, 0, 0, 0, 0, 0, 0, 0, 0, 0, 0, 0, 0, 0, 0, 0, 0, 0, 0, 0, 0, 0, 0, 0, 0, 0, 0, 0, 0, 0, 0, 0, 0, 0, 0, 0, 0, 0, 0], "left_behind": ["egg", "egg", "plain", "turd", "egg", "egg", "plain", "plain", "egg", "egg", "plain", "plain", "egg", "egg", "turd", "plain", "egg", "egg", "plain", "turd", "egg", "egg", "turd", "turd", "egg", "egg", "turd", "turd", "egg", "egg", "turd", "turd", "plain", "egg", "plain", "plain", "egg", "egg", "plain", "plain", "egg", "plain", "plain", "plain", "plain", "plain", "plain", "plain", "plain", "egg", "plain", "plain", "plain", "egg", "turd", "plain", "plain", "plain", "plain", "plain", "egg", "plain", "plain", "plain", "plain", "plain", "plain", "plain", "plain", "plain", "plain", "plain", "plain", "plain", "plain", "plain", "plain", "plain", "plain", "plain"], "errlog_a": "", "errlog_b": "", "start_time": 360, "start_moves": 40, "turn_count": 80, "result": 1, "reason": "EGGS_LAID", "trapdoors": [[2, 2], [2, 3]], "spawn_a": [7, 5], "spawn_b": [0, 5]}