{"pos": [[0, 5], [7, 5], [1, 5], [7, 4], [1, 4], [6, 4], [1, 3], [6, 3], [2, 3], [5, 3], [2, 2], [5, 2], [3, 2], [4, 2], [2, 2], [3, 2], [1, 2], [7, 6], [0, 2], [7, 5], [0, 3], [7, 4], [1, 3], [6, 4], [1, 4], [5, 4], [1, 3], [5, 5], [1, 2], [6, 5], [2, 2], [6, 6], [2, 1], [6, 7], [3, 1], [6, 6], [4, 1], [6, 5], [5, 1], [6, 4], [4, 1], [5, 4], [4, 0], [4, 4], [4, 1], [4, 3], [3, 1], [4, 4], [4, 1], [3, 4], [3, 1], [3, 5], [4, 1], [7, 6], [4, 0], [7, 5], [4, 1], [6, 5], [3, 1], [5, 5], [4, 1], [5, 6], [4, 0], [5, 5], [4, 1], [5, 4], [3, 1], [4, 4], [4, 1], [4, 3], [4, 0], [4, 4], [4, 1], [4, 3], [3, 1], [4, 4], [4, 1], [3, 4], [4, 0], [7, 6]], "a_eggs_laid": [1, 1, 1, 1, 2, 2, 2, 2, 3, 3, 3, 3, 4, 4, 4, 4, 4, 4, 8, 8, 9, 9, 9, 9, 9, 9, 9, 9, 9, 9, 9, 9, 9, 9, 9, 9, 10, 10, 10, 10, 11, 11, 11, 11, 12, 12, 12, 12, 12, 12, 12, 12, 12, 12, 16, 16, 16, 16, 16, 16, 16, 16, 16, 16, 16, 16, 16, 16, 16, 16, 16, 16, 16, 16, 16, 16, 16, 16, 16, 16], "b_eggs_laid": [0, 1, 1, 1, 1, 2, 2, 2, 2, 3, 3, 3, 3, 4, 4, 4, 4, 5, 5, 5, 5, 5, 5, 5, 5, 5, 5, 6, 6, 6, 6, 7, 7, 7, 7, 8, 8, 8, 8, 8, 8, 8, 8, 8, 8, 8, 8, 9, 9, 9, 9, 10, 10, 10, 10, 10, 10, 10, 10, 10, 10, 10, 10, 11, 11, 11, 11, 11, 11, 11, 11, 11, 11, 11, 11, 11, 11, 11, 11, 11], "a_turds_left": [5, 5, 5, 5, 5, 5, 5, 5, 5, 5, 5, 5, 5, 5, 5, 5, 5, 5, 5, 5, 5, 5, 5, 5, 5, 5, 5, 5, 5, 5, 5, 5, 5, 5, 5, 5, 5, 5, 5, 5, 5, 5, 4, 4, 4, 4, 4, 4, 4, 4, 4, 4, 4, 4, 4, 4, 4, 4, 4, 4, 4, 4, 4, 4, 4, 4, 4, 4, 4, 4, 4, 4, 4, 4, 4, 4, 4, 4, 4, 4], "b_turds_left": [5, 5, 5, 5, 5, 5, 5, 5, 5, 5, 5, 5, 5, 5, 5, 5, 5, 5, 5, 5, 5, 5, 5, 5, 5, 5, 5, 5, 5, 5, 5, 5, 5, 5, 5, 5, 5, 5, 5, 5, 5, 5, 5, 5, 5, 5, 5, 5, 5, 4, 4, 4, 4, 4, 4, 4, 4, 4, 4, 4, 4, 4, 4, 4, 4, 4, 4, 4, 4, 4, 4, 4, 4, 4, 4, 4, 4, 4, 4, 4], "a_time_left": [359.9994689000305, 359.9994689000305, 356.5970381000079, 356.5970381000079, 356.5966334999539, 356.5966334999539, 353.19572469987907, 353.19572469987907, 353.19526469986886, 353.19526469986886, 349.7940843999386, 349.7940843999386, 349.7936480999924, 349.7936480999924, 349.7859009001404, 349.7859009001404, 349.76758120022714, 349.76758120022714, 346.3664836001117, 346.3664836001117, 346.36562530021183, 346.36562530021183, 341.2649261003826, 341.2649261003826, 336.1643514004536, 336.1643514004536, 331.06337610050105, 331.06337610050105, 325.96250130049884, 325.96250130049884, 320.8615883004386, 320.8615883004386, 315.76088490034454, 315.76088490034454, 310.66002630023286, 310.66002630023286, 305.5593094001524, 305.5593094001524, 300.4587515001185, 300.4587515001185, 295.35787040018477, 295.35787040018477, 290.2570491002407, 290.2570491002407, 285.1556842001155, 285.1556842001155, 285.1547580000479, 285.1547580000479, 280.0539597000461, 280.0539597000461, 273.2530247999821, 273.2530247999821, 266.4517914999742, 266.4517914999742, 259.6509611001238, 259.6509611001238, 252.84989750012755, 252.84989750012755, 246.04917989997193, 246.04917989997193, 239.24831019993871, 239.24831019993871, 232.44761829986237, 232.44761829986237, 225.6459386998322, 225.6459386998322, 218.84510839986615, 218.84510839986615, 212.04415159975179, 212.04415159975179, 212.0427919998765, 212.0427919998765, 205.24175709998235, 205.24175709998235, 205.24076820001937, 205.24076820001937, 198.43940110015683, 198.43940110015683, 191.6380515000783, 191.6380515000783], "b_time_left": [360, 359.9994459000882, 359.9994459000882, 356.59786979993805, 356.59786979993805, 356.5972738999408, 356.5972738999408, 353.1956518997904, 353.1956518997904, 353.19517409964465, 353.19517409964465, 349.7937902996782, 349.7937902996782, 349.7934376997873, 349.7934376997873, 349.7895006998442, 349.7895006998442, 349.78896529995836, 349.78896529995836, 346.38760240003467, 346.38760240003467, 341.28665080014616, 341.28665080014616, 336.1859168000519, 336.1859168000519, 331.0852882999461, 331.0852882999461, 325.98448020010255, 325.98448020010255, 320.8837792999111, 320.8837792999111, 315.7830226998776, 315.7830226998776, 310.68118629977107, 310.68118629977107, 305.58067339961417, 305.58067339961417, 300.47986669978127, 300.47986669978127, 295.37897639977746, 295.37897639977746, 295.37815719959326, 295.37815719959326, 290.2772814997006, 290.2772814997006, 285.1757769996766, 285.1757769996766, 280.0749254997354, 280.0749254997354, 274.97420139983296, 274.97420139983296, 268.1734407998156, 268.1734407998156, 261.3720959997736, 261.3720959997736, 254.57109619979747, 254.57109619979747, 254.57050409982912, 254.57050409982912, 247.7696270996239, 247.7696270996239, 240.96834089956246, 240.96834089956246, 234.16748919943348, 234.16748919943348, 227.3657389995642, 227.3657389995642, 220.5649147995282, 220.5649147995282, 213.7639789993409, 213.7639789993409, 206.9629878993146, 206.9629878993146, 200.16196599928662, 200.16196599928662, 193.3610036992468, 193.3610036992468, 186.5599281990435, 186.5599281990435, 179.7581940991804], "a_moves_left": [39, 39, 38, 38, 37, 37, 36, 36, 35, 35, 34, 34, 33, 33, 32, 32, 31, 31, 30, 30, 29, 29, 28, 28, 27, 27, 26, 26, 25, 25, 24, 24, 23, 23, 22, 22, 21, 21, 20, 20, 19, 19, 18, 18, 17, 17, 16, 16, 15, 15, 14, 14, 13, 13, 12, 12, 11, 11, 10, 10, 9, 9, 8, 8, 7, 7, 6, 6, 5, 5, 4, 4, 3, 3, 2, 2, 1, 1, 0, 0], "b_moves_left": [40, 39, 39, 38, 38, 37, 37, 36, 36, 35, 35, 34, 34, 33, 33, 32, 32, 31, 31, 30, 30, 29, 29, 28, 28, 27, 27, 26, 26, 25, 25, 24, 24, 23, 23, 22, 22, 21, 21, 20, 20, 19, 19, 18, 18, 17, 17, 16, 16, 15, 15, 14, 14, 13, 13, 12, 12, 11, 11, 10, 10, 9, 9, 8, 8, 7, 7, 6, 6, 5, 5, 4, 4, 3, 3, 2, 2, 1, 1, 0], "trapdoor_triggered": [0, 0, 0, 0, 0, 0, 0, 0, 0, 0, 0, 0, 0, 0, 0, 0, 0, 1, 0, 0, 0, 0, 0, 0, 0, 0, 0, 0, 0, 0, 0, 0, 0, 0, 0, 0, 0, 0, 0, 0, 0, 0, 0, 0, 0, 0, 0, 0, 0, 0, 0, 0, 0, 1, 0, 0, 0, 0, 0, 0, 0, 0, 0, 0, 0, 0, 0, 0, 0, 0, 0, 0, 0, 0, 0, 0, 0, 0, 0, 1], "left_behind": ["egg", "egg", "plain", "plain", "egg", "egg", "plain", "plain", "egg", "egg", "plain", "plain", "egg", "egg", "plain", "plain", "plain", "egg", "plain", "plain", "egg", "plain", "plain", "plain", "plain", "plain", "plain", "egg", "plain", "plain", "plain", "egg", "plain", "plain", "plain", "egg", "egg", "plain", "plain", "plain", "egg", "plain", "turd", "plain", "egg", "plain", "plain", "egg", "plain", "turd", "plain", "egg", "plain", "plain", "plain", "plain", "plain", "plain", "plain", "plain", "plain", "plain", "plain", "egg", "plain", "plain", "plain", "plain", "plain", "plain", "plain", "plain", "plain", "plain", "plain", "plain", "plain", "plain", "plain", "plain"], "errlog_a": "", "errlog_b": "", "start_time": 360, "start_moves": 40, "turn_count": 80, "result": 0, "reason": "EGGS_LAID", "trapdoors": [[3, 3], [4, 5]], "spawn_a": [0, 6], "spawn_b": [7, 6]}