{"pos": [[1, 4], [6, 4], [2, 4], [6, 5], [3, 4], [6, 6], [3, 3], [5, 6], [4, 3], [4, 6], [4, 2], [3, 6], [5, 2], [2, 6], [5, 3], [2, 7], [5, 2], [1, 7], [6, 2], [0, 7], [6, 1], [0, 6], [5, 1], [0, 5], [6, 1], [1, 5], [6, 0], [1, 4], [5, 0], [1, 3], [4, 0], [1, 2], [3, 0], [1, 1], [3, 1], [1, 0], [0, 4], [0, 0]], "a_eggs_laid": [1, 1, 1, 1, 2, 2, 2, 2, 3, 3, 3, 3, 4, 4, 4, 4, 5, 5, 5, 5, 6, 6, 6, 6, 7, 7, 7, 7, 8, 8, 8, 8, 9, 9, 9, 9, 10, 10], "b_eggs_laid": [0, 1, 1, 1, 1, 2, 2, 2, 2, 3, 3, 3, 3, 4, 4, 4, 4, 5, 5, 5, 5, 8, 8, 8, 8, 9, 9, 9, 9, 10, 10, 10, 10, 11, 11, 11, 11, 21], "a_turds_left": [5, 5, 5, 5, 5, 5, 5, 5, 5, 5, 4, 4, 4, 4, 4, 4, 4, 4, 4, 4, 4, 4, 4, 4, 4, 4, 4, 4, 4, 4, 4, 4, 4, 4, 3, 3, 3, 3], "b_turds_left": [5, 5, 5, 4, 4, 4, 4, 3, 3, 3, 3, 2, 2, 2, 2, 1, 1, 1, 1, 1, 1, 1, 1, 1, 1, 1, 1, 1, 1, 1, 1, 0, 0, 0, 0, 0, 0, 0], "a_time_left": [357.43182420000085, 357.43182420000085, 354.88100140000097, 354.88100140000097, 352.33010130000184, 352.33010130000184, 349.7790004000017, 349.7790004000017, 347.2269124000013, 347.2269124000013, 344.6752736000017, 344.6752736000017, 342.1241399000028, 342.1241399000028, 339.5731823000024, 339.5731823000024, 337.02200079999966, 337.02200079999966, 334.4710449999984, 334.4710449999984, 330.21941609999703, 330.21941609999703, 325.9677501999977, 325.9677501999977, 321.71636729999955, 321.71636729999955, 317.465572000001, 317.465572000001, 313.21430520000285, 313.21430520000285, 308.962929500005, 308.962929500005, 304.71062140000504, 304.71062140000504, 300.4587776000044, 300.4587776000044, 296.2070113000009, 296.2070113000009], "b_time_left": [360, 359.9911294000012, 359.9911294000012, 349.9907428000006, 349.9907428000006, 339.98650760000237, 339.98650760000237, 329.9859806000022, 329.9859806000022, 320.4045990000013, 320.4045990000013, 310.40408930000194, 310.40408930000194, 300.7407266000009, 300.7407266000009, 290.73650909999924, 290.73650909999924, 280.7345018999986, 280.7345018999986, 270.7342828000001, 270.7342828000001, 260.73403210000106, 260.73403210000106, 250.7339079000012, 250.7339079000012, 240.7336658000022, 240.7336658000022, 230.73349520000193, 230.73349520000193, 220.73334450000402, 220.73334450000402, 211.21448200000668, 211.21448200000668, 201.21404460000485, 201.21404460000485, 191.2136450000071, 191.2136450000071, 190.51194130000658], "a_moves_left": [39, 39, 38, 38, 37, 37, 36, 36, 35, 35, 34, 34, 33, 33, 32, 32, 31, 31, 30, 30, 29, 29, 28, 28, 27, 27, 26, 26, 25, 25, 24, 24, 23, 23, 22, 22, 21, 21], "b_moves_left": [40, 39, 39, 38, 38, 37, 37, 36, 36, 35, 35, 34, 34, 33, 33, 32, 32, 31, 31, 30, 30, 29, 29, 28, 28, 27, 27, 26, 26, 25, 25, 24, 24, 23, 23, 22, 22, 21], "trapdoor_triggered": [0, 0, 0, 0, 0, 0, 0, 0, 0, 0, 0, 0, 0, 0, 0, 0, 0, 0, 0, 0, 0, 0, 0, 0, 0, 0, 0, 0, 0, 0, 0, 0, 0, 0, 0, 0, 1, 0], "left_behind": ["egg", "egg", "plain", "turd", "egg", "egg", "plain", "turd", "egg", "egg", "turd", "turd", "egg", "egg", "plain", "turd", "egg", "egg", "plain", "plain", "egg", "egg", "plain", "plain", "egg", "egg", "plain", "plain", "egg", "egg", "plain", "turd", "egg", "egg", "turd", "plain", "egg", "egg"], "errlog_a": "", "errlog_b": "", "start_time": 360, "start_moves": 40, "turn_count": 38, "result": 1, "reason": "BLOCKING_END", "trapdoors": [[4, 4], [3, 2]], "spawn_a": [0, 4], "spawn_b": [7, 4]}