{"pos": [[1, 4], [6, 4], [2, 4], [6, 5], [3, 4], [6, 6], [3, 3], [5, 6], [3, 2], [4, 6], [3, 1], [3, 6], [2, 1], [2, 6], [1, 1], [1, 6], [1, 2], [1, 5], [2, 2], [1, 4], [2, 3], [1, 5], [3, 3], [2, 5], [3, 2], [1, 5], [0, 4], [0, 5], [0, 3], [0, 6], [0, 2]], "a_eggs_laid": [1, 1, 1, 1, 2, 2, 2, 2, 2, 2, 2, 2, 3, 3, 3, 3, 4, 4, 4, 4, 5, 5, 5, 5, 6, 6, 6, 6, 6, 6, 6], "b_eggs_laid": [0, 1, 1, 1, 1, 2, 2, 2, 2, 3, 3, 3, 3, 4, 4, 4, 4, 5, 5, 5, 5, 5, 5, 5, 5, 6, 6, 10, 10, 11, 11], "a_turds_left": [5, 5, 5, 5, 5, 5, 5, 5, 5, 5, 5, 5, 5, 5, 5, 5, 5, 5, 4, 4, 4, 4, 3, 3, 3, 3, 3, 3, 3, 3, 2], "b_turds_left": [5, 5, 5, 4, 4, 4, 4, 3, 3, 3, 3, 2, 2, 2, 2, 1, 1, 1, 1, 1, 1, 0, 0, 0, 0, 0, 0, 0, 0, 0, 0], "a_time_left": [357.44880869999906, 357.44880869999906, 354.89817579999726, 354.89817579999726, 352.34710879999693, 352.34710879999693, 352.34650659999534, 352.34650659999534, 352.345913299996, 352.345913299996, 352.34526529999494, 352.34526529999494, 349.7941602999963, 349.7941602999963, 347.24264629999743, 347.24264629999743, 344.6916410999984, 344.6916410999984, 342.14043519999905, 342.14043519999905, 337.8885446000022, 337.8885446000022, 333.63772430000245, 333.63772430000245, 329.38674810000157, 329.38674810000157, 325.1347042999987, 325.1347042999987, 325.0998021999985, 325.0998021999985, 320.8491546000005], "b_time_left": [360, 359.9994506000003, 359.9994506000003, 349.9980144999972, 349.9980144999972, 339.9964873999961, 339.9964873999961, 329.9767655999967, 329.9767655999967, 320.17494469999656, 320.17494469999656, 310.1696019999945, 310.1696019999945, 300.1682909999945, 300.1682909999945, 290.1677225999956, 290.1677225999956, 280.16686209999534, 280.16686209999534, 270.16644179999275, 270.16644179999275, 260.16629189999367, 260.16629189999367, 250.16576399999394, 250.16576399999394, 240.16430709999258, 240.16430709999258, 230.1639427999944, 230.1639427999944, 220.16256389999398, 220.16256389999398], "a_moves_left": [39, 39, 38, 38, 37, 37, 36, 36, 35, 35, 34, 34, 33, 33, 32, 32, 31, 31, 30, 30, 29, 29, 28, 28, 27, 27, 26, 26, 25, 25, 24], "b_moves_left": [40, 39, 39, 38, 38, 37, 37, 36, 36, 35, 35, 34, 34, 33, 33, 32, 32, 31, 31, 30, 30, 29, 29, 28, 28, 27, 27, 26, 26, 25, 25], "trapdoor_triggered": [0, 0, 0, 0, 0, 0, 0, 0, 0, 0, 0, 0, 0, 0, 0, 0, 0, 0, 0, 0, 0, 0, 0, 0, 0, 0, 1, 0, 0, 0, 0], "left_behind": ["egg", "egg", "plain", "turd", "egg", "egg", "plain", "turd", "plain", "egg", "plain", "turd", "egg", "egg", "plain", "turd", "egg", "egg", "turd", "plain", "egg", "turd", "turd", "plain", "egg", "egg", "plain", "plain", "plain", "egg", "turd"], "errlog_a": "", "errlog_b": "Timeout", "start_time": 360, "start_moves": 40, "turn_count": 31, "result": 0, "reason": "CODE_CRASH", "trapdoors": [[4, 2], [5, 4]], "spawn_a": [0, 4], "spawn_b": [7, 4]}