{"pos": [[7, 2], [1, 1], [7, 3], [1, 2], [7, 4], [1, 3], [7, 5], [1, 4], [7, 6], [1, 5], [6, 6], [1, 6], [6, 7], [0, 6], [5, 7], [0, 7], [6, 7], [1, 7], [6, 6], [2, 7], [7, 6], [2, 6], [7, 5], [3, 6], [6, 5], [4, 6], [5, 5], [4, 5], [5, 6], [4, 6], [5, 7], [5, 6], [4, 7], [4, 6], [3, 7], [4, 7]], "a_eggs_laid": [1, 1, 1, 1, 2, 2, 2, 2, 3, 3, 3, 3, 4, 4, 4, 4, 5, 5, 5, 5, 5, 5, 5, 5, 5, 5, 5, 5, 6, 6, 6, 6, 6, 6, 6, 6], "b_eggs_laid": [0, 1, 1, 1, 1, 2, 2, 2, 2, 3, 3, 3, 3, 4, 4, 4, 4, 7, 7, 7, 7, 8, 8, 8, 8, 9, 9, 9, 9, 10, 10, 10, 10, 11, 11, 16], "a_turds_left": [5, 5, 5, 5, 5, 5, 5, 5, 5, 5, 5, 5, 5, 5, 5, 5, 5, 5, 5, 5, 5, 5, 5, 5, 5, 5, 5, 5, 5, 5, 5, 5, 5, 5, 5, 5], "b_turds_left": [5, 5, 5, 4, 4, 4, 4, 3, 3, 3, 3, 2, 2, 2, 2, 2, 2, 2, 2, 1, 1, 1, 1, 0, 0, 0, 0, 0, 0, 0, 0, 0, 0, 0, 0, 0], "a_time_left": [359.99519009999494, 359.99519009999494, 359.99037959999987, 359.99037959999987, 359.9839617999969, 359.9839617999969, 359.98186399999395, 359.98186399999395, 359.97641869999643, 359.97641869999643, 359.9681453999947, 359.9681453999947, 359.9578451999914, 359.9578451999914, 359.95246199999383, 359.95246199999383, 359.9429947999888, 359.9429947999888, 359.942572999993, 359.942572999993, 359.9388804999908, 359.9388804999908, 359.93832169999223, 359.93832169999223, 359.9363832999952, 359.9363832999952, 359.9299808999931, 359.9299808999931, 359.92726829999447, 359.92726829999447, 359.9245698999948, 359.9245698999948, 359.9230517999895, 359.9230517999895, 359.92116369998985, 359.92116369998985], "b_time_left": [360, 359.99923809999746, 359.99923809999746, 349.9896834999963, 349.9896834999963, 339.9827449000004, 339.9827449000004, 329.98180810000486, 329.98180810000486, 319.9785567000072, 319.9785567000072, 309.9782814000064, 309.9782814000064, 299.97774920000666, 299.97774920000666, 289.97742540000763, 289.97742540000763, 279.97674930001085, 279.97674930001085, 270.59816690001026, 270.59816690001026, 260.59779400000843, 260.59779400000843, 251.12046380000538, 251.12046380000538, 241.11612230000173, 241.11612230000173, 231.11583310000424, 231.11583310000424, 230.08777750000445, 230.08777750000445, 220.26482760000363, 220.26482760000363, 220.0987047000017, 220.0987047000017, 220.0699037000013], "a_moves_left": [39, 39, 38, 38, 37, 37, 36, 36, 35, 35, 34, 34, 33, 33, 32, 32, 31, 31, 30, 30, 29, 29, 28, 28, 27, 27, 26, 26, 25, 25, 24, 24, 23, 23, 22, 22], "b_moves_left": [40, 39, 39, 38, 38, 37, 37, 36, 36, 35, 35, 34, 34, 33, 33, 32, 32, 31, 31, 30, 30, 29, 29, 28, 28, 27, 27, 26, 26, 25, 25, 24, 24, 23, 23, 22], "trapdoor_triggered": [0, 0, 0, 0, 0, 0, 0, 0, 0, 0, 0, 0, 0, 0, 0, 0, 0, 0, 0, 0, 0, 0, 0, 0, 0, 0, 0, 0, 0, 0, 0, 0, 0, 0, 0, 0], "left_behind": ["egg", "egg", "plain", "turd", "egg", "egg", "plain", "turd", "egg", "egg", "plain", "turd", "egg", "egg", "plain", "plain", "egg", "egg", "plain", "turd", "plain", "egg", "plain", "turd", "plain", "egg", "plain", "plain", "egg", "egg", "plain", "plain", "plain", "egg", "plain", "plain"], "errlog_a": "", "errlog_b": "", "start_time": 360, "start_moves": 40, "turn_count": 36, "result": 1, "reason": "BLOCKING_END", "trapdoors": [[3, 3], [2, 5]], "spawn_a": [7, 1], "spawn_b": [0, 1]}