{"pos": [[0, 7], [7, 5], [1, 7], [7, 4], [1, 6], [7, 3], [2, 6], [6, 3], [3, 6], [6, 2], [3, 5], [5, 2], [2, 5], [4, 2], [1, 5], [3, 2], [1, 4], [3, 3], [0, 4], [2, 3], [0, 3], [1, 3], [0, 2], [1, 2], [0, 1], [1, 1], [0, 0], [1, 0]], "a_eggs_laid": [1, 1, 1, 1, 1, 1, 1, 1, 2, 2, 2, 2, 2, 2, 2, 2, 2, 2, 2, 2, 3, 3, 3, 3, 3, 3, 3, 3], "b_eggs_laid": [0, 1, 1, 1, 1, 2, 2, 2, 2, 3, 3, 3, 3, 4, 4, 4, 4, 5, 5, 5, 5, 6, 6, 6, 6, 7, 7, 12], "a_turds_left": [5, 5, 4, 4, 4, 4, 3, 3, 3, 3, 3, 3, 2, 2, 2, 2, 2, 2, 2, 2, 2, 2, 2, 2, 2, 2, 2, 2], "b_turds_left": [5, 5, 5, 4, 4, 4, 4, 4, 4, 4, 4, 4, 4, 4, 4, 4, 4, 4, 4, 4, 4, 4, 4, 3, 3, 3, 3, 2], "a_time_left": [356.5979686998762, 356.5979686998762, 353.1954532000236, 353.1954532000236, 349.7915002000518, 349.7915002000518, 346.3898066999391, 346.3898066999391, 342.984426099807, 342.984426099807, 339.57742619980127, 339.57742619980127, 336.17583779990673, 336.17583779990673, 332.7751732999459, 332.7751732999459, 329.3740211999975, 329.3740211999975, 325.9732001000084, 325.9732001000084, 320.87217120011337, 320.87217120011337, 320.8669933001511, 320.8669933001511, 320.86312230024487, 320.86312230024487, 320.8577009001747, 320.8577009001747], "b_time_left": [360, 356.5976867999416, 356.5976867999416, 353.19364310009405, 353.19364310009405, 349.79256010008976, 349.79256010008976, 346.3893177001737, 346.3893177001737, 342.9875176001806, 342.9875176001806, 339.5803679001983, 339.5803679001983, 336.17987400013953, 336.17987400013953, 332.77887850021943, 332.77887850021943, 329.37856310023926, 329.37856310023926, 325.9763864004053, 325.9763864004053, 325.9706138004549, 325.9706138004549, 325.9607959005516, 325.9607959005516, 325.9503335005138, 325.9503335005138, 325.94318770058453], "a_moves_left": [39, 39, 38, 38, 37, 37, 36, 36, 35, 35, 34, 34, 33, 33, 32, 32, 31, 31, 30, 30, 29, 29, 28, 28, 27, 27, 26, 26], "b_moves_left": [40, 39, 39, 38, 38, 37, 37, 36, 36, 35, 35, 34, 34, 33, 33, 32, 32, 31, 31, 30, 30, 29, 29, 28, 28, 27, 27, 26], "trapdoor_triggered": [0, 0, 0, 0, 0, 0, 0, 0, 0, 0, 0, 0, 0, 0, 0, 0, 0, 0, 0, 0, 0, 0, 0, 0, 0, 0, 0, 0], "left_behind": ["egg", "egg", "turd", "turd", "plain", "egg", "turd", "plain", "egg", "egg", "plain", "plain", "turd", "egg", "plain", "plain", "plain", "egg", "plain", "plain", "egg", "egg", "plain", "turd", "plain", "egg", "plain", "turd"], "errlog_a": "", "errlog_b": "", "start_time": 360, "start_moves": 40, "turn_count": 28, "result": 1, "reason": "BLOCKING_END", "trapdoors": [[4, 4], [3, 4]], "spawn_a": [0, 6], "spawn_b": [7, 6]}