{"pos": [[6, 3], [1, 3], [5, 3], [1, 4], [4, 3], [1, 5], [4, 4], [0, 5], [3, 4], [0, 6], [2, 4], [0, 7], [3, 4], [1, 7], [3, 5], [2, 7], [4, 5], [3, 7], [5, 5], [3, 6], [5, 4], [3, 7], [6, 4], [4, 7], [6, 5], [5, 7], [6, 6], [6, 7], [6, 5], [7, 7], [7, 5], [7, 6], [6, 5], [7, 7], [6, 4], [6, 7], [5, 4], [7, 7], [5, 3], [7, 6], [5, 2], [7, 7], [5, 1], [7, 6], [4, 1], [7, 7], [3, 1], [7, 6], [7, 3], [7, 7], [6, 3], [7, 6], [6, 2], [7, 7], [6, 1], [6, 7], [6, 0], [5, 7], [5, 0], [5, 6], [4, 0], [5, 7], [3, 0], [5, 6], [2, 0], [5, 7], [2, 1], [5, 6], [2, 2], [5, 7], [2, 1], [6, 7], [1, 1], [7, 7], [1, 0], [7, 6], [0, 0], [7, 7], [0, 1], [7, 6]], "a_eggs_laid": [1, 1, 1, 1, 2, 2, 2, 2, 3, 3, 3, 3, 4, 4, 4, 4, 5, 5, 5, 5, 6, 6, 6, 6, 7, 7, 7, 7, 8, 8, 8, 8, 9, 9, 9, 9, 9, 9, 9, 9, 9, 9, 9, 9, 10, 10, 10, 10, 11, 11, 11, 11, 11, 11, 12, 12, 12, 12, 13, 13, 13, 13, 14, 14, 14, 14, 15, 15, 15, 15, 16, 16, 16, 16, 17, 17, 17, 17, 20, 20], "b_eggs_laid": [0, 1, 1, 1, 1, 2, 2, 2, 2, 3, 3, 3, 3, 6, 6, 6, 6, 7, 7, 7, 7, 8, 8, 8, 8, 9, 9, 9, 9, 10, 10, 10, 10, 11, 11, 11, 11, 11, 11, 11, 11, 11, 11, 11, 11, 11, 11, 11, 11, 15, 15, 15, 15, 15, 15, 15, 15, 15, 15, 15, 15, 16, 16, 16, 16, 16, 16, 16, 16, 16, 16, 16, 16, 16, 16, 16, 16, 16, 16, 16], "a_turds_left": [5, 5, 5, 5, 5, 5, 5, 5, 5, 5, 5, 5, 5, 5, 5, 5, 5, 5, 4, 4, 4, 4, 4, 4, 4, 4, 3, 3, 3, 3, 3, 3, 3, 3, 3, 3, 3, 3, 3, 3, 3, 3, 3, 3, 3, 3, 3, 3, 3, 3, 3, 3, 2, 2, 2, 2, 2, 2, 2, 2, 2, 2, 2, 2, 2, 2, 2, 2, 2, 2, 2, 2, 2, 2, 2, 2, 2, 2, 2, 2], "b_turds_left": [5, 5, 5, 4, 4, 4, 4, 3, 3, 3, 3, 3, 3, 3, 3, 3, 3, 3, 3, 3, 3, 3, 3, 3, 3, 3, 3, 2, 2, 2, 2, 2, 2, 2, 2, 2, 2, 2, 2, 2, 2, 2, 2, 2, 2, 2, 2, 2, 2, 2, 2, 2, 2, 2, 2, 2, 2, 2, 2, 2, 2, 2, 2, 2, 2, 2, 2, 2, 2, 2, 2, 2, 2, 2, 2, 2, 2, 2, 2, 2], "a_time_left": [357.44786020000174, 357.44786020000174, 354.8969984000032, 354.8969984000032, 352.34394710000197, 352.34394710000197, 349.79333640000186, 349.79333640000186, 347.2421641000001, 347.2421641000001, 344.6897142000016, 344.6897142000016, 342.13663240000096, 342.13663240000096, 339.58439089999956, 339.58439089999956, 337.03257909999957, 337.03257909999957, 334.4811316999985, 334.4811316999985, 330.22753929999817, 330.22753929999817, 325.9749293999994, 325.9749293999994, 321.71958989999985, 321.71958989999985, 317.4671056999978, 317.4671056999978, 317.46111530000053, 317.46111530000053, 313.2085098999996, 313.2085098999996, 313.20231559999957, 313.20231559999957, 313.2007472999976, 313.2007472999976, 308.9473915999988, 308.9473915999988, 308.94552829999884, 308.94552829999884, 304.69185059999654, 304.69185059999654, 300.43869319999794, 300.43869319999794, 296.18533099999695, 296.18533099999695, 291.9324567999938, 291.9324567999938, 287.6775193999965, 287.6775193999965, 281.7228978999956, 281.7228978999956, 275.7677648999961, 275.7677648999961, 269.811430699996, 269.811430699996, 263.8569213999981, 263.8569213999981, 257.8946125000002, 257.8946125000002, 251.94109260000187, 251.94109260000187, 245.98349510000116, 245.98349510000116, 240.0297462999988, 240.0297462999988, 234.07478979999723, 234.07478979999723, 228.12211849999585, 228.12211849999585, 222.1698318999952, 222.1698318999952, 216.21632209999734, 216.21632209999734, 210.26269059999686, 210.26269059999686, 204.30989839999893, 204.30989839999893, 198.3554903999975, 198.3554903999975], "b_time_left": [360, 359.9991364999987, 359.9991364999987, 349.9708503999973, 349.9708503999973, 339.9639497999997, 339.9639497999997, 329.96237050000127, 329.96237050000127, 319.96184970000104, 319.96184970000104, 309.9179019000003, 309.9179019000003, 299.9164120000023, 299.9164120000023, 289.91505260000486, 289.91505260000486, 279.9142413000045, 279.9142413000045, 270.46134800000436, 270.46134800000436, 260.44466670000475, 260.44466670000475, 250.4427765000073, 250.4427765000073, 240.4399694000058, 240.4399694000058, 230.69168780000837, 230.69168780000837, 227.70355390000987, 227.70355390000987, 218.36771390001013, 218.36771390001013, 217.82660710001073, 217.82660710001073, 217.70707590000893, 217.70707590000893, 217.53387180000936, 217.53387180000936, 217.40999720000764, 217.40999720000764, 216.71941800000786, 216.71941800000786, 216.71082870000828, 216.71082870000828, 216.04134350001186, 216.04134350001186, 216.03291750001154, 216.03291750001154, 215.45062540001163, 215.45062540001163, 215.44118010000966, 215.44118010000966, 215.44058060001043, 215.44058060001043, 215.43924960001095, 215.43924960001095, 215.43853610000951, 215.43853610000951, 215.43740830000752, 215.43740830000752, 215.27128750000702, 215.27128750000702, 215.2704876000098, 215.2704876000098, 215.1532930000103, 215.1532930000103, 215.15259920001336, 215.15259920001336, 215.15161910001189, 215.15161910001189, 215.15081790001204, 215.15081790001204, 215.15002910001203, 215.15002910001203, 215.14922420001312, 215.14922420001312, 214.19539960001202, 214.19539960001202, 214.19470820001152], "a_moves_left": [39, 39, 38, 38, 37, 37, 36, 36, 35, 35, 34, 34, 33, 33, 32, 32, 31, 31, 30, 30, 29, 29, 28, 28, 27, 27, 26, 26, 25, 25, 24, 24, 23, 23, 22, 22, 21, 21, 20, 20, 19, 19, 18, 18, 17, 17, 16, 16, 15, 15, 14, 14, 13, 13, 12, 12, 11, 11, 10, 10, 9, 9, 8, 8, 7, 7, 6, 6, 5, 5, 4, 4, 3, 3, 2, 2, 1, 1, 0, 0], "b_moves_left": [40, 39, 39, 38, 38, 37, 37, 36, 36, 35, 35, 34, 34, 33, 33, 32, 32, 31, 31, 30, 30, 29, 29, 28, 28, 27, 27, 26, 26, 25, 25, 24, 24, 23, 23, 22, 22, 21, 21, 20, 20, 19, 19, 18, 18, 17, 17, 16, 16, 15, 15, 14, 14, 13, 13, 12, 12, 11, 11, 10, 10, 9, 9, 8, 8, 7, 7, 6, 6, 5, 5, 4, 4, 3, 3, 2, 2, 1, 1, 0], "trapdoor_triggered": [0, 0, 0, 0, 0, 0, 0, 0, 0, 0, 0, 0, 0, 0, 0, 0, 0, 0, 0, 0, 0, 0, 0, 0, 0, 0, 0, 0, 0, 0, 0, 0, 0, 0, 0, 0, 0, 0, 0, 0, 0, 0, 0, 0, 0, 0, 0, 0, 1, 0, 0, 0, 0, 0, 0, 0, 0, 0, 0, 0, 0, 0, 0, 0, 0, 0, 0, 0, 0, 0, 0, 0, 0, 0, 0, 0, 0, 0, 0, 0], "left_behind": ["egg", "egg", "plain", "turd", "egg", "egg", "plain", "turd", "egg", "egg", "plain", "plain", "egg", "egg", "plain", "plain", "egg", "egg", "turd", "plain", "egg", "egg", "plain", "plain", "egg", "egg", "turd", "turd", "egg", "egg", "plain", "plain", "egg", "egg", "plain", "plain", "plain", "plain", "plain", "plain", "plain", "plain", "plain", "plain", "egg", "plain", "plain", "plain", "egg", "plain", "plain", "plain", "turd", "plain", "egg", "plain", "plain", "plain", "egg", "plain", "plain", "egg", "egg", "plain", "plain", "plain", "egg", "plain", "plain", "plain", "egg", "plain", "plain", "plain", "egg", "plain", "plain", "plain", "egg", "plain"], "errlog_a": "", "errlog_b": "", "start_time": 360, "start_moves": 40, "turn_count": 80, "result": 0, "reason": "EGGS_LAID", "trapdoors": [[3, 3], [3, 2]], "spawn_a": [7, 3], "spawn_b": [0, 3]}