{"pos": [[0, 5], [7, 5], [0, 4], [7, 4], [1, 4], [6, 4], [1, 3], [6, 3], [2, 3], [7, 6], [2, 2], [7, 5], [3, 2], [7, 4], [3, 1], [6, 4], [4, 1], [5, 4], [4, 0], [4, 4], [5, 0], [3, 4], [4, 0], [3, 3], [3, 0], [3, 2], [3, 1], [3, 3], [2, 1], [7, 6], [3, 1], [6, 6], [4, 1], [6, 5], [5, 1], [6, 4], [6, 1], [5, 4], [6, 0], [7, 6], [5, 0], [7, 5], [5, 1], [6, 5], [5, 2], [6, 4], [4, 2], [5, 4], [5, 2], [7, 6], [6, 2], [7, 5], [6, 1], [6, 5], [5, 1], [6, 4], [6, 1], [5, 4], [5, 1], [7, 6], [6, 1], [7, 5], [5, 1], [6, 5], [4, 1], [6, 4], [4, 2], [5, 4], [4, 1], [7, 6], [3, 1], [7, 5], [2, 1], [6, 5], [2, 0], [6, 4], [1, 0], [5, 4], [1, 1], [7, 6]], "a_eggs_laid": [1, 1, 1, 1, 2, 2, 2, 2, 3, 3, 7, 7, 8, 8, 8, 8, 9, 9, 9, 9, 10, 10, 10, 10, 10, 10, 10, 10, 10, 10, 14, 14, 14, 14, 14, 14, 15, 15, 15, 15, 20, 20, 20, 20, 20, 20, 20, 20, 21, 21, 25, 25, 26, 26, 26, 26, 26, 26, 26, 26, 30, 30, 30, 30, 30, 30, 30, 30, 30, 30, 34, 34, 34, 34, 34, 34, 35, 35, 35, 35], "b_eggs_laid": [0, 1, 1, 1, 1, 2, 2, 2, 2, 3, 3, 3, 3, 3, 3, 3, 3, 3, 3, 4, 4, 4, 4, 5, 5, 5, 5, 6, 6, 6, 6, 6, 6, 6, 6, 7, 7, 7, 7, 7, 7, 7, 7, 7, 7, 7, 7, 7, 7, 7, 7, 7, 7, 7, 7, 7, 7, 7, 7, 7, 7, 7, 7, 7, 7, 7, 7, 7, 7, 7, 7, 7, 7, 7, 7, 7, 7, 7, 7, 7], "a_turds_left": [5, 5, 5, 5, 5, 5, 5, 5, 5, 5, 5, 5, 5, 5, 5, 5, 5, 5, 5, 5, 5, 5, 5, 5, 5, 5, 5, 5, 5, 5, 5, 5, 5, 5, 5, 5, 5, 5, 5, 5, 5, 5, 5, 5, 5, 5, 5, 5, 5, 5, 5, 5, 5, 5, 5, 5, 5, 5, 5, 5, 5, 5, 5, 5, 5, 5, 5, 5, 5, 5, 5, 5, 5, 5, 5, 5, 5, 5, 5, 5], "b_turds_left": [5, 5, 5, 5, 5, 5, 5, 5, 5, 5, 5, 5, 5, 5, 5, 5, 5, 5, 5, 5, 5, 5, 5, 5, 5, 5, 5, 5, 5, 5, 5, 5, 5, 5, 5, 5, 5, 5, 5, 5, 5, 5, 5, 5, 5, 5, 5, 5, 5, 5, 5, 5, 5, 5, 5, 5, 5, 5, 5, 5, 5, 5, 5, 5, 5, 5, 5, 5, 5, 5, 5, 5, 5, 5, 5, 5, 5, 5, 5, 5], "a_time_left": [359.99938619998284, 359.99938619998284, 356.596500699874, 356.596500699874, 356.59613689989783, 356.59613689989783, 353.1944430998992, 353.1944430998992, 353.19399990001693, 353.19399990001693, 349.79303800011985, 349.79303800011985, 349.79241710016504, 349.79241710016504, 346.3916621999815, 346.3916621999815, 346.39129409985617, 346.39129409985617, 342.99050429998897, 342.99050429998897, 342.9901008999441, 342.9901008999441, 337.8890533999074, 337.8890533999074, 332.7881909997668, 332.7881909997668, 332.7859573997557, 332.7859573997557, 332.78495319979265, 332.78495319979265, 327.68323610001244, 327.68323610001244, 322.58234450011514, 322.58234450011514, 317.4813702001702, 317.4813702001702, 312.38030710001476, 312.38030710001476, 307.27616979996674, 307.27616979996674, 302.17497060005553, 302.17497060005553, 302.1743356999941, 302.1743356999941, 297.07312860013917, 297.07312860013917, 291.97228880017065, 291.97228880017065, 286.8714336003177, 286.8714336003177, 280.0706387003884, 280.0706387003884, 273.2695965003222, 273.2695965003222, 266.46888500032946, 266.46888500032946, 259.6680589003954, 259.6680589003954, 252.86636490025558, 252.86636490025558, 246.06504810019396, 246.06504810019396, 239.26359980017878, 239.26359980017878, 232.46231290022843, 232.46231290022843, 232.4612287003547, 232.4612287003547, 225.65951030049473, 225.65951030049473, 225.6584905006457, 225.6584905006457, 218.85737910075113, 218.85737910075113, 212.0540987008717, 212.0540987008717, 205.2521180009935, 205.2521180009935, 198.45006630104035, 198.45006630104035], "b_time_left": [360, 359.9992732000537, 359.9992732000537, 356.59716950007714, 356.59716950007714, 356.59664599993266, 356.59664599993266, 353.19593769987114, 353.19593769987114, 353.1955433997791, 353.1955433997791, 349.7949643000029, 349.7949643000029, 346.3942084000446, 346.3942084000446, 342.9934006999247, 342.9934006999247, 339.5922704997938, 339.5922704997938, 339.59189189970493, 339.59189189970493, 334.491166399559, 334.491166399559, 334.4907891994808, 334.4907891994808, 329.3894809994381, 329.3894809994381, 329.37945129931904, 329.37945129931904, 324.2786228992045, 324.2786228992045, 319.1779876991641, 319.1779876991641, 314.077160699293, 314.077160699293, 308.9761500991881, 308.9761500991881, 308.97546949912794, 308.97546949912794, 303.8746977993287, 303.8746977993287, 298.7738054993097, 298.7738054993097, 298.77311249938793, 298.77311249938793, 293.67223759926856, 293.67223759926856, 293.67122729914263, 293.67122729914263, 293.669431299204, 293.669431299204, 286.8678684991319, 286.8678684991319, 286.8670011991635, 286.8670011991635, 280.0663456991315, 280.0663456991315, 280.0645415992476, 280.0645415992476, 273.2631444991566, 273.2631444991566, 266.4619850991294, 266.4619850991294, 266.4613252992276, 266.4613252992276, 259.65918469941244, 259.65918469941244, 259.65782299940474, 259.65782299940474, 252.85664279945195, 252.85664279945195, 246.05389839946292, 246.05389839946292, 246.0531697992701, 246.0531697992701, 239.23560309922323, 239.23560309922323, 239.23412239924073, 239.23412239924073, 232.43236879934557], "a_moves_left": [39, 39, 38, 38, 37, 37, 36, 36, 35, 35, 34, 34, 33, 33, 32, 32, 31, 31, 30, 30, 29, 29, 28, 28, 27, 27, 26, 26, 25, 25, 24, 24, 23, 23, 22, 22, 21, 21, 20, 20, 19, 19, 18, 18, 17, 17, 16, 16, 15, 15, 14, 14, 13, 13, 12, 12, 11, 11, 10, 10, 9, 9, 8, 8, 7, 7, 6, 6, 5, 5, 4, 4, 3, 3, 2, 2, 1, 1, 0, 0], "b_moves_left": [40, 39, 39, 38, 38, 37, 37, 36, 36, 35, 35, 34, 34, 33, 33, 32, 32, 31, 31, 30, 30, 29, 29, 28, 28, 27, 27, 26, 26, 25, 25, 24, 24, 23, 23, 22, 22, 21, 21, 20, 20, 19, 19, 18, 18, 17, 17, 16, 16, 15, 15, 14, 14, 13, 13, 12, 12, 11, 11, 10, 10, 9, 9, 8, 8, 7, 7, 6, 6, 5, 5, 4, 4, 3, 3, 2, 2, 1, 1, 0], "trapdoor_triggered": [0, 0, 0, 0, 0, 0, 0, 0, 0, 1, 0, 0, 0, 0, 0, 0, 0, 0, 0, 0, 0, 0, 0, 0, 0, 0, 0, 0, 0, 1, 0, 0, 0, 0, 0, 0, 0, 0, 0, 1, 0, 0, 0, 0, 0, 0, 0, 0, 0, 1, 0, 0, 0, 0, 0, 0, 0, 0, 0, 1, 0, 0, 0, 0, 0, 0, 0, 0, 0, 1, 0, 0, 0, 0, 0, 0, 0, 0, 0, 1], "left_behind": ["egg", "egg", "plain", "plain", "egg", "egg", "plain", "plain", "egg", "egg", "plain", "plain", "egg", "plain", "plain", "plain", "egg", "plain", "plain", "egg", "egg", "plain", "plain", "egg", "plain", "plain", "plain", "egg", "plain", "plain", "plain", "plain", "plain", "plain", "plain", "egg", "egg", "plain", "plain", "plain", "egg", "plain", "plain", "plain", "plain", "plain", "plain", "plain", "egg", "plain", "plain", "plain", "egg", "plain", "plain", "plain", "plain", "plain", "plain", "plain", "plain", "plain", "plain", "plain", "plain", "plain", "plain", "plain", "plain", "plain", "plain", "plain", "plain", "plain", "plain", "plain", "egg", "plain", "plain", "plain"], "errlog_a": "", "errlog_b": "", "start_time": 360, "start_moves": 40, "turn_count": 80, "result": 0, "reason": "EGGS_LAID", "trapdoors": [[5, 3], [4, 3]], "spawn_a": [0, 6], "spawn_b": [7, 6]}