{"pos": [[1, 2], [6, 2], [1, 3], [6, 3], [1, 4], [6, 4], [0, 4], [7, 2], [0, 3], [7, 3], [0, 2], [7, 4], [0, 1], [7, 5], [0, 0], [6, 5], [1, 0], [6, 4], [2, 0], [7, 2], [3, 0], [7, 1], [4, 0], [7, 0], [4, 1], [6, 0], [4, 2], [6, 1], [4, 3], [7, 1], [0, 2], [7, 0], [1, 2], [6, 0], [2, 2], [6, 1], [2, 3], [7, 1], [2, 4], [7, 2], [2, 5]], "a_eggs_laid": [0, 0, 0, 0, 1, 1, 1, 1, 5, 5, 5, 5, 5, 5, 5, 5, 8, 8, 8, 8, 13, 13, 13, 13, 14, 14, 14, 14, 15, 15, 15, 15, 16, 16, 16, 16, 17, 17, 17, 17, 18], "b_eggs_laid": [0, 1, 1, 1, 1, 2, 2, 2, 2, 2, 2, 2, 2, 3, 3, 3, 3, 4, 4, 4, 4, 4, 4, 4, 4, 4, 4, 4, 4, 4, 4, 8, 8, 11, 11, 11, 11, 11, 11, 11, 11], "a_turds_left": [5, 5, 5, 5, 5, 5, 4, 4, 4, 4, 3, 3, 3, 3, 2, 2, 2, 2, 2, 2, 2, 2, 1, 1, 1, 1, 0, 0, 0, 0, 0, 0, 0, 0, 0, 0, 0, 0, 0, 0, 0], "b_turds_left": [5, 5, 5, 4, 4, 4, 4, 3, 3, 3, 3, 2, 2, 2, 2, 2, 2, 2, 2, 2, 2, 2, 2, 1, 1, 1, 1, 1, 1, 1, 1, 1, 1, 1, 1, 1, 1, 1, 1, 1, 1], "a_time_left": [356.59592629992403, 356.59592629992403, 353.1955440000165, 353.1955440000165, 349.79514709999785, 349.79514709999785, 346.39460590016097, 346.39460590016097, 342.9894344001077, 342.9894344001077, 339.5872402000241, 339.5872402000241, 336.1705277999863, 336.1705277999863, 332.76905020000413, 332.76905020000413, 329.3666133999359, 329.3666133999359, 325.96484609972686, 325.96484609972686, 320.85785479983315, 320.85785479983315, 315.7543464996852, 315.7543464996852, 310.65221489965916, 310.65221489965916, 305.5515740995761, 305.5515740995761, 300.4508068994619, 300.4508068994619, 295.350283699343, 295.350283699343, 290.24985009944066, 290.24985009944066, 285.14859649934806, 285.14859649934806, 280.04829219938256, 280.04829219938256, 274.94779779948294, 274.94779779948294, 269.8472901994828], "b_time_left": [360, 356.5981187999714, 356.5981187999714, 353.19741779984906, 353.19741779984906, 349.796902399743, 349.796902399743, 346.39161209971644, 346.39161209971644, 342.99086239980534, 342.99086239980534, 339.58752919966355, 339.58752919966355, 336.185969799757, 336.185969799757, 332.77629799977876, 332.77629799977876, 329.37426599976607, 329.37426599976607, 325.97328909975477, 325.97328909975477, 320.87152169970796, 320.87152169970796, 315.766024899669, 315.766024899669, 310.66265179985203, 310.66265179985203, 305.56232289993204, 305.56232289993204, 300.46153680002317, 300.46153680002317, 295.36109639983624, 295.36109639983624, 290.2607113998383, 290.2607113998383, 285.15979379974306, 285.15979379974306, 280.05949189979583, 280.05949189979583, 274.9592121997848, 274.9592121997848], "a_moves_left": [39, 39, 38, 38, 37, 37, 36, 36, 35, 35, 34, 34, 33, 33, 32, 32, 31, 31, 30, 30, 29, 29, 28, 28, 27, 27, 26, 26, 25, 25, 24, 24, 23, 23, 22, 22, 21, 21, 20, 20, 19], "b_moves_left": [40, 39, 39, 38, 38, 37, 37, 36, 36, 35, 35, 34, 34, 33, 33, 32, 32, 31, 31, 30, 30, 29, 29, 28, 28, 27, 27, 26, 26, 25, 25, 24, 24, 23, 23, 22, 22, 21, 21, 20, 20], "trapdoor_triggered": [0, 0, 0, 0, 0, 0, 0, 1, 0, 0, 0, 0, 0, 0, 0, 0, 0, 0, 0, 1, 0, 0, 0, 0, 0, 0, 0, 0, 0, 0, 1, 0, 0, 0, 0, 0, 0, 0, 0, 0, 0], "left_behind": ["plain", "egg", "plain", "turd", "egg", "egg", "turd", "turd", "plain", "plain", "turd", "turd", "plain", "egg", "turd", "plain", "egg", "egg", "plain", "plain", "egg", "plain", "turd", "turd", "egg", "plain", "turd", "plain", "egg", "plain", "plain", "plain", "egg", "egg", "plain", "plain", "egg", "plain", "plain", "plain", "egg"], "errlog_a": "", "errlog_b": "Traceback (most recent call last):\n  File \"C:\\Users\\litte\\Downloads\\dist\\engine\\player_process.py\", line 283, in run_player_process\n    player_move = player.play(\n        temp_board, trapdoor_samples, time_left_func\n    )\n  File \"C:\\Users\\litte\\Downloads\\dist\\3600-agents\\JohnXina\\agent.py\", line 210, in play\n    # We plan strategically using MCTS!\n  File \"C:\\Users\\litte\\Downloads\\dist\\3600-agents\\JohnXina\\agent.py\", line 608, in mcts_search\n    # We pick the child that has the highest expected score!\nValueError: max() iterable argument is empty\n", "start_time": 360, "start_moves": 40, "turn_count": 41, "result": 0, "reason": "CODE_CRASH", "trapdoors": [[4, 4], [5, 4]], "spawn_a": [0, 2], "spawn_b": [7, 2]}