{"pos": [[1, 6], [7, 7], [2, 6], [6, 7], [1, 6], [6, 6], [1, 5], [6, 5], [2, 5], [6, 6], [3, 5], [5, 6], [4, 5], [5, 7], [5, 5], [4, 7], [5, 4], [3, 7], [6, 4], [2, 7], [7, 4], [1, 7], [7, 3], [0, 7], [6, 3], [1, 7], [6, 2], [1, 6], [6, 1], [1, 7], [6, 0], [2, 7], [5, 0], [1, 7], [4, 0], [1, 6], [4, 1], [1, 7], [4, 2], [1, 6], [3, 2], [1, 7], [3, 1], [1, 6], [2, 1], [1, 7], [1, 1], [1, 6], [1, 0], [1, 7], [0, 0], [1, 6], [0, 1], [1, 7], [0, 2], [1, 6], [1, 2], [1, 7], [1, 3], [1, 6], [1, 4], [1, 7], [2, 4], [1, 6], [2, 3], [1, 7], [3, 3], [1, 6], [4, 3], [1, 7], [0, 6]], "a_eggs_laid": [1, 1, 1, 1, 2, 2, 2, 2, 3, 3, 3, 3, 4, 4, 4, 4, 5, 5, 5, 5, 6, 6, 6, 6, 7, 7, 7, 7, 8, 8, 8, 8, 9, 9, 9, 9, 10, 10, 10, 10, 11, 11, 11, 11, 12, 12, 12, 12, 13, 13, 13, 13, 16, 16, 16, 16, 17, 17, 17, 17, 18, 18, 18, 18, 19, 19, 19, 19, 20, 20, 20], "b_eggs_laid": [0, 1, 1, 1, 1, 2, 2, 2, 2, 3, 3, 3, 3, 4, 4, 4, 4, 5, 5, 5, 5, 6, 6, 6, 6, 9, 9, 9, 9, 10, 10, 10, 10, 10, 10, 10, 10, 10, 10, 10, 10, 10, 10, 10, 10, 10, 10, 10, 10, 10, 10, 10, 10, 10, 10, 10, 10, 10, 10, 10, 10, 10, 10, 10, 10, 10, 10, 10, 10, 10, 10], "a_turds_left": [5, 5, 5, 5, 5, 5, 5, 5, 5, 5, 4, 4, 4, 4, 3, 3, 3, 3, 3, 3, 3, 3, 2, 2, 2, 2, 2, 2, 2, 2, 2, 2, 2, 2, 1, 1, 1, 1, 0, 0, 0, 0, 0, 0, 0, 0, 0, 0, 0, 0, 0, 0, 0, 0, 0, 0, 0, 0, 0, 0, 0, 0, 0, 0, 0, 0, 0, 0, 0, 0, 0], "b_turds_left": [5, 5, 5, 4, 4, 4, 4, 3, 3, 3, 3, 3, 3, 3, 3, 3, 3, 3, 3, 2, 2, 2, 2, 2, 2, 2, 2, 2, 2, 2, 2, 2, 2, 2, 2, 2, 2, 2, 2, 2, 2, 2, 2, 2, 2, 2, 2, 2, 2, 2, 2, 2, 2, 2, 2, 2, 2, 2, 2, 2, 2, 2, 2, 2, 2, 2, 2, 2, 2, 2, 2], "a_time_left": [359.9995864999946, 359.9995864999946, 356.5971303000115, 356.5971303000115, 356.5968887999188, 356.5968887999188, 353.19053549994715, 353.19053549994715, 353.19027959997766, 353.19027959997766, 349.7803118999582, 349.7803118999582, 349.78008479997516, 349.78008479997516, 346.36686890013516, 346.36686890013516, 346.366547500249, 346.366547500249, 342.9502046003472, 342.9502046003472, 342.94997860025615, 342.94997860025615, 337.848656500224, 337.848656500224, 332.7365838000551, 332.7365838000551, 327.63561360002495, 327.63561360002495, 322.53459930000827, 322.53459930000827, 317.43321639997885, 317.43321639997885, 312.33208320010453, 312.33208320010453, 307.2283239001408, 307.2283239001408, 302.1274914999958, 302.1274914999958, 297.0261547998525, 297.0261547998525, 291.9253356999252, 291.9253356999252, 286.8243247999344, 286.8243247999344, 281.7228373000398, 281.7228373000398, 276.620953500038, 276.620953500038, 271.5197920000646, 271.5197920000646, 264.7188093001023, 264.7188093001023, 257.91746360016987, 257.91746360016987, 251.1165149002336, 251.1165149002336, 244.31323660025373, 244.31323660025373, 237.511946500279, 237.511946500279, 230.71112820040435, 230.71112820040435, 223.90767560037784, 223.90767560037784, 217.10452250042, 217.10452250042, 210.30241400026716, 210.30241400026716, 203.4996643003542, 203.4996643003542, 196.6970533002168], "b_time_left": [360, 359.99933929997496, 359.99933929997496, 356.5836221999489, 356.5836221999489, 356.58322429982945, 356.58322429982945, 353.17183859972283, 353.17183859972283, 353.17156769987196, 353.17156769987196, 349.7480398998596, 349.7480398998596, 349.74770619976334, 349.74770619976334, 349.7402675997, 349.7402675997, 349.7399676996283, 349.7399676996283, 346.3394469998311, 346.3394469998311, 346.3392231997568, 346.3392231997568, 341.2382260998711, 341.2382260998711, 336.13744999980554, 336.13744999980554, 331.0363312999252, 331.0363312999252, 325.9356694999151, 325.9356694999151, 325.9349048999138, 325.9349048999138, 320.8339523000177, 320.8339523000177, 320.8329851999879, 320.8329851999879, 315.73213150002994, 315.73213150002994, 315.73159039998427, 315.73159039998427, 310.6307858999353, 310.6307858999353, 310.63004590012133, 310.63004590012133, 305.5292079001665, 305.5292079001665, 305.5282426001504, 305.5282426001504, 300.4276056000963, 300.4276056000963, 300.42686440004036, 300.42686440004036, 293.6260929000564, 293.6260929000564, 293.6255157000851, 293.6255157000851, 286.8246788003016, 286.8246788003016, 286.8240818004124, 286.8240818004124, 286.82265520025976, 286.82265520025976, 286.82206800044514, 286.82206800044514, 280.02074730047025, 280.02074730047025, 280.0200360005256, 280.0200360005256, 273.2182190006133, 273.2182190006133], "a_moves_left": [39, 39, 38, 38, 37, 37, 36, 36, 35, 35, 34, 34, 33, 33, 32, 32, 31, 31, 30, 30, 29, 29, 28, 28, 27, 27, 26, 26, 25, 25, 24, 24, 23, 23, 22, 22, 21, 21, 20, 20, 19, 19, 18, 18, 17, 17, 16, 16, 15, 15, 14, 14, 13, 13, 12, 12, 11, 11, 10, 10, 9, 9, 8, 8, 7, 7, 6, 6, 5, 5, 4], "b_moves_left": [40, 39, 39, 38, 38, 37, 37, 36, 36, 35, 35, 34, 34, 33, 33, 32, 32, 31, 31, 30, 30, 29, 29, 28, 28, 27, 27, 26, 26, 25, 25, 24, 24, 23, 23, 22, 22, 21, 21, 20, 20, 19, 19, 18, 18, 17, 17, 16, 16, 15, 15, 14, 14, 13, 13, 12, 12, 11, 11, 10, 10, 9, 9, 8, 8, 7, 7, 6, 6, 5, 5], "trapdoor_triggered": [0, 0, 0, 0, 0, 0, 0, 0, 0, 0, 0, 0, 0, 0, 0, 0, 0, 0, 0, 0, 0, 0, 0, 0, 0, 0, 0, 0, 0, 0, 0, 0, 0, 0, 0, 0, 0, 0, 0, 0, 0, 0, 0, 0, 0, 0, 0, 0, 0, 0, 0, 0, 0, 0, 0, 0, 0, 0, 0, 0, 0, 0, 0, 0, 0, 0, 0, 0, 0, 0, 1], "left_behind": ["egg", "egg", "plain", "turd", "egg", "egg", "plain", "turd", "egg", "egg", "turd", "plain", "egg", "egg", "turd", "plain", "egg", "egg", "plain", "turd", "egg", "egg", "turd", "plain", "egg", "egg", "plain", "plain", "egg", "egg", "plain", "plain", "egg", "plain", "turd", "plain", "egg", "plain", "turd", "plain", "egg", "plain", "plain", "plain", "egg", "plain", "plain", "plain", "egg", "plain", "plain", "plain", "egg", "plain", "plain", "plain", "egg", "plain", "plain", "plain", "egg", "plain", "plain", "plain", "egg", "plain", "plain", "plain", "egg", "plain", "plain"], "errlog_a": "", "errlog_b": "Traceback (most recent call last):\n  File \"C:\\Users\\litte\\Downloads\\dist\\engine\\player_process.py\", line 283, in run_player_process\n    player_move = player.play(\n        temp_board, trapdoor_samples, time_left_func\n    )\n  File \"C:\\Users\\litte\\Downloads\\dist\\3600-agents\\JohnXina5\\agent.py\", line 246, in play\n    if not board_obj.is_valid_move(best_move[0], best_move[1], False):\n                                   ~~~~~~~~~^^^\nTypeError: 'NoneType' object is not subscriptable\n", "start_time": 360, "start_moves": 40, "turn_count": 71, "result": 0, "reason": "CODE_CRASH", "trapdoors": [[4, 4], [3, 4]], "spawn_a": [0, 6], "spawn_b": [7, 6]}