{"pos": [[0, 1], [6, 2], [1, 1], [6, 1], [1, 0], [5, 1], [2, 0], [5, 0], [3, 0], [4, 0], [3, 1], [4, 1], [3, 0], [4, 0], [2, 0], [3, 0], [2, 1], [4, 0], [2, 2], [5, 0], [2, 1], [6, 0], [2, 0], [7, 0], [2, 1], [6, 0], [2, 0], [5, 0], [2, 1], [4, 0], [1, 1], [3, 0], [1, 2], [4, 0], [1, 3], [5, 0], [1, 2], [5, 1], [1, 1], [5, 2], [1, 0], [4, 2], [0, 0], [4, 3], [1, 0], [5, 3], [2, 0], [6, 3], [2, 1], [6, 4], [3, 1], [6, 5], [2, 1], [6, 6], [2, 2], [5, 6], [2, 3], [5, 7], [2, 4], [4, 7], [2, 3], [4, 6], [0, 2], [3, 6], [0, 3], [2, 6], [0, 4], [2, 7], [0, 3], [1, 7], [1, 3], [0, 7], [1, 4], [0, 6], [1, 5], [1, 6], [1, 4], [0, 6], [1, 5], [0, 5]], "a_eggs_laid": [1, 1, 1, 1, 2, 2, 2, 2, 3, 3, 3, 3, 4, 4, 4, 4, 4, 4, 4, 4, 5, 5, 5, 5, 5, 5, 5, 5, 5, 5, 5, 5, 5, 5, 5, 5, 6, 6, 6, 6, 6, 6, 6, 6, 9, 9, 9, 9, 9, 9, 9, 9, 9, 9, 9, 9, 9, 9, 9, 9, 10, 10, 10, 10, 10, 10, 10, 10, 11, 11, 11, 11, 11, 11, 11, 11, 12, 12, 12, 12], "b_eggs_laid": [0, 1, 1, 1, 1, 2, 2, 2, 2, 3, 3, 3, 3, 4, 4, 4, 4, 5, 5, 5, 5, 5, 5, 5, 5, 8, 8, 8, 8, 8, 8, 8, 8, 8, 8, 8, 8, 8, 8, 8, 8, 9, 9, 9, 9, 10, 10, 10, 10, 11, 11, 11, 11, 12, 12, 12, 12, 13, 13, 13, 13, 14, 14, 18, 18, 19, 19, 19, 19, 20, 20, 20, 20, 23, 23, 23, 23, 24, 24, 24], "a_turds_left": [5, 5, 5, 5, 5, 5, 5, 5, 5, 5, 5, 5, 5, 5, 5, 5, 5, 5, 5, 5, 5, 5, 5, 5, 5, 5, 5, 5, 5, 5, 4, 4, 4, 4, 3, 3, 3, 3, 3, 3, 3, 3, 2, 2, 2, 2, 2, 2, 2, 2, 2, 2, 2, 2, 2, 2, 2, 2, 1, 1, 1, 1, 1, 1, 1, 1, 0, 0, 0, 0, 0, 0, 0, 0, 0, 0, 0, 0, 0, 0], "b_turds_left": [5, 5, 5, 4, 4, 4, 4, 3, 3, 3, 3, 3, 3, 3, 3, 3, 3, 3, 3, 3, 3, 3, 3, 3, 3, 3, 3, 3, 3, 3, 3, 3, 3, 3, 3, 3, 3, 3, 3, 3, 3, 3, 3, 2, 2, 2, 2, 1, 1, 1, 1, 0, 0, 0, 0, 0, 0, 0, 0, 0, 0, 0, 0, 0, 0, 0, 0, 0, 0, 0, 0, 0, 0, 0, 0, 0, 0, 0, 0, 0], "a_time_left": [359.9993167000066, 359.9993167000066, 356.794458400007, 356.794458400007, 356.794155100004, 356.794155100004, 353.59199230000377, 353.59199230000377, 353.59177260000433, 353.59177260000433, 353.5684337000057, 353.5684337000057, 353.56821070001024, 353.56821070001024, 353.56648170001426, 353.56648170001426, 353.5661197000154, 353.5661197000154, 350.3586203000159, 350.3586203000159, 350.3581267000118, 350.3581267000118, 350.350734800013, 350.350734800013, 350.3503038000126, 350.3503038000126, 350.3441478000095, 350.3441478000095, 350.3429129000142, 350.3429129000142, 344.7366600000096, 344.7366600000096, 339.1313147000037, 339.1313147000037, 333.5235915000012, 333.5235915000012, 333.52312620000157, 333.52312620000157, 333.5188511000015, 333.5188511000015, 333.5127655000033, 333.5127655000033, 333.50485180000396, 333.50485180000396, 333.50443530000484, 333.50443530000484, 333.5039675000007, 333.5039675000007, 333.4999882999982, 333.4999882999982, 333.4948430000004, 333.4948430000004, 333.04770490000374, 333.04770490000374, 333.0435747000083, 333.0435747000083, 332.62372270000924, 332.62372270000924, 331.15580580000824, 331.15580580000824, 331.1549783000082, 331.1549783000082, 331.1502115000112, 331.1502115000112, 330.4201722000071, 330.4201722000071, 329.28809270000784, 329.28809270000784, 329.2876319000061, 329.2876319000061, 329.2865909000029, 329.2865909000029, 327.7821017000024, 327.7821017000024, 326.5489196999988, 326.5489196999988, 326.5486772000004, 326.5486772000004, 326.54638310000155, 326.54638310000155], "b_time_left": [360, 359.99929639999755, 359.99929639999755, 349.97793159999856, 349.97793159999856, 340.6189134000015, 340.6189134000015, 330.6187116000001, 330.6187116000001, 320.61846560000413, 320.61846560000413, 310.6158118000021, 310.6158118000021, 310.2859344000026, 310.2859344000026, 301.00669120000384, 301.00669120000384, 291.5933220000079, 291.5933220000079, 291.51282830000855, 291.51282830000855, 291.31527900000947, 291.31527900000947, 281.4194606000092, 281.4194606000092, 280.87093950001145, 280.87093950001145, 280.78679330001614, 280.78679330001614, 280.66686740001023, 280.66686740001023, 280.426755700013, 280.426755700013, 280.1950274000119, 280.1950274000119, 280.192191500013, 280.192191500013, 279.99630380001327, 279.99630380001327, 269.9939862000174, 269.9939862000174, 259.9928217000197, 259.9928217000197, 249.9838026000216, 249.9838026000216, 249.19379410002148, 249.19379410002148, 248.83846510001604, 248.83846510001604, 248.23771600001783, 248.23771600001783, 247.76065450001624, 247.76065450001624, 247.1762065000148, 247.1762065000148, 237.1758047000112, 237.1758047000112, 227.17480740001338, 227.17480740001338, 217.1735228000107, 217.1735228000107, 207.173057100008, 207.173057100008, 197.1721025000079, 197.1721025000079, 187.17171690000396, 187.17171690000396, 177.1710454999993, 177.1710454999993, 176.4090073000043, 176.4090073000043, 161.89417800000228, 161.89417800000228, 147.74962580000283, 147.74962580000283, 132.74907990000065, 132.74907990000065, 132.3754670000053, 132.3754670000053, 132.3751875000089], "a_moves_left": [39, 39, 38, 38, 37, 37, 36, 36, 35, 35, 34, 34, 33, 33, 32, 32, 31, 31, 30, 30, 29, 29, 28, 28, 27, 27, 26, 26, 25, 25, 24, 24, 23, 23, 22, 22, 21, 21, 20, 20, 19, 19, 18, 18, 17, 17, 16, 16, 15, 15, 14, 14, 13, 13, 12, 12, 11, 11, 10, 10, 9, 9, 8, 8, 7, 7, 6, 6, 5, 5, 4, 4, 3, 3, 2, 2, 1, 1, 0, 0], "b_moves_left": [40, 39, 39, 38, 38, 37, 37, 36, 36, 35, 35, 34, 34, 33, 33, 32, 32, 31, 31, 30, 30, 29, 29, 28, 28, 27, 27, 26, 26, 25, 25, 24, 24, 23, 23, 22, 22, 21, 21, 20, 20, 19, 19, 18, 18, 17, 17, 16, 16, 15, 15, 14, 14, 13, 13, 12, 12, 11, 11, 10, 10, 9, 9, 8, 8, 7, 7, 6, 6, 5, 5, 4, 4, 3, 3, 2, 2, 1, 1, 0], "trapdoor_triggered": [0, 0, 0, 0, 0, 0, 0, 0, 0, 0, 0, 0, 0, 0, 0, 0, 0, 0, 0, 0, 0, 0, 0, 0, 0, 0, 0, 0, 0, 0, 0, 0, 0, 0, 0, 0, 0, 0, 0, 0, 0, 0, 0, 0, 0, 0, 0, 0, 0, 0, 0, 0, 0, 0, 0, 0, 0, 0, 0, 0, 0, 0, 1, 0, 0, 0, 0, 0, 0, 0, 0, 0, 0, 0, 0, 0, 0, 0, 0, 0], "left_behind": ["egg", "egg", "plain", "turd", "egg", "egg", "plain", "turd", "egg", "egg", "plain", "plain", "egg", "egg", "plain", "plain", "plain", "egg", "plain", "plain", "egg", "plain", "plain", "plain", "plain", "egg", "plain", "plain", "plain", "plain", "turd", "plain", "plain", "plain", "turd", "plain", "egg", "plain", "plain", "plain", "plain", "egg", "turd", "turd", "egg", "egg", "plain", "turd", "plain", "egg", "plain", "turd", "plain", "egg", "plain", "plain", "plain", "egg", "turd", "plain", "egg", "egg", "plain", "plain", "plain", "egg", "turd", "plain", "egg", "egg", "plain", "plain", "plain", "egg", "plain", "plain", "egg", "egg", "plain", "plain"], "errlog_a": "", "errlog_b": "", "start_time": 360, "start_moves": 40, "turn_count": 80, "result": 1, "reason": "EGGS_LAID", "trapdoors": [[3, 3], [3, 4]], "spawn_a": [0, 2], "spawn_b": [7, 2]}