{"pos": [[0, 5], [6, 6], [1, 5], [5, 6], [1, 4], [4, 6], [2, 4], [3, 6], [2, 3], [2, 6], [1, 3], [1, 6], [1, 2], [1, 7], [2, 2], [0, 7], [2, 1], [1, 7], [1, 1], [2, 7], [1, 0], [3, 7], [2, 0], [4, 7], [3, 0], [5, 7], [4, 0], [6, 7], [5, 0], [7, 7], [5, 1], [7, 6], [5, 0], [7, 5], [6, 0], [7, 4], [7, 0], [7, 3], [7, 1], [7, 2], [7, 0], [6, 2], [7, 1], [6, 3], [6, 1], [6, 4], [6, 2], [6, 5], [6, 1], [5, 5], [6, 0], [4, 5], [6, 1], [4, 4], [6, 0], [4, 3], [6, 1], [3, 3], [6, 0], [3, 2], [6, 1], [3, 1], [6, 0], [3, 0], [5, 0], [3, 1], [6, 0], [2, 1], [6, 1], [3, 1], [6, 0], [4, 1], [6, 1], [4, 2], [6, 0], [5, 2], [6, 1], [7, 6], [6, 0], [7, 5]], "a_eggs_laid": [1, 1, 1, 1, 2, 2, 2, 2, 3, 3, 3, 3, 4, 4, 4, 4, 5, 5, 5, 5, 6, 6, 6, 6, 7, 7, 7, 7, 8, 8, 8, 8, 9, 9, 9, 9, 10, 10, 10, 10, 11, 11, 11, 11, 11, 11, 11, 11, 12, 12, 12, 12, 12, 12, 12, 12, 12, 12, 12, 12, 12, 12, 12, 12, 12, 12, 12, 12, 12, 12, 12, 12, 12, 12, 12, 12, 12, 12, 16, 16], "b_eggs_laid": [0, 1, 1, 1, 1, 2, 2, 2, 2, 3, 3, 3, 3, 4, 4, 4, 4, 7, 7, 7, 7, 8, 8, 8, 8, 9, 9, 9, 9, 10, 10, 10, 10, 10, 10, 10, 10, 11, 11, 11, 11, 12, 12, 12, 12, 13, 13, 13, 13, 14, 14, 14, 14, 15, 15, 15, 15, 16, 16, 16, 16, 17, 17, 17, 17, 18, 18, 18, 18, 19, 19, 19, 19, 19, 19, 19, 19, 19, 19, 19], "a_turds_left": [5, 5, 5, 5, 5, 5, 5, 5, 5, 5, 5, 5, 5, 5, 5, 5, 5, 5, 5, 5, 5, 5, 5, 5, 5, 5, 5, 5, 5, 5, 4, 4, 4, 4, 4, 4, 4, 4, 3, 3, 3, 3, 3, 3, 3, 3, 2, 2, 2, 2, 2, 2, 2, 2, 2, 2, 2, 2, 2, 2, 2, 2, 2, 2, 2, 2, 2, 2, 2, 2, 2, 2, 2, 2, 2, 2, 2, 2, 2, 2], "b_turds_left": [5, 5, 5, 4, 4, 4, 4, 3, 3, 3, 3, 2, 2, 2, 2, 2, 2, 2, 2, 2, 2, 2, 2, 2, 2, 2, 2, 2, 2, 2, 2, 2, 2, 2, 2, 2, 2, 2, 2, 2, 2, 2, 2, 2, 2, 2, 2, 2, 2, 2, 2, 1, 1, 1, 1, 0, 0, 0, 0, 0, 0, 0, 0, 0, 0, 0, 0, 0, 0, 0, 0, 0, 0, 0, 0, 0, 0, 0, 0, 0], "a_time_left": [359.99972369999887, 359.99972369999887, 356.7965288999985, 356.7965288999985, 356.7960714000001, 356.7960714000001, 353.59422359999735, 353.59422359999735, 353.5937432999999, 353.5937432999999, 353.1103427000053, 353.1103427000053, 353.10966150000604, 353.10966150000604, 349.90670030000183, 349.90670030000183, 349.9062511000011, 349.9062511000011, 346.70114430000103, 346.70114430000103, 346.70020680000016, 346.70020680000016, 341.0969428000026, 341.0969428000026, 341.09596820000297, 341.09596820000297, 335.4924350000001, 335.4924350000001, 335.49181210000097, 335.49181210000097, 335.4891329999955, 335.4891329999955, 335.48876729999756, 335.48876729999756, 334.84685719999834, 334.84685719999834, 334.8454696999979, 334.8454696999979, 333.92109560000245, 333.92109560000245, 333.9196559000047, 333.9196559000047, 333.91237900000124, 333.91237900000124, 333.8022167999952, 333.8022167999952, 333.76651659999334, 333.76651659999334, 333.7655869999944, 333.7655869999944, 333.7603159999926, 333.7603159999926, 333.75451119999343, 333.75451119999343, 333.75174019999395, 333.75174019999395, 333.7473097999973, 333.7473097999973, 333.74394299999403, 333.74394299999403, 333.7400647999966, 333.7400647999966, 333.7364354999954, 333.7364354999954, 333.73086409999814, 333.73086409999814, 333.7245857999951, 333.7245857999951, 333.7215650999933, 333.7215650999933, 333.7178223999945, 333.7178223999945, 333.714321799991, 333.714321799991, 333.70991569999023, 333.70991569999023, 333.70580429999245, 333.70580429999245, 333.7030888999943, 333.7030888999943], "b_time_left": [360, 359.9983164000005, 359.9983164000005, 349.9567053999999, 349.9567053999999, 339.9549369000015, 339.9549369000015, 329.9459182999999, 329.9459182999999, 319.94525350000185, 319.94525350000185, 309.9414509999988, 309.9414509999988, 299.9321587999948, 299.9321587999948, 289.93207129999064, 289.93207129999064, 279.9315294999906, 279.9315294999906, 269.9300210999936, 269.9300210999936, 259.92887239999254, 259.92887239999254, 250.60408179998922, 250.60408179998922, 240.59631119998812, 240.59631119998812, 230.59413769999082, 230.59413769999082, 220.59381299999222, 220.59381299999222, 220.52731809999386, 220.52731809999386, 210.52494659999502, 210.52494659999502, 200.5235391999886, 200.5235391999886, 190.51914719998604, 190.51914719998604, 180.95834579998336, 180.95834579998336, 179.36185979998118, 179.36185979998118, 169.6275166999767, 169.6275166999767, 159.6231799999805, 159.6231799999805, 149.73307219998242, 149.73307219998242, 148.6075763999761, 148.6075763999761, 148.14678299997468, 148.14678299997468, 147.23894489997474, 147.23894489997474, 146.53497469997092, 146.53497469997092, 145.71357139997417, 145.71357139997417, 145.13405449997663, 145.13405449997663, 144.41263909998088, 144.41263909998088, 143.860228799982, 143.860228799982, 143.48972899997898, 143.48972899997898, 143.48905309997645, 143.48905309997645, 143.1515652999733, 143.1515652999733, 143.15092939997703, 143.15092939997703, 143.15028779997374, 143.15028779997374, 143.14955709996866, 143.14955709996866, 143.14889029996266, 143.14889029996266, 142.75717609996354], "a_moves_left": [39, 39, 38, 38, 37, 37, 36, 36, 35, 35, 34, 34, 33, 33, 32, 32, 31, 31, 30, 30, 29, 29, 28, 28, 27, 27, 26, 26, 25, 25, 24, 24, 23, 23, 22, 22, 21, 21, 20, 20, 19, 19, 18, 18, 17, 17, 16, 16, 15, 15, 14, 14, 13, 13, 12, 12, 11, 11, 10, 10, 9, 9, 8, 8, 7, 7, 6, 6, 5, 5, 4, 4, 3, 3, 2, 2, 1, 1, 0, 0], "b_moves_left": [40, 39, 39, 38, 38, 37, 37, 36, 36, 35, 35, 34, 34, 33, 33, 32, 32, 31, 31, 30, 30, 29, 29, 28, 28, 27, 27, 26, 26, 25, 25, 24, 24, 23, 23, 22, 22, 21, 21, 20, 20, 19, 19, 18, 18, 17, 17, 16, 16, 15, 15, 14, 14, 13, 13, 12, 12, 11, 11, 10, 10, 9, 9, 8, 8, 7, 7, 6, 6, 5, 5, 4, 4, 3, 3, 2, 2, 1, 1, 0], "trapdoor_triggered": [0, 0, 0, 0, 0, 0, 0, 0, 0, 0, 0, 0, 0, 0, 0, 0, 0, 0, 0, 0, 0, 0, 0, 0, 0, 0, 0, 0, 0, 0, 0, 0, 0, 0, 0, 0, 0, 0, 0, 0, 0, 0, 0, 0, 0, 0, 0, 0, 0, 0, 0, 0, 0, 0, 0, 0, 0, 0, 0, 0, 0, 0, 0, 0, 0, 0, 0, 0, 0, 0, 0, 0, 0, 0, 0, 0, 0, 1, 0, 0], "left_behind": ["egg", "egg", "plain", "turd", "egg", "egg", "plain", "turd", "egg", "egg", "plain", "turd", "egg", "egg", "plain", "plain", "egg", "egg", "plain", "plain", "egg", "egg", "plain", "plain", "egg", "egg", "plain", "plain", "egg", "egg", "turd", "plain", "egg", "plain", "plain", "plain", "egg", "egg", "turd", "plain", "egg", "egg", "plain", "plain", "plain", "egg", "turd", "plain", "egg", "egg", "plain", "turd", "plain", "egg", "plain", "turd", "plain", "egg", "plain", "plain", "plain", "egg", "plain", "plain", "plain", "egg", "plain", "plain", "plain", "egg", "plain", "plain", "plain", "plain", "plain", "plain", "plain", "plain", "plain", "plain"], "errlog_a": "", "errlog_b": "", "start_time": 360, "start_moves": 40, "turn_count": 80, "result": 1, "reason": "EGGS_LAID", "trapdoors": [[5, 3], [5, 4]], "spawn_a": [0, 6], "spawn_b": [7, 6]}