{"pos": [[0, 1], [6, 2], [1, 1], [6, 1], [1, 0], [7, 1], [2, 0], [7, 0], [3, 0], [6, 0], [3, 1], [5, 0], [3, 0], [6, 0], [4, 0], [6, 1], [4, 1], [5, 1], [0, 2], [5, 2], [0, 3], [5, 3], [1, 3], [6, 3], [1, 2], [6, 4], [2, 2], [6, 5], [2, 1], [5, 5], [2, 0], [5, 6], [1, 0]], "a_eggs_laid": [1, 1, 1, 1, 2, 2, 2, 2, 3, 3, 3, 3, 4, 4, 4, 4, 5, 5, 5, 5, 5, 5, 5, 5, 6, 6, 6, 6, 7, 7, 7, 7, 7], "b_eggs_laid": [0, 1, 1, 1, 1, 2, 2, 2, 2, 5, 5, 5, 5, 6, 6, 6, 6, 6, 6, 10, 10, 11, 11, 11, 11, 12, 12, 12, 12, 13, 13, 13, 13], "a_turds_left": [5, 5, 5, 5, 5, 5, 5, 5, 5, 5, 5, 5, 5, 5, 4, 4, 4, 4, 4, 4, 4, 4, 4, 4, 4, 4, 4, 4, 4, 4, 4, 4, 4], "b_turds_left": [5, 5, 5, 4, 4, 4, 4, 4, 4, 4, 4, 4, 4, 4, 4, 4, 4, 4, 4, 3, 3, 3, 3, 2, 2, 2, 2, 2, 2, 2, 2, 1, 1], "a_time_left": [359.99765040000057, 359.99765040000057, 359.99632649999694, 359.99632649999694, 359.9923893000014, 359.9923893000014, 359.99018259999866, 359.99018259999866, 359.984721599998, 359.984721599998, 359.98159029999806, 359.98159029999806, 359.9776660999996, 359.9776660999996, 359.9752424000035, 359.9752424000035, 359.9714206999997, 359.9714206999997, 359.969305300001, 359.969305300001, 359.96721680000337, 359.96721680000337, 359.96424750000006, 359.96424750000006, 359.96018190000177, 359.96018190000177, 359.95747680000204, 359.95747680000204, 359.95450800000253, 359.95450800000253, 359.951035200007, 359.951035200007, 355.94640700001037], "b_time_left": [360, 359.99916369999846, 359.99916369999846, 349.99883849999605, 349.99883849999605, 339.97823049999715, 339.97823049999715, 329.97686209999665, 329.97686209999665, 319.89342909999687, 319.89342909999687, 309.8930873999998, 309.8930873999998, 299.88942020000104, 299.88942020000104, 299.7756827999983, 299.7756827999983, 289.770969899997, 289.770969899997, 279.77070059999824, 279.77070059999824, 269.77001239999663, 269.77001239999663, 259.7607711000019, 259.7607711000019, 249.76010070000484, 249.76010070000484, 239.75895540000784, 239.75895540000784, 238.5087135000067, 238.5087135000067, 228.50816580000537, 228.50816580000537], "a_moves_left": [39, 39, 38, 38, 37, 37, 36, 36, 35, 35, 34, 34, 33, 33, 32, 32, 31, 31, 30, 30, 29, 29, 28, 28, 27, 27, 26, 26, 25, 25, 24, 24, 23], "b_moves_left": [40, 39, 39, 38, 38, 37, 37, 36, 36, 35, 35, 34, 34, 33, 33, 32, 32, 31, 31, 30, 30, 29, 29, 28, 28, 27, 27, 26, 26, 25, 25, 24, 24], "trapdoor_triggered": [0, 0, 0, 0, 0, 0, 0, 0, 0, 0, 0, 0, 0, 0, 0, 0, 0, 0, 1, 0, 0, 0, 0, 0, 0, 0, 0, 0, 0, 0, 0, 0, 0], "left_behind": ["egg", "egg", "plain", "turd", "egg", "egg", "plain", "plain", "egg", "egg", "plain", "plain", "egg", "egg", "turd", "plain", "egg", "plain", "plain", "turd", "plain", "egg", "plain", "turd", "egg", "egg", "plain", "plain", "egg", "egg", "plain", "turd", "plain"], "errlog_a": "", "errlog_b": "Timeout", "start_time": 360, "start_moves": 40, "turn_count": 33, "result": 0, "reason": "CODE_CRASH", "trapdoors": [[4, 2], [2, 3]], "spawn_a": [0, 2], "spawn_b": [7, 2]}