{"pos": [[7, 4], [1, 5], [6, 4], [1, 6], [6, 3], [1, 7], [5, 3], [0, 7], [5, 2], [1, 7], [4, 2], [2, 7], [4, 1], [3, 7], [3, 1], [4, 7], [3, 0], [4, 6], [4, 0], [5, 6], [5, 0], [6, 6], [6, 0], [6, 5], [6, 1], [5, 5], [7, 1], [4, 5], [7, 0], [3, 5], [6, 0], [3, 6], [6, 1], [2, 6], [6, 2], [2, 5], [6, 1], [2, 6], [5, 1], [2, 7], [5, 0], [3, 7], [6, 0], [4, 7], [6, 1], [5, 7], [6, 0], [6, 7], [5, 0], [7, 7], [4, 0], [7, 6], [3, 0], [7, 7], [2, 0], [6, 7], [2, 1], [5, 7], [2, 2], [6, 7], [2, 1], [6, 6], [1, 1], [7, 6], [1, 0], [7, 7], [0, 0], [6, 7], [0, 1], [5, 7], [0, 2], [4, 7], [0, 1], [3, 7], [0, 0], [2, 7], [1, 0], [1, 7], [1, 1], [0, 7]], "a_eggs_laid": [1, 1, 1, 1, 2, 2, 2, 2, 3, 3, 3, 3, 4, 4, 4, 4, 5, 5, 5, 5, 6, 6, 6, 6, 7, 7, 7, 7, 8, 8, 8, 8, 8, 8, 8, 8, 9, 9, 9, 9, 10, 10, 10, 10, 10, 10, 10, 10, 10, 10, 10, 10, 10, 10, 10, 10, 11, 11, 11, 11, 12, 12, 12, 12, 13, 13, 13, 13, 16, 16, 16, 16, 17, 17, 17, 17, 17, 17, 17, 17], "b_eggs_laid": [0, 1, 1, 1, 1, 2, 2, 2, 2, 5, 5, 5, 5, 6, 6, 6, 6, 7, 7, 7, 7, 8, 8, 8, 8, 9, 9, 9, 9, 10, 10, 10, 10, 11, 11, 11, 11, 12, 12, 12, 12, 12, 12, 12, 12, 12, 12, 12, 12, 13, 13, 13, 13, 14, 14, 14, 14, 14, 14, 14, 14, 14, 14, 14, 14, 14, 14, 14, 14, 14, 14, 14, 14, 14, 14, 14, 14, 14, 14, 14], "a_turds_left": [5, 5, 5, 5, 5, 5, 5, 5, 5, 5, 5, 5, 5, 5, 4, 4, 4, 4, 4, 4, 4, 4, 3, 3, 3, 3, 2, 2, 2, 2, 1, 1, 1, 1, 1, 1, 1, 1, 1, 1, 1, 1, 1, 1, 1, 1, 1, 1, 1, 1, 1, 1, 1, 1, 0, 0, 0, 0, 0, 0, 0, 0, 0, 0, 0, 0, 0, 0, 0, 0, 0, 0, 0, 0, 0, 0, 0, 0, 0, 0], "b_turds_left": [5, 5, 5, 4, 4, 4, 4, 4, 4, 4, 4, 4, 4, 4, 4, 4, 4, 4, 4, 3, 3, 3, 3, 2, 2, 2, 2, 1, 1, 1, 1, 0, 0, 0, 0, 0, 0, 0, 0, 0, 0, 0, 0, 0, 0, 0, 0, 0, 0, 0, 0, 0, 0, 0, 0, 0, 0, 0, 0, 0, 0, 0, 0, 0, 0, 0, 0, 0, 0, 0, 0, 0, 0, 0, 0, 0, 0, 0, 0, 0], "a_time_left": [359.9978279999996, 359.9978279999996, 359.99638330000016, 359.99638330000016, 359.9927910999977, 359.9927910999977, 359.9895331000007, 359.9895331000007, 359.98598800000036, 359.98598800000036, 359.98108019999927, 359.98108019999927, 359.9775071999975, 359.9775071999975, 359.974197800002, 359.974197800002, 359.9710122000033, 359.9710122000033, 359.96973309999885, 359.96973309999885, 359.96384150000085, 359.96384150000085, 359.96152180000354, 359.96152180000354, 359.9573271000045, 359.9573271000045, 359.95392910000373, 359.95392910000373, 359.95118050000747, 359.95118050000747, 359.94681400000263, 359.94681400000263, 359.9432289000033, 359.9432289000033, 355.94077360000665, 355.94077360000665, 355.9372837000046, 355.9372837000046, 351.93357580000884, 351.93357580000884, 351.9302075000087, 351.9302075000087, 351.9264863000062, 351.9264863000062, 351.9218005000075, 351.9218005000075, 351.9176098000098, 351.9176098000098, 351.9132379000075, 351.9132379000075, 351.91008610001154, 351.91008610001154, 347.1066478000139, 347.1066478000139, 342.30382410001766, 342.30382410001766, 342.3025346000213, 342.3025346000213, 337.5012014000167, 337.5012014000167, 337.4998236000174, 337.4998236000174, 332.6976937000145, 332.6976937000145, 332.69624330001534, 332.69624330001534, 327.89448740001535, 327.89448740001535, 327.89319420001266, 327.89319420001266, 323.0916724000126, 323.0916724000126, 323.0900009000179, 323.0900009000179, 323.0887622000155, 323.0887622000155, 319.8871014000106, 319.8871014000106, 319.8858568000069, 319.8858568000069], "b_time_left": [360, 359.9991951000047, 359.9991951000047, 349.9977715999994, 349.9977715999994, 339.82818540000153, 339.82818540000153, 330.42896880000626, 330.42896880000626, 320.4217294000118, 320.4217294000118, 310.42023880001216, 310.42023880001216, 300.41134290001355, 300.41134290001355, 290.4104977000097, 290.4104977000097, 280.38851900000736, 280.38851900000736, 270.38216300000204, 270.38216300000204, 260.38154159999976, 260.38154159999976, 250.38106300000072, 250.38106300000072, 240.38069720000203, 240.38069720000203, 230.38023590000375, 230.38023590000375, 229.9075867000065, 229.9075867000065, 229.49087690001033, 229.49087690001033, 220.1341708000109, 220.1341708000109, 210.1333075000075, 210.1333075000075, 200.1327694000065, 200.1327694000065, 200.05073390000325, 200.05073390000325, 199.61466500000097, 199.61466500000097, 199.51772789999814, 199.51772789999814, 199.28521570000157, 199.28521570000157, 199.17731739999726, 199.17731739999726, 198.6871262999921, 198.6871262999921, 188.8586840999924, 188.8586840999924, 178.85849679999228, 178.85849679999228, 178.85806919999595, 178.85806919999595, 178.65926789999503, 178.65926789999503, 178.60677439999563, 178.60677439999563, 178.45011149999482, 178.45011149999482, 178.35472609999852, 178.35472609999852, 178.27992729999823, 178.27992729999823, 178.27803100000165, 178.27803100000165, 178.13799660000223, 178.13799660000223, 178.1349052000005, 178.1349052000005, 177.9971024999977, 177.9971024999977, 177.9512029999969, 177.9512029999969, 177.72978449999937, 177.72978449999937, 177.68183370000042], "a_moves_left": [39, 39, 38, 38, 37, 37, 36, 36, 35, 35, 34, 34, 33, 33, 32, 32, 31, 31, 30, 30, 29, 29, 28, 28, 27, 27, 26, 26, 25, 25, 24, 24, 23, 23, 22, 22, 21, 21, 20, 20, 19, 19, 18, 18, 17, 17, 16, 16, 15, 15, 14, 14, 13, 13, 12, 12, 11, 11, 10, 10, 9, 9, 8, 8, 7, 7, 6, 6, 5, 5, 4, 4, 3, 3, 2, 2, 1, 1, 0, 0], "b_moves_left": [40, 39, 39, 38, 38, 37, 37, 36, 36, 35, 35, 34, 34, 33, 33, 32, 32, 31, 31, 30, 30, 29, 29, 28, 28, 27, 27, 26, 26, 25, 25, 24, 24, 23, 23, 22, 22, 21, 21, 20, 20, 19, 19, 18, 18, 17, 17, 16, 16, 15, 15, 14, 14, 13, 13, 12, 12, 11, 11, 10, 10, 9, 9, 8, 8, 7, 7, 6, 6, 5, 5, 4, 4, 3, 3, 2, 2, 1, 1, 0], "trapdoor_triggered": [0, 0, 0, 0, 0, 0, 0, 0, 0, 0, 0, 0, 0, 0, 0, 0, 0, 0, 0, 0, 0, 0, 0, 0, 0, 0, 0, 0, 0, 0, 0, 0, 0, 0, 0, 0, 0, 0, 0, 0, 0, 0, 0, 0, 0, 0, 0, 0, 0, 0, 0, 0, 0, 0, 0, 0, 0, 0, 0, 0, 0, 0, 0, 0, 0, 0, 0, 0, 0, 0, 0, 0, 0, 0, 0, 0, 0, 0, 0, 0], "left_behind": ["egg", "egg", "plain", "turd", "egg", "egg", "plain", "plain", "egg", "egg", "plain", "plain", "egg", "egg", "turd", "plain", "egg", "egg", "plain", "turd", "egg", "egg", "turd", "turd", "egg", "egg", "turd", "turd", "egg", "egg", "turd", "turd", "plain", "egg", "plain", "plain", "egg", "egg", "plain", "plain", "egg", "plain", "plain", "plain", "plain", "plain", "plain", "plain", "plain", "egg", "plain", "plain", "plain", "egg", "turd", "plain", "egg", "plain", "plain", "plain", "egg", "plain", "plain", "plain", "egg", "plain", "plain", "plain", "egg", "plain", "plain", "plain", "egg", "plain", "plain", "plain", "plain", "plain", "plain", "plain"], "errlog_a": "", "errlog_b": "", "start_time": 360, "start_moves": 40, "turn_count": 80, "result": 0, "reason": "EGGS_LAID", "trapdoors": [[3, 3], [3, 4]], "spawn_a": [7, 5], "spawn_b": [0, 5]}