{"pos": [[6, 5], [1, 5], [5, 5], [1, 6], [5, 4], [0, 6], [4, 4], [0, 7], [3, 4], [1, 7], [3, 3], [2, 7], [3, 2], [3, 7], [2, 2], [4, 7], [2, 3], [4, 6], [2, 4], [5, 6], [2, 3], [6, 6], [1, 3], [6, 5], [1, 2], [6, 4], [1, 1], [6, 3], [2, 1], [6, 2], [3, 1], [7, 2], [3, 2], [7, 1], [4, 2], [7, 0], [4, 1], [6, 0], [5, 1], [5, 0], [6, 1], [6, 0], [7, 1], [6, 1]], "a_eggs_laid": [1, 1, 1, 1, 2, 2, 2, 2, 3, 3, 3, 3, 4, 4, 4, 4, 5, 5, 5, 5, 6, 6, 6, 6, 7, 7, 7, 7, 8, 8, 8, 8, 9, 9, 9, 9, 10, 10, 10, 10, 11, 11, 11, 11], "b_eggs_laid": [0, 1, 1, 1, 1, 2, 2, 2, 2, 5, 5, 5, 5, 6, 6, 6, 6, 7, 7, 7, 7, 8, 8, 8, 8, 9, 9, 9, 9, 10, 10, 10, 10, 11, 11, 11, 11, 14, 14, 14, 14, 15, 15, 20], "a_turds_left": [5, 5, 5, 5, 5, 5, 5, 5, 5, 5, 5, 5, 5, 5, 5, 5, 5, 5, 5, 5, 5, 5, 5, 5, 5, 5, 5, 5, 5, 5, 5, 5, 5, 5, 4, 4, 4, 4, 3, 3, 3, 3, 3, 3], "b_turds_left": [5, 5, 5, 4, 4, 4, 4, 4, 4, 4, 4, 4, 4, 4, 4, 4, 4, 4, 4, 3, 3, 3, 3, 2, 2, 2, 2, 1, 1, 1, 1, 1, 1, 1, 1, 1, 1, 1, 1, 1, 1, 1, 1, 0], "a_time_left": [357.44851109999945, 357.44851109999945, 354.8978769999994, 354.8978769999994, 352.34682149999935, 352.34682149999935, 349.79618760000085, 349.79618760000085, 347.2446345000026, 347.2446345000026, 344.6937418000052, 344.6937418000052, 342.1427319000031, 342.1427319000031, 339.5921008000041, 339.5921008000041, 337.041032000001, 337.041032000001, 334.4902178000011, 334.4902178000011, 330.2391170000046, 330.2391170000046, 325.9882591000023, 325.9882591000023, 321.7368207000036, 321.7368207000036, 317.4861759000014, 317.4861759000014, 313.2347516000009, 313.2347516000009, 308.98387450000155, 308.98387450000155, 304.73305240000263, 304.73305240000263, 300.4823133000027, 300.4823133000027, 296.2307510000028, 296.2307510000028, 291.9799718000031, 291.9799718000031, 291.9182338999999, 291.9182338999999, 291.9097843999989, 291.9097843999989], "b_time_left": [360, 359.9993985000001, 359.9993985000001, 349.99698179999905, 349.99698179999905, 339.99204480000117, 339.99204480000117, 329.98529690000214, 329.98529690000214, 319.98338610000064, 319.98338610000064, 309.9832099000014, 309.9832099000014, 299.9740214000012, 299.9740214000012, 289.9736174999998, 289.9736174999998, 279.97293699999864, 279.97293699999864, 269.9595311000012, 269.9595311000012, 259.95926039999904, 259.95926039999904, 249.9583047999986, 249.9583047999986, 239.95780049999667, 239.95780049999667, 229.95758319999732, 229.95758319999732, 219.9573911999978, 219.9573911999978, 209.95721599999888, 209.95721599999888, 199.95647699999972, 199.95647699999972, 189.95576970000184, 189.95576970000184, 179.95549100000062, 179.95549100000062, 170.74173590000282, 170.74173590000282, 164.20486490000258, 164.20486490000258, 164.161915100005], "a_moves_left": [39, 39, 38, 38, 37, 37, 36, 36, 35, 35, 34, 34, 33, 33, 32, 32, 31, 31, 30, 30, 29, 29, 28, 28, 27, 27, 26, 26, 25, 25, 24, 24, 23, 23, 22, 22, 21, 21, 20, 20, 19, 19, 18, 18], "b_moves_left": [40, 39, 39, 38, 38, 37, 37, 36, 36, 35, 35, 34, 34, 33, 33, 32, 32, 31, 31, 30, 30, 29, 29, 28, 28, 27, 27, 26, 26, 25, 25, 24, 24, 23, 23, 22, 22, 21, 21, 20, 20, 19, 19, 18], "trapdoor_triggered": [0, 0, 0, 0, 0, 0, 0, 0, 0, 0, 0, 0, 0, 0, 0, 0, 0, 0, 0, 0, 0, 0, 0, 0, 0, 0, 0, 0, 0, 0, 0, 0, 0, 0, 0, 0, 0, 0, 0, 0, 0, 0, 0, 0], "left_behind": ["egg", "egg", "plain", "turd", "egg", "egg", "plain", "plain", "egg", "egg", "plain", "plain", "egg", "egg", "plain", "plain", "egg", "egg", "plain", "turd", "egg", "egg", "plain", "turd", "egg", "egg", "plain", "turd", "egg", "egg", "plain", "plain", "egg", "egg", "turd", "plain", "egg", "egg", "turd", "plain", "egg", "egg", "plain", "turd"], "errlog_a": "", "errlog_b": "", "start_time": 360, "start_moves": 40, "turn_count": 44, "result": 1, "reason": "BLOCKING_END", "trapdoors": [[5, 3], [4, 3]], "spawn_a": [7, 5], "spawn_b": [0, 5]}