{"pos": [[7, 4], [1, 5], [6, 4], [2, 5], [6, 3], [3, 5], [5, 3], [0, 5], [5, 2], [0, 4], [4, 2], [0, 3], [4, 1], [1, 3], [3, 1], [2, 3], [3, 0], [2, 2], [4, 0], [3, 2], [5, 0]], "a_eggs_laid": [1, 1, 1, 1, 2, 2, 2, 2, 7, 7, 7, 7, 8, 8, 8, 8, 9, 9, 9, 9, 10], "b_eggs_laid": [0, 1, 1, 1, 1, 2, 2, 2, 2, 2, 2, 2, 2, 3, 3, 3, 3, 4, 4, 4, 4], "a_turds_left": [5, 5, 5, 5, 5, 5, 4, 4, 4, 4, 4, 4, 4, 4, 4, 4, 4, 4, 3, 3, 3], "b_turds_left": [5, 5, 5, 4, 4, 4, 4, 3, 3, 3, 3, 2, 2, 2, 2, 1, 1, 1, 1, 1, 1], "a_time_left": [359.99806340000214, 359.99806340000214, 359.99571030000516, 359.99571030000516, 359.992899900004, 359.992899900004, 359.9903087999992, 359.9903087999992, 359.98753489999945, 359.98753489999945, 357.98458020000544, 357.98458020000544, 357.98122470000817, 357.98122470000817, 355.9774777000057, 355.9774777000057, 355.9717939000111, 355.9717939000111, 353.9693272000077, 353.9693272000077, 353.9661782000112], "b_time_left": [360, 356.49975339999946, 356.49975339999946, 352.99943090000306, 352.99943090000306, 349.49923110000236, 349.49923110000236, 345.99881400000595, 345.99881400000595, 342.4983033000026, 342.4983033000026, 338.9981583999979, 338.9981583999979, 335.4980213999952, 335.4980213999952, 331.99783559999196, 331.99783559999196, 328.49772629999643, 328.49772629999643, 324.9975478999986, 324.9975478999986], "a_moves_left": [39, 39, 38, 38, 37, 37, 36, 36, 35, 35, 34, 34, 33, 33, 32, 32, 31, 31, 30, 30, 29], "b_moves_left": [40, 39, 39, 38, 38, 37, 37, 36, 36, 35, 35, 34, 34, 33, 33, 32, 32, 31, 31, 30, 30], "trapdoor_triggered": [0, 0, 0, 0, 0, 0, 0, 1, 0, 0, 0, 0, 0, 0, 0, 0, 0, 0, 0, 0, 0], "left_behind": ["egg", "egg", "plain", "turd", "egg", "egg", "turd", "turd", "egg", "plain", "plain", "turd", "egg", "egg", "plain", "turd", "egg", "egg", "turd", "plain", "egg"], "errlog_a": "", "errlog_b": "Timeout", "start_time": 360, "start_moves": 40, "turn_count": 21, "result": 0, "reason": "CODE_CRASH", "trapdoors": [[5, 5], [3, 4]], "spawn_a": [7, 5], "spawn_b": [0, 5]}