{"pos": [[7, 2], [0, 2], [6, 2], [1, 2], [6, 1], [1, 1], [5, 1], [0, 1], [5, 2], [0, 2], [5, 3], [0, 3], [6, 3], [0, 4], [7, 3], [0, 5], [7, 4], [0, 6], [7, 5], [0, 7], [7, 6], [1, 7], [7, 7], [2, 7], [6, 7], [3, 7], [6, 6], [4, 7], [6, 5], [5, 7], [5, 5], [5, 6], [5, 4], [4, 6], [6, 4], [4, 5], [6, 3], [4, 4], [5, 3], [4, 3], [5, 4], [4, 2], [4, 4], [4, 1], [4, 5], [4, 0], [4, 6], [5, 0], [5, 6], [6, 0], [5, 7], [5, 0], [6, 7], [4, 0], [7, 7], [3, 0], [7, 6], [2, 0], [7, 5], [1, 0], [7, 4], [1, 1], [7, 3], [2, 1], [6, 3], [2, 2], [5, 3], [3, 2], [5, 2], [4, 2]], "a_eggs_laid": [0, 0, 0, 0, 0, 0, 0, 0, 1, 1, 1, 1, 1, 1, 1, 1, 1, 1, 1, 1, 2, 2, 2, 2, 2, 2, 2, 2, 3, 3, 3, 3, 3, 3, 3, 3, 4, 4, 4, 4, 4, 4, 4, 4, 4, 4, 4, 4, 4, 4, 4, 4, 4, 4, 4, 4, 7, 7, 7, 7, 7, 7, 7, 7, 7, 7, 7, 7, 8, 8], "b_eggs_laid": [0, 0, 0, 0, 0, 1, 1, 1, 1, 2, 2, 2, 2, 3, 3, 3, 3, 3, 3, 3, 3, 6, 6, 6, 6, 7, 7, 7, 7, 8, 8, 8, 8, 8, 8, 8, 8, 8, 8, 8, 8, 9, 9, 9, 9, 10, 10, 10, 10, 11, 11, 11, 11, 11, 11, 11, 11, 12, 12, 12, 12, 12, 12, 12, 12, 13, 13, 13, 13, 14], "a_turds_left": [4, 4, 4, 4, 3, 3, 3, 3, 3, 3, 3, 3, 3, 3, 3, 3, 2, 2, 2, 2, 2, 2, 1, 1, 1, 1, 1, 1, 1, 1, 0, 0, 0, 0, 0, 0, 0, 0, 0, 0, 0, 0, 0, 0, 0, 0, 0, 0, 0, 0, 0, 0, 0, 0, 0, 0, 0, 0, 0, 0, 0, 0, 0, 0, 0, 0, 0, 0, 0, 0], "b_turds_left": [5, 5, 5, 5, 5, 5, 5, 4, 4, 4, 4, 3, 3, 3, 3, 2, 2, 2, 2, 1, 1, 1, 1, 0, 0, 0, 0, 0, 0, 0, 0, 0, 0, 0, 0, 0, 0, 0, 0, 0, 0, 0, 0, 0, 0, 0, 0, 0, 0, 0, 0, 0, 0, 0, 0, 0, 0, 0, 0, 0, 0, 0, 0, 0, 0, 0, 0, 0, 0, 0], "a_time_left": [356.5783007000573, 356.5783007000573, 353.17438100022264, 353.17438100022264, 349.7618493002374, 349.7618493002374, 346.3579511002172, 346.3579511002172, 342.95446930010803, 342.95446930010803, 339.50450020004064, 339.50450020004064, 336.06037750001997, 336.06037750001997, 332.64631590014324, 332.64631590014324, 329.19806920015253, 329.19806920015253, 325.787235799944, 325.787235799944, 320.67704010009766, 320.67704010009766, 315.5742155001499, 315.5742155001499, 310.47207900020294, 310.47207900020294, 305.3701526999939, 305.3701526999939, 300.2454173001461, 300.2454173001461, 295.1350218001753, 295.1350218001753, 295.1281886000652, 295.1281886000652, 290.0254647999536, 290.0254647999536, 284.8977473999839, 284.8977473999839, 279.7967856999021, 279.7967856999021, 279.79063329985365, 279.79063329985365, 274.6887715999037, 274.6887715999037, 269.57558209984563, 269.57558209984563, 264.47250729985535, 264.47250729985535, 259.3686851998791, 259.3686851998791, 252.56182939978316, 252.56182939978316, 245.74476809985936, 245.74476809985936, 238.9433395997621, 238.9433395997621, 232.13881439971738, 232.13881439971738, 232.1365931998007, 232.1365931998007, 225.33554669981822, 225.33554669981822, 225.33496819995344, 225.33496819995344, 218.52660650014877, 218.52660650014877, 211.72516050026752, 211.72516050026752, 204.9080196004361, 204.9080196004361], "b_time_left": [360, 356.57479220000096, 356.57479220000096, 353.1736880999524, 353.1736880999524, 349.76195379998535, 349.76195379998535, 346.35486259986646, 346.35486259986646, 342.92152209975757, 342.92152209975757, 339.5169621997047, 339.5169621997047, 336.0988260998856, 336.0988260998856, 332.6945742997341, 332.6945742997341, 329.2914323997684, 329.2914323997684, 325.8903041998856, 325.8903041998856, 320.78929649991915, 320.78929649991915, 315.67041929997504, 315.67041929997504, 310.5662919997703, 310.5662919997703, 305.4510742998682, 305.4510742998682, 300.3460184999276, 300.3460184999276, 300.3382359999232, 300.3382359999232, 300.3302607999649, 300.3302607999649, 295.21486190008, 295.21486190008, 290.099695000099, 290.099695000099, 290.08146120002493, 290.08146120002493, 290.0761414000299, 290.0761414000299, 290.06359559996054, 290.06359559996054, 284.96183439996094, 284.96183439996094, 279.84110149997286, 279.84110149997286, 274.7402101000771, 274.7402101000771, 274.7394681002479, 274.7394681002479, 267.93770920019597, 267.93770920019597, 261.1258633004036, 261.1258633004036, 254.32530340040103, 254.32530340040103, 247.523076900281, 247.523076900281, 240.7208010002505, 240.7208010002505, 233.91894860030152, 233.91894860030152, 227.11789590027183, 227.11789590027183, 220.3027378001716, 220.3027378001716, 220.29429130023345], "a_moves_left": [39, 39, 38, 38, 37, 37, 36, 36, 35, 35, 34, 34, 33, 33, 32, 32, 31, 31, 30, 30, 29, 29, 28, 28, 27, 27, 26, 26, 25, 25, 24, 24, 23, 23, 22, 22, 21, 21, 20, 20, 19, 19, 18, 18, 17, 17, 16, 16, 15, 15, 14, 14, 13, 13, 12, 12, 11, 11, 10, 10, 9, 9, 8, 8, 7, 7, 6, 6, 5, 5], "b_moves_left": [40, 39, 39, 38, 38, 37, 37, 36, 36, 35, 35, 34, 34, 33, 33, 32, 32, 31, 31, 30, 30, 29, 29, 28, 28, 27, 27, 26, 26, 25, 25, 24, 24, 23, 23, 22, 22, 21, 21, 20, 20, 19, 19, 18, 18, 17, 17, 16, 16, 15, 15, 14, 14, 13, 13, 12, 12, 11, 11, 10, 10, 9, 9, 8, 8, 7, 7, 6, 6, 5], "trapdoor_triggered": [0, 0, 0, 0, 0, 0, 0, 0, 0, 0, 0, 0, 0, 0, 0, 0, 0, 0, 0, 0, 0, 0, 0, 0, 0, 0, 0, 0, 0, 0, 0, 0, 0, 0, 0, 0, 0, 0, 0, 0, 0, 0, 0, 0, 0, 0, 0, 0, 0, 0, 0, 0, 0, 0, 0, 0, 0, 0, 0, 0, 0, 0, 0, 0, 0, 0, 0, 0, 0, 0], "left_behind": ["turd", "plain", "plain", "plain", "turd", "egg", "plain", "turd", "egg", "egg", "plain", "turd", "plain", "egg", "plain", "turd", "turd", "plain", "plain", "turd", "egg", "egg", "turd", "turd", "plain", "egg", "plain", "plain", "egg", "egg", "turd", "plain", "plain", "plain", "plain", "plain", "egg", "plain", "plain", "plain", "plain", "egg", "plain", "plain", "plain", "egg", "plain", "plain", "plain", "egg", "plain", "plain", "plain", "plain", "plain", "plain", "egg", "egg", "plain", "plain", "plain", "plain", "plain", "plain", "plain", "egg", "plain", "plain", "egg", "egg"], "errlog_a": "Traceback (most recent call last):\n  File \"C:\\Users\\litte\\Downloads\\dist\\engine\\player_process.py\", line 283, in run_player_process\n    player_move = player.play(\n        temp_board, trapdoor_samples, time_left_func\n    )\n  File \"C:\\Users\\litte\\Downloads\\dist\\3600-agents\\JohnXina5\\agent.py\", line 240, in play\n    if not board_obj.is_valid_move(best_move[0], best_move[1], False):\n                                   ~~~~~~~~~^^^\nTypeError: 'NoneType' object is not subscriptable\n", "errlog_b": "", "start_time": 360, "start_moves": 40, "turn_count": 70, "result": 1, "reason": "CODE_CRASH", "trapdoors": [[2, 4], [2, 5]], "spawn_a": [7, 1], "spawn_b": [0, 1]}