{"pos": [[7, 2], [1, 3], [6, 2], [1, 4], [6, 1], [1, 5], [6, 0], [0, 5], [6, 1], [0, 6], [5, 1], [0, 7], [5, 0], [1, 7], [4, 0], [2, 7], [3, 0], [3, 7], [3, 1], [3, 6], [3, 0], [4, 6], [2, 0], [5, 6], [1, 0], [6, 6], [1, 1], [6, 7], [1, 0], [6, 6], [0, 0], [6, 5], [1, 0], [7, 5], [2, 0], [7, 4], [2, 1], [6, 4], [2, 2], [6, 3], [2, 1], [5, 3], [2, 0], [5, 4], [3, 0], [5, 5], [4, 0], [4, 5], [4, 1], [5, 5], [4, 2], [5, 6], [4, 1], [5, 7], [4, 0], [4, 7], [5, 0], [5, 7], [6, 0], [6, 7], [7, 0], [6, 6], [7, 1], [7, 6], [7, 0], [7, 5], [7, 1], [6, 5], [7, 2], [5, 5], [7, 1], [5, 6], [7, 2], [6, 6], [7, 1], [6, 7], [7, 0], [7, 7], [7, 1], [7, 6]], "a_eggs_laid": [1, 1, 1, 1, 2, 2, 2, 2, 3, 3, 3, 3, 4, 4, 4, 4, 5, 5, 5, 5, 6, 6, 6, 6, 7, 7, 7, 7, 8, 8, 8, 8, 11, 11, 11, 11, 11, 11, 11, 11, 12, 12, 12, 12, 12, 12, 12, 12, 12, 12, 12, 12, 13, 13, 13, 13, 13, 13, 13, 13, 13, 13, 13, 13, 14, 14, 14, 14, 14, 14, 14, 14, 14, 14, 14, 14, 14, 14, 14, 14], "b_eggs_laid": [0, 1, 1, 1, 1, 2, 2, 2, 2, 3, 3, 3, 3, 6, 6, 6, 6, 7, 7, 7, 7, 8, 8, 8, 8, 9, 9, 9, 9, 10, 10, 10, 10, 11, 11, 11, 11, 12, 12, 12, 12, 13, 13, 13, 13, 14, 14, 14, 14, 15, 15, 15, 15, 15, 15, 15, 15, 16, 16, 16, 16, 16, 16, 16, 16, 17, 17, 17, 17, 17, 17, 17, 17, 17, 17, 17, 17, 17, 17, 17], "a_turds_left": [5, 5, 5, 5, 5, 5, 4, 4, 4, 4, 4, 4, 4, 4, 4, 4, 4, 4, 4, 4, 4, 4, 4, 4, 4, 4, 4, 4, 4, 4, 3, 3, 3, 3, 3, 3, 3, 3, 2, 2, 2, 2, 2, 2, 2, 2, 1, 1, 1, 1, 0, 0, 0, 0, 0, 0, 0, 0, 0, 0, 0, 0, 0, 0, 0, 0, 0, 0, 0, 0, 0, 0, 0, 0, 0, 0, 0, 0, 0, 0], "b_turds_left": [5, 5, 5, 4, 4, 4, 4, 3, 3, 3, 3, 3, 3, 3, 3, 2, 2, 2, 2, 2, 2, 2, 2, 1, 1, 1, 1, 1, 1, 1, 1, 1, 1, 1, 1, 1, 1, 1, 1, 0, 0, 0, 0, 0, 0, 0, 0, 0, 0, 0, 0, 0, 0, 0, 0, 0, 0, 0, 0, 0, 0, 0, 0, 0, 0, 0, 0, 0, 0, 0, 0, 0, 0, 0, 0, 0, 0, 0, 0, 0], "a_time_left": [359.9967035000009, 359.9967035000009, 359.99515530000645, 359.99515530000645, 359.99263080000674, 359.99263080000674, 359.9904622000031, 359.9904622000031, 359.98806460000196, 359.98806460000196, 359.98642989999644, 359.98642989999644, 359.98200189999625, 359.98200189999625, 359.9797636999938, 359.9797636999938, 359.97460629999114, 359.97460629999114, 359.9716988999935, 359.9716988999935, 359.9646752999979, 359.9646752999979, 359.9606044000029, 359.9606044000029, 359.956291100003, 359.956291100003, 359.9539345000012, 359.9539345000012, 359.94065760000376, 359.94065760000376, 359.93642080000427, 359.93642080000427, 359.9347009000048, 359.9347009000048, 359.93298530000175, 359.93298530000175, 355.9277448000066, 355.9277448000066, 351.92396730000473, 351.92396730000473, 351.9200492000091, 351.9200492000091, 351.9153123000142, 351.9153123000142, 347.91115370001353, 347.91115370001353, 347.9064078000156, 347.9064078000156, 343.9041138000175, 343.9041138000175, 340.70179400001507, 340.70179400001507, 340.70072810001875, 340.70072810001875, 340.6990523000204, 340.6990523000204, 335.8966165000238, 335.8966165000238, 335.8950366000281, 335.8950366000281, 332.69193430002633, 332.69193430002633, 329.4901878000237, 329.4901878000237, 329.48883120002574, 329.48883120002574, 329.4872803000253, 329.4872803000253, 326.28505150002457, 326.28505150002457, 326.28310500003136, 326.28310500003136, 323.08092640002724, 323.08092640002724, 323.0789198000275, 323.0789198000275, 319.8767448000217, 319.8767448000217, 319.87518120001914, 319.87518120001914], "b_time_left": [360, 359.9990160000016, 359.9990160000016, 349.9894235000029, 349.9894235000029, 339.9561417000077, 339.9561417000077, 329.955563500007, 329.955563500007, 319.95535350000864, 319.95535350000864, 309.95430420001503, 309.95430420001503, 299.9535639000169, 299.9535639000169, 289.94193740002083, 289.94193740002083, 279.9406606000193, 279.9406606000193, 269.9308929000181, 269.9308929000181, 259.8673513000176, 259.8673513000176, 249.8670966000209, 249.8670966000209, 239.86597780001466, 239.86597780001466, 229.8627194000146, 229.8627194000146, 219.8604954000184, 219.8604954000184, 210.2268263000151, 210.2268263000151, 209.64013400001568, 209.64013400001568, 199.63987660001294, 199.63987660001294, 189.63935660001152, 189.63935660001152, 179.63910000001488, 179.63910000001488, 179.334863100019, 179.334863100019, 177.54749250001623, 177.54749250001623, 177.53906030001963, 177.53906030001963, 167.53887990001385, 167.53887990001385, 157.53847140001744, 157.53847140001744, 157.4869365000195, 157.4869365000195, 157.25045430001774, 157.25045430001774, 156.822530200021, 156.822530200021, 156.81697620002524, 156.81697620002524, 156.81663070002833, 156.81663070002833, 146.8162356000248, 146.8162356000248, 136.81600400002208, 136.81600400002208, 136.43842990002304, 136.43842990002304, 136.37426760002563, 136.37426760002563, 136.1446359000256, 136.1446359000256, 136.09250420002354, 136.09250420002354, 135.93277060001856, 135.93277060001856, 135.859800800019, 135.859800800019, 135.70592760002182, 135.70592760002182, 135.65639280001778], "a_moves_left": [39, 39, 38, 38, 37, 37, 36, 36, 35, 35, 34, 34, 33, 33, 32, 32, 31, 31, 30, 30, 29, 29, 28, 28, 27, 27, 26, 26, 25, 25, 24, 24, 23, 23, 22, 22, 21, 21, 20, 20, 19, 19, 18, 18, 17, 17, 16, 16, 15, 15, 14, 14, 13, 13, 12, 12, 11, 11, 10, 10, 9, 9, 8, 8, 7, 7, 6, 6, 5, 5, 4, 4, 3, 3, 2, 2, 1, 1, 0, 0], "b_moves_left": [40, 39, 39, 38, 38, 37, 37, 36, 36, 35, 35, 34, 34, 33, 33, 32, 32, 31, 31, 30, 30, 29, 29, 28, 28, 27, 27, 26, 26, 25, 25, 24, 24, 23, 23, 22, 22, 21, 21, 20, 20, 19, 19, 18, 18, 17, 17, 16, 16, 15, 15, 14, 14, 13, 13, 12, 12, 11, 11, 10, 10, 9, 9, 8, 8, 7, 7, 6, 6, 5, 5, 4, 4, 3, 3, 2, 2, 1, 1, 0], "trapdoor_triggered": [0, 0, 0, 0, 0, 0, 0, 0, 0, 0, 0, 0, 0, 0, 0, 0, 0, 0, 0, 0, 0, 0, 0, 0, 0, 0, 0, 0, 0, 0, 0, 0, 0, 0, 0, 0, 0, 0, 0, 0, 0, 0, 0, 0, 0, 0, 0, 0, 0, 0, 0, 0, 0, 0, 0, 0, 0, 0, 0, 0, 0, 0, 0, 0, 0, 0, 0, 0, 0, 0, 0, 0, 0, 0, 0, 0, 0, 0, 0, 0], "left_behind": ["egg", "egg", "plain", "turd", "egg", "egg", "turd", "turd", "egg", "egg", "plain", "plain", "egg", "egg", "plain", "turd", "egg", "egg", "plain", "plain", "egg", "egg", "plain", "turd", "egg", "egg", "plain", "plain", "egg", "egg", "turd", "plain", "egg", "egg", "plain", "plain", "plain", "egg", "turd", "turd", "egg", "egg", "plain", "plain", "plain", "egg", "turd", "plain", "plain", "egg", "turd", "plain", "egg", "plain", "plain", "plain", "plain", "egg", "plain", "plain", "plain", "plain", "plain", "plain", "egg", "egg", "plain", "plain", "plain", "plain", "plain", "plain", "plain", "plain", "plain", "plain", "plain", "plain", "plain", "plain"], "errlog_a": "", "errlog_b": "", "start_time": 360, "start_moves": 40, "turn_count": 80, "result": 1, "reason": "EGGS_LAID", "trapdoors": [[3, 3], [5, 2]], "spawn_a": [7, 3], "spawn_b": [0, 3]}