{"pos": [[0, 7], [6, 6], [1, 7], [6, 5], [2, 7], [6, 4], [2, 6], [6, 3], [2, 5], [6, 2], [2, 4], [6, 1], [3, 4], [6, 0], [3, 3], [7, 0], [4, 3], [6, 0], [4, 2], [5, 0], [4, 1], [4, 0], [3, 1], [4, 1], [2, 1], [5, 1], [1, 1], [5, 2], [2, 1], [5, 3], [2, 2], [5, 4], [1, 2], [7, 6], [1, 3], [7, 7], [1, 4], [6, 7], [1, 5], [5, 7], [1, 6], [4, 7], [1, 5], [5, 7], [2, 5], [5, 6], [3, 5], [5, 7], [0, 6], [4, 7], [0, 5], [3, 7], [0, 4], [2, 7], [0, 3], [3, 7], [0, 2], [3, 6], [0, 1], [4, 6], [0, 0], [7, 6], [1, 0], [7, 5], [2, 0], [7, 4], [3, 0], [7, 3], [4, 0], [7, 2], [3, 0], [7, 3], [3, 1], [6, 3], [3, 2], [6, 2], [3, 1], [5, 2], [3, 0], [5, 1]], "a_eggs_laid": [1, 1, 1, 1, 2, 2, 2, 2, 3, 3, 3, 3, 4, 4, 4, 4, 5, 5, 5, 5, 6, 6, 6, 6, 7, 7, 7, 7, 8, 8, 8, 8, 9, 9, 13, 13, 14, 14, 14, 14, 15, 15, 15, 15, 15, 15, 15, 15, 16, 16, 16, 16, 16, 16, 17, 17, 17, 17, 18, 18, 18, 18, 25, 25, 25, 25, 26, 26, 26, 26, 27, 27, 27, 27, 27, 27, 27, 27, 27, 27], "b_eggs_laid": [0, 1, 1, 1, 1, 2, 2, 2, 2, 3, 3, 3, 3, 4, 4, 4, 4, 7, 7, 7, 7, 8, 8, 8, 8, 9, 9, 9, 9, 10, 10, 10, 10, 11, 11, 11, 11, 11, 11, 12, 12, 12, 12, 13, 13, 13, 13, 14, 14, 18, 18, 18, 18, 18, 18, 19, 19, 19, 19, 20, 20, 20, 20, 20, 20, 20, 20, 21, 21, 21, 21, 22, 22, 22, 22, 22, 22, 22, 22, 22], "a_turds_left": [5, 5, 5, 5, 5, 5, 5, 5, 5, 5, 5, 5, 5, 5, 5, 5, 5, 5, 5, 5, 5, 5, 5, 5, 5, 5, 4, 4, 4, 4, 4, 4, 4, 4, 4, 4, 4, 4, 4, 4, 4, 4, 4, 4, 4, 4, 3, 3, 3, 3, 3, 3, 2, 2, 2, 2, 2, 2, 2, 2, 2, 2, 2, 2, 2, 2, 2, 2, 2, 2, 2, 2, 2, 2, 2, 2, 2, 2, 2, 2], "b_turds_left": [5, 5, 5, 4, 4, 4, 4, 3, 3, 3, 3, 2, 2, 2, 2, 2, 2, 2, 2, 2, 2, 2, 2, 2, 2, 2, 2, 1, 1, 1, 1, 0, 0, 0, 0, 0, 0, 0, 0, 0, 0, 0, 0, 0, 0, 0, 0, 0, 0, 0, 0, 0, 0, 0, 0, 0, 0, 0, 0, 0, 0, 0, 0, 0, 0, 0, 0, 0, 0, 0, 0, 0, 0, 0, 0, 0, 0, 0, 0, 0], "a_time_left": [357.44803899999897, 357.44803899999897, 354.8970363999979, 354.8970363999979, 352.34564429999955, 352.34564429999955, 349.7949644, 349.7949644, 347.2439431999992, 347.2439431999992, 344.69312340000033, 344.69312340000033, 342.1420498000007, 342.1420498000007, 339.59110169999985, 339.59110169999985, 337.03989459999866, 337.03989459999866, 334.4891119999993, 334.4891119999993, 330.2383520999974, 330.2383520999974, 330.1545931999972, 330.1545931999972, 330.12299529999655, 330.12299529999655, 325.87233009999545, 325.87233009999545, 321.62093549999554, 321.62093549999554, 317.3699329999945, 317.3699329999945, 313.1182481999931, 313.1182481999931, 308.8671625999923, 308.8671625999923, 304.6157428999941, 304.6157428999941, 300.3647118999943, 300.3647118999943, 296.11356099999466, 296.11356099999466, 296.11286489999475, 296.11286489999475, 291.86166619999494, 291.86166619999494, 287.6103909999947, 287.6103909999947, 283.3587642999955, 283.3587642999955, 277.4074321999942, 277.4074321999942, 271.45676779999485, 271.45676779999485, 265.50536019999345, 265.50536019999345, 259.5547608999914, 259.5547608999914, 253.60359989999415, 253.60359989999415, 247.65243519999422, 247.65243519999422, 241.70101009999416, 241.70101009999416, 235.74977649999346, 235.74977649999346, 229.7937685999932, 229.7937685999932, 223.84108669999114, 223.84108669999114, 217.88474359999236, 217.88474359999236, 217.8823770999952, 217.8823770999952, 211.93068379999386, 211.93068379999386, 211.9294692999938, 211.9294692999938, 205.97726999999577, 205.97726999999577], "b_time_left": [360, 359.99888310000097, 359.99888310000097, 349.9965899000017, 349.9965899000017, 339.9941825999995, 339.9941825999995, 329.99218349999865, 329.99218349999865, 319.9912074999993, 319.9912074999993, 309.9884577999983, 309.9884577999983, 300.62728589999824, 300.62728589999824, 290.62079670000094, 290.62079670000094, 280.54122220000136, 280.54122220000136, 270.54105520000303, 270.54105520000303, 260.54092220000166, 260.54092220000166, 250.53858820000096, 250.53858820000096, 240.5379595000013, 240.5379595000013, 230.53640150000138, 230.53640150000138, 220.53336370000034, 220.53336370000034, 210.53317290000268, 210.53317290000268, 200.5325793000011, 200.5325793000011, 190.53125, 190.53125, 180.53108240000074, 180.53108240000074, 170.53081509999902, 170.53081509999902, 170.43284249999851, 170.43284249999851, 161.0027564000011, 161.0027564000011, 151.00261420000243, 151.00261420000243, 141.00246140000309, 141.00246140000309, 140.87904970000454, 140.87904970000454, 130.87853030000406, 130.87853030000406, 120.87835800000539, 120.87835800000539, 111.50255460000699, 111.50255460000699, 111.50221110000712, 111.50221110000712, 101.5018683000053, 101.5018683000053, 92.73714640000253, 92.73714640000253, 83.6953470000044, 83.6953470000044, 74.27928540000357, 74.27928540000357, 64.72855490000438, 64.72855490000438, 55.49712820000423, 55.49712820000423, 54.892048700003215, 54.892048700003215, 54.89155430000392, 54.89155430000392, 54.734924400003365, 54.734924400003365, 54.61056020000251, 54.61056020000251, 54.50954460000139], "a_moves_left": [39, 39, 38, 38, 37, 37, 36, 36, 35, 35, 34, 34, 33, 33, 32, 32, 31, 31, 30, 30, 29, 29, 28, 28, 27, 27, 26, 26, 25, 25, 24, 24, 23, 23, 22, 22, 21, 21, 20, 20, 19, 19, 18, 18, 17, 17, 16, 16, 15, 15, 14, 14, 13, 13, 12, 12, 11, 11, 10, 10, 9, 9, 8, 8, 7, 7, 6, 6, 5, 5, 4, 4, 3, 3, 2, 2, 1, 1, 0, 0], "b_moves_left": [40, 39, 39, 38, 38, 37, 37, 36, 36, 35, 35, 34, 34, 33, 33, 32, 32, 31, 31, 30, 30, 29, 29, 28, 28, 27, 27, 26, 26, 25, 25, 24, 24, 23, 23, 22, 22, 21, 21, 20, 20, 19, 19, 18, 18, 17, 17, 16, 16, 15, 15, 14, 14, 13, 13, 12, 12, 11, 11, 10, 10, 9, 9, 8, 8, 7, 7, 6, 6, 5, 5, 4, 4, 3, 3, 2, 2, 1, 1, 0], "trapdoor_triggered": [0, 0, 0, 0, 0, 0, 0, 0, 0, 0, 0, 0, 0, 0, 0, 0, 0, 0, 0, 0, 0, 0, 0, 0, 0, 0, 0, 0, 0, 0, 0, 0, 0, 1, 0, 0, 0, 0, 0, 0, 0, 0, 0, 0, 0, 0, 0, 0, 1, 0, 0, 0, 0, 0, 0, 0, 0, 0, 0, 0, 0, 1, 0, 0, 0, 0, 0, 0, 0, 0, 0, 0, 0, 0, 0, 0, 0, 0, 0, 0], "left_behind": ["egg", "egg", "plain", "turd", "egg", "egg", "plain", "turd", "egg", "egg", "plain", "turd", "egg", "egg", "plain", "plain", "egg", "egg", "plain", "plain", "egg", "egg", "plain", "plain", "egg", "egg", "turd", "turd", "egg", "egg", "plain", "turd", "egg", "egg", "plain", "plain", "egg", "plain", "plain", "egg", "egg", "plain", "plain", "egg", "plain", "plain", "turd", "egg", "egg", "plain", "plain", "plain", "turd", "plain", "egg", "egg", "plain", "plain", "egg", "egg", "plain", "plain", "egg", "plain", "plain", "plain", "egg", "egg", "plain", "plain", "egg", "egg", "plain", "plain", "plain", "plain", "plain", "plain", "plain", "plain"], "errlog_a": "", "errlog_b": "", "start_time": 360, "start_moves": 40, "turn_count": 80, "result": 0, "reason": "EGGS_LAID", "trapdoors": [[4, 4], [4, 5]], "spawn_a": [0, 6], "spawn_b": [7, 6]}