{"pos": [[6, 3], [1, 3], [5, 3], [1, 2], [4, 3], [1, 1], [3, 3], [2, 1], [3, 4], [3, 1], [3, 5], [4, 1], [4, 5], [5, 1], [5, 5], [6, 1], [5, 4], [7, 1], [4, 4], [7, 2], [3, 4], [7, 1], [2, 4], [7, 0], [2, 5], [6, 0], [1, 5], [5, 0], [1, 6], [4, 0], [2, 6], [3, 0], [3, 6], [2, 0], [4, 6], [1, 0], [5, 6], [0, 0], [6, 6], [0, 1], [6, 5], [0, 2], [6, 4], [0, 3], [5, 4], [0, 4], [5, 3], [0, 5], [4, 3], [0, 6], [4, 2], [0, 7], [4, 3], [1, 7], [4, 2], [2, 7], [4, 3], [3, 7], [4, 2], [4, 7], [4, 3], [5, 7], [4, 2], [6, 7], [4, 3], [7, 7], [4, 2], [7, 6], [4, 3], [7, 5], [4, 2], [6, 5], [4, 3], [7, 5], [4, 2], [7, 4], [4, 3], [7, 5], [4, 2], [7, 4]], "a_eggs_laid": [1, 1, 1, 1, 2, 2, 2, 2, 3, 3, 3, 3, 4, 4, 4, 4, 5, 5, 5, 5, 6, 6, 6, 6, 7, 7, 7, 7, 8, 8, 8, 8, 9, 9, 9, 9, 10, 10, 10, 10, 11, 11, 11, 11, 12, 12, 12, 12, 12, 12, 12, 12, 13, 13, 13, 13, 13, 13, 13, 13, 13, 13, 13, 13, 13, 13, 13, 13, 13, 13, 13, 13, 13, 13, 13, 13, 13, 13, 13, 13], "b_eggs_laid": [0, 1, 1, 1, 1, 2, 2, 2, 2, 3, 3, 3, 3, 4, 4, 4, 4, 5, 5, 5, 5, 6, 6, 6, 6, 9, 9, 9, 9, 10, 10, 10, 10, 11, 11, 11, 11, 12, 12, 12, 12, 13, 13, 13, 13, 13, 13, 13, 13, 14, 14, 14, 14, 17, 17, 17, 17, 18, 18, 18, 18, 19, 19, 19, 19, 20, 20, 20, 20, 21, 21, 21, 21, 22, 22, 22, 22, 23, 23, 23], "a_turds_left": [5, 5, 5, 5, 5, 5, 5, 5, 5, 5, 4, 4, 4, 4, 4, 4, 4, 4, 4, 4, 4, 4, 4, 4, 4, 4, 4, 4, 4, 4, 4, 4, 4, 4, 4, 4, 4, 4, 4, 4, 4, 4, 4, 4, 4, 4, 4, 4, 4, 4, 4, 4, 4, 4, 4, 4, 4, 4, 4, 4, 4, 4, 4, 4, 4, 4, 4, 4, 4, 4, 4, 4, 4, 4, 4, 4, 4, 4, 4, 4], "b_turds_left": [5, 5, 5, 4, 4, 4, 4, 3, 3, 3, 3, 2, 2, 2, 2, 1, 1, 1, 1, 1, 1, 1, 1, 1, 1, 1, 1, 1, 1, 1, 1, 0, 0, 0, 0, 0, 0, 0, 0, 0, 0, 0, 0, 0, 0, 0, 0, 0, 0, 0, 0, 0, 0, 0, 0, 0, 0, 0, 0, 0, 0, 0, 0, 0, 0, 0, 0, 0, 0, 0, 0, 0, 0, 0, 0, 0, 0, 0, 0, 0], "a_time_left": [357.38254900000175, 357.38254900000175, 354.83044110000264, 354.83044110000264, 352.27695100000346, 352.27695100000346, 349.7233450000058, 349.7233450000058, 347.17124900000636, 347.17124900000636, 344.61909570000716, 344.61909570000716, 342.06392800000685, 342.06392800000685, 339.5121811000099, 339.5121811000099, 336.9573024000092, 336.9573024000092, 334.4048786000094, 334.4048786000094, 330.151158500008, 330.151158500008, 325.899029900007, 325.899029900007, 321.64616060000844, 321.64616060000844, 317.39152170001034, 317.39152170001034, 313.1282563000095, 313.1282563000095, 308.8742863000116, 308.8742863000116, 304.61972510001215, 304.61972510001215, 300.3627205000121, 300.3627205000121, 296.109199800012, 296.109199800012, 291.85570160001225, 291.85570160001225, 287.602807500014, 287.602807500014, 283.3503486000154, 283.3503486000154, 279.0973254000164, 279.0973254000164, 279.09571860001597, 279.09571860001597, 274.8420305000145, 274.8420305000145, 268.8885692000149, 268.8885692000149, 262.93507700001646, 262.93507700001646, 262.93341530001635, 262.93341530001635, 256.9805429000189, 256.9805429000189, 256.97868950001794, 256.97868950001794, 251.0260154000207, 251.0260154000207, 251.02433700002075, 251.02433700002075, 245.07240730002377, 245.07240730002377, 245.0705365000249, 245.0705365000249, 239.11843340002451, 239.11843340002451, 239.1152984000255, 239.1152984000255, 233.16359030002423, 233.16359030002423, 233.16127210002378, 233.16127210002378, 227.20908650002457, 227.20908650002457, 227.20719370002553, 227.20719370002553], "b_time_left": [360, 359.9709242000026, 359.9709242000026, 349.90808950000064, 349.90808950000064, 339.753267600001, 339.753267600001, 329.7045560000006, 329.7045560000006, 319.6990000000005, 319.6990000000005, 309.6802996000006, 309.6802996000006, 299.64307109999936, 299.64307109999936, 290.1220797999995, 290.1220797999995, 280.1107118999971, 280.1107118999971, 270.1099633999984, 270.1099633999984, 260.10912619999726, 260.10912619999726, 250.10809449999942, 250.10809449999942, 240.1062510999982, 240.1062510999982, 230.10369480000008, 230.10369480000008, 220.1025718000019, 220.1025718000019, 210.10110780000105, 210.10110780000105, 200.10061589999896, 200.10061589999896, 190.09964359999867, 190.09964359999867, 180.09924939999837, 180.09924939999837, 170.0985933999982, 170.0985933999982, 160.09802859999763, 160.09802859999763, 159.9567569999963, 159.9567569999963, 159.57660369999576, 159.57660369999576, 149.68302369999583, 149.68302369999583, 140.43340149999858, 140.43340149999858, 130.49997959999746, 130.49997959999746, 129.4956297999961, 129.4956297999961, 128.1717142999987, 128.1717142999987, 128.1582457000004, 128.1582457000004, 126.90109250000023, 126.90109250000023, 126.87323209999886, 126.87323209999886, 125.78442909999649, 125.78442909999649, 125.76764819999516, 125.76764819999516, 124.95950989999619, 124.95950989999619, 124.93924859999606, 124.93924859999606, 124.25507279999874, 124.25507279999874, 124.16697059999933, 124.16697059999933, 124.1662647000012, 124.1662647000012, 123.93433369999912, 123.93433369999912, 123.93334239999967], "a_moves_left": [39, 39, 38, 38, 37, 37, 36, 36, 35, 35, 34, 34, 33, 33, 32, 32, 31, 31, 30, 30, 29, 29, 28, 28, 27, 27, 26, 26, 25, 25, 24, 24, 23, 23, 22, 22, 21, 21, 20, 20, 19, 19, 18, 18, 17, 17, 16, 16, 15, 15, 14, 14, 13, 13, 12, 12, 11, 11, 10, 10, 9, 9, 8, 8, 7, 7, 6, 6, 5, 5, 4, 4, 3, 3, 2, 2, 1, 1, 0, 0], "b_moves_left": [40, 39, 39, 38, 38, 37, 37, 36, 36, 35, 35, 34, 34, 33, 33, 32, 32, 31, 31, 30, 30, 29, 29, 28, 28, 27, 27, 26, 26, 25, 25, 24, 24, 23, 23, 22, 22, 21, 21, 20, 20, 19, 19, 18, 18, 17, 17, 16, 16, 15, 15, 14, 14, 13, 13, 12, 12, 11, 11, 10, 10, 9, 9, 8, 8, 7, 7, 6, 6, 5, 5, 4, 4, 3, 3, 2, 2, 1, 1, 0], "trapdoor_triggered": [0, 0, 0, 0, 0, 0, 0, 0, 0, 0, 0, 0, 0, 0, 0, 0, 0, 0, 0, 0, 0, 0, 0, 0, 0, 0, 0, 0, 0, 0, 0, 0, 0, 0, 0, 0, 0, 0, 0, 0, 0, 0, 0, 0, 0, 0, 0, 0, 0, 0, 0, 0, 0, 0, 0, 0, 0, 0, 0, 0, 0, 0, 0, 0, 0, 0, 0, 0, 0, 0, 0, 0, 0, 0, 0, 0, 0, 0, 0, 0], "left_behind": ["egg", "egg", "plain", "turd", "egg", "egg", "plain", "turd", "egg", "egg", "turd", "turd", "egg", "egg", "plain", "turd", "egg", "egg", "plain", "plain", "egg", "egg", "plain", "plain", "egg", "egg", "plain", "plain", "egg", "egg", "plain", "turd", "egg", "egg", "plain", "plain", "egg", "egg", "plain", "plain", "egg", "egg", "plain", "plain", "egg", "plain", "plain", "plain", "plain", "egg", "plain", "plain", "egg", "egg", "plain", "plain", "plain", "egg", "plain", "plain", "plain", "egg", "plain", "plain", "plain", "egg", "plain", "plain", "plain", "egg", "plain", "plain", "plain", "egg", "plain", "plain", "plain", "egg", "plain", "plain"], "errlog_a": "", "errlog_b": "", "start_time": 360, "start_moves": 40, "turn_count": 80, "result": 1, "reason": "EGGS_LAID", "trapdoors": [[2, 2], [2, 3]], "spawn_a": [7, 3], "spawn_b": [0, 3]}