{"pos": [[7, 4], [1, 5], [7, 3], [1, 6], [7, 2], [1, 7], [7, 1], [0, 7], [7, 0], [1, 7], [6, 0], [2, 7], [6, 1], [3, 7], [6, 2], [3, 6], [6, 1], [4, 6], [5, 1], [5, 6], [5, 0], [6, 6], [4, 0], [6, 5], [4, 1], [5, 5], [4, 2], [4, 5], [4, 1], [4, 6], [3, 1], [4, 7], [3, 0], [4, 6], [2, 0], [3, 6], [2, 1], [2, 6], [1, 1], [0, 5], [1, 0], [0, 4], [0, 0], [0, 3], [1, 0], [1, 3], [1, 1], [1, 2], [0, 1], [1, 3], [0, 2], [1, 4], [0, 1], [2, 4], [0, 0], [2, 3], [0, 1], [3, 3], [0, 0], [3, 4], [0, 1], [3, 3], [0, 0], [3, 2], [0, 1], [3, 3], [0, 0], [4, 3], [1, 0], [5, 3], [1, 1], [5, 2], [0, 1], [5, 3], [0, 0], [6, 3], [0, 1], [5, 3], [0, 0], [5, 4]], "a_eggs_laid": [1, 1, 1, 1, 2, 2, 2, 2, 3, 3, 3, 3, 4, 4, 4, 4, 5, 5, 5, 5, 6, 6, 6, 6, 7, 7, 7, 7, 8, 8, 8, 8, 9, 9, 9, 9, 10, 10, 10, 10, 15, 15, 15, 15, 18, 18, 18, 18, 18, 18, 18, 18, 19, 19, 19, 19, 19, 19, 19, 19, 19, 19, 19, 19, 19, 19, 19, 19, 19, 19, 19, 19, 19, 19, 19, 19, 19, 19, 19, 19], "b_eggs_laid": [0, 1, 1, 1, 1, 2, 2, 2, 2, 5, 5, 5, 5, 6, 6, 6, 6, 7, 7, 7, 7, 8, 8, 8, 8, 9, 9, 9, 9, 10, 10, 10, 10, 11, 11, 11, 11, 11, 11, 11, 11, 11, 11, 11, 11, 12, 12, 12, 12, 13, 13, 13, 13, 14, 14, 14, 14, 15, 15, 15, 15, 16, 16, 16, 16, 17, 17, 17, 17, 17, 17, 17, 17, 17, 17, 17, 17, 18, 18, 18], "a_turds_left": [5, 5, 4, 4, 4, 4, 4, 4, 4, 4, 4, 4, 4, 4, 3, 3, 3, 3, 3, 3, 3, 3, 3, 3, 3, 3, 2, 2, 2, 2, 2, 2, 2, 2, 1, 1, 1, 1, 0, 0, 0, 0, 0, 0, 0, 0, 0, 0, 0, 0, 0, 0, 0, 0, 0, 0, 0, 0, 0, 0, 0, 0, 0, 0, 0, 0, 0, 0, 0, 0, 0, 0, 0, 0, 0, 0, 0, 0, 0, 0], "b_turds_left": [5, 5, 5, 4, 4, 4, 4, 4, 4, 4, 4, 3, 3, 3, 3, 3, 3, 3, 3, 3, 3, 3, 3, 2, 2, 2, 2, 1, 1, 1, 1, 1, 1, 1, 1, 0, 0, 0, 0, 0, 0, 0, 0, 0, 0, 0, 0, 0, 0, 0, 0, 0, 0, 0, 0, 0, 0, 0, 0, 0, 0, 0, 0, 0, 0, 0, 0, 0, 0, 0, 0, 0, 0, 0, 0, 0, 0, 0, 0, 0], "a_time_left": [359.9968414000032, 359.9968414000032, 359.9950228000089, 359.9950228000089, 359.99247620000824, 359.99247620000824, 359.99029630000587, 359.99029630000587, 359.98761560000275, 359.98761560000275, 359.9857245000021, 359.9857245000021, 359.9826020000037, 359.9826020000037, 359.98003620000964, 359.98003620000964, 359.97607690000586, 359.97607690000586, 359.9743241000033, 359.9743241000033, 359.9717168999996, 359.9717168999996, 359.9694797999982, 359.9694797999982, 359.96512619999703, 359.96512619999703, 359.9632436999964, 359.9632436999964, 359.9600017999983, 359.9600017999983, 355.7062203999958, 355.7062203999958, 355.7032585999914, 355.7032585999914, 351.44873999999254, 351.44873999999254, 351.4452114999949, 351.4452114999949, 347.19145919999573, 347.19145919999573, 347.1893889999992, 347.1893889999992, 342.9363325000013, 342.9363325000013, 342.9344319000011, 342.9344319000011, 342.9318728000071, 342.9318728000071, 342.904548800012, 342.904548800012, 336.52621630000795, 336.52621630000795, 336.5246668000036, 336.5246668000036, 336.5225900000005, 336.5225900000005, 336.5211513000031, 336.5211513000031, 336.51951970000664, 336.51951970000664, 336.5179801000122, 336.5179801000122, 336.5162066000121, 336.5162066000121, 336.51466340001207, 336.51466340001207, 336.51266790000955, 336.51266790000955, 331.4103104000096, 331.4103104000096, 331.4085760000089, 331.4085760000089, 331.4072014000121, 331.4072014000121, 331.405147100013, 331.405147100013, 331.4031371000092, 331.4031371000092, 331.40080390001094, 331.40080390001094], "b_time_left": [360, 359.99890230000165, 359.99890230000165, 349.9881264000069, 349.9881264000069, 339.95624710000993, 339.95624710000993, 329.9514218000113, 329.9514218000113, 319.9356763000105, 319.9356763000105, 309.9015950000103, 309.9015950000103, 299.8968103000152, 299.8968103000152, 289.89408170001116, 289.89408170001116, 279.89212830000906, 279.89212830000906, 269.8809917000108, 269.8809917000108, 259.87609670001257, 259.87609670001257, 249.87338800000725, 249.87338800000725, 240.43121500001143, 240.43121500001143, 230.42822430001252, 230.42822430001252, 220.42787650001264, 220.42787650001264, 210.4266334000131, 210.4266334000131, 200.42642010001873, 200.42642010001873, 200.36747220002144, 200.36747220002144, 190.36726100002124, 190.36726100002124, 180.3669781000208, 180.3669781000208, 170.36636880002334, 170.36636880002334, 160.36611630002153, 160.36611630002153, 159.81762760002312, 159.81762760002312, 149.81615870002133, 149.81615870002133, 139.81589950001944, 139.81589950001944, 129.81568440002593, 129.81568440002593, 129.27407850002783, 129.27407850002783, 128.44593700002588, 128.44593700002588, 128.43903580003098, 128.43903580003098, 127.55077710002661, 127.55077710002661, 127.52929520002363, 127.52929520002363, 127.52892360002443, 127.52892360002443, 127.42597720002959, 127.42597720002959, 127.42562210003234, 127.42562210003234, 127.4250450000327, 127.4250450000327, 127.4246798000313, 127.4246798000313, 127.42420600003243, 127.42420600003243, 127.42379410003196, 127.42379410003196, 127.21342870002991, 127.21342870002991, 127.21304070002952], "a_moves_left": [39, 39, 38, 38, 37, 37, 36, 36, 35, 35, 34, 34, 33, 33, 32, 32, 31, 31, 30, 30, 29, 29, 28, 28, 27, 27, 26, 26, 25, 25, 24, 24, 23, 23, 22, 22, 21, 21, 20, 20, 19, 19, 18, 18, 17, 17, 16, 16, 15, 15, 14, 14, 13, 13, 12, 12, 11, 11, 10, 10, 9, 9, 8, 8, 7, 7, 6, 6, 5, 5, 4, 4, 3, 3, 2, 2, 1, 1, 0, 0], "b_moves_left": [40, 39, 39, 38, 38, 37, 37, 36, 36, 35, 35, 34, 34, 33, 33, 32, 32, 31, 31, 30, 30, 29, 29, 28, 28, 27, 27, 26, 26, 25, 25, 24, 24, 23, 23, 22, 22, 21, 21, 20, 20, 19, 19, 18, 18, 17, 17, 16, 16, 15, 15, 14, 14, 13, 13, 12, 12, 11, 11, 10, 10, 9, 9, 8, 8, 7, 7, 6, 6, 5, 5, 4, 4, 3, 3, 2, 2, 1, 1, 0], "trapdoor_triggered": [0, 0, 0, 0, 0, 0, 0, 0, 0, 0, 0, 0, 0, 0, 0, 0, 0, 0, 0, 0, 0, 0, 0, 0, 0, 0, 0, 0, 0, 0, 0, 0, 0, 0, 0, 0, 0, 0, 0, 1, 0, 0, 0, 0, 0, 0, 0, 0, 0, 0, 0, 0, 0, 0, 0, 0, 0, 0, 0, 0, 0, 0, 0, 0, 0, 0, 0, 0, 0, 0, 0, 0, 0, 0, 0, 0, 0, 0, 0, 0], "left_behind": ["egg", "egg", "turd", "turd", "egg", "egg", "plain", "plain", "egg", "egg", "plain", "turd", "egg", "egg", "turd", "plain", "egg", "egg", "plain", "plain", "egg", "egg", "plain", "turd", "egg", "egg", "turd", "turd", "egg", "egg", "plain", "plain", "egg", "egg", "turd", "turd", "egg", "plain", "turd", "plain", "egg", "plain", "plain", "plain", "egg", "egg", "plain", "plain", "plain", "egg", "plain", "plain", "egg", "egg", "plain", "plain", "plain", "egg", "plain", "plain", "plain", "egg", "plain", "plain", "plain", "egg", "plain", "plain", "plain", "plain", "plain", "plain", "plain", "plain", "plain", "plain", "plain", "egg", "plain", "plain"], "errlog_a": "", "errlog_b": "", "start_time": 360, "start_moves": 40, "turn_count": 80, "result": 0, "reason": "EGGS_LAID", "trapdoors": [[4, 4], [2, 5]], "spawn_a": [7, 5], "spawn_b": [0, 5]}