{"pos": [[6, 3], [0, 2], [5, 3], [1, 2], [5, 4], [2, 2], [7, 3], [2, 3], [7, 4], [2, 4], [6, 4], [2, 5], [5, 4], [1, 5], [5, 5], [1, 6], [6, 5], [0, 6], [6, 6], [0, 7], [6, 7], [0, 6], [5, 7], [0, 5], [5, 6], [1, 5], [4, 6], [1, 4], [3, 6], [1, 3], [3, 5], [1, 2], [7, 3], [1, 1], [7, 2], [1, 0], [6, 2], [2, 0], [5, 2], [3, 0], [4, 2], [4, 0], [4, 1]], "a_eggs_laid": [1, 1, 1, 1, 2, 2, 2, 2, 2, 2, 2, 2, 3, 3, 3, 3, 4, 4, 4, 4, 5, 5, 5, 5, 6, 6, 6, 6, 7, 7, 7, 7, 8, 8, 8, 8, 8, 8, 9, 9, 9, 9, 10], "b_eggs_laid": [0, 1, 1, 1, 1, 2, 2, 6, 6, 7, 7, 7, 7, 8, 8, 8, 8, 9, 9, 9, 9, 12, 12, 12, 12, 13, 13, 13, 13, 14, 14, 14, 14, 18, 18, 18, 18, 19, 19, 19, 19, 20, 20], "a_turds_left": [5, 5, 5, 5, 5, 5, 4, 4, 4, 4, 4, 4, 4, 4, 4, 4, 4, 4, 4, 4, 4, 4, 3, 3, 3, 3, 2, 2, 2, 2, 2, 2, 2, 2, 2, 2, 2, 2, 2, 2, 1, 1, 1], "b_turds_left": [5, 5, 5, 4, 4, 4, 4, 4, 4, 4, 4, 3, 3, 3, 3, 3, 3, 3, 3, 2, 2, 2, 2, 2, 2, 2, 2, 2, 2, 2, 2, 2, 2, 2, 2, 2, 2, 2, 2, 1, 1, 1, 1], "a_time_left": [359.9992937000934, 359.9992937000934, 356.59591160016134, 356.59591160016134, 356.5954339001328, 356.5954339001328, 353.18809700012207, 353.18809700012207, 349.76457250025123, 349.76457250025123, 346.3626343002543, 346.3626343002543, 346.36194540024735, 346.36194540024735, 342.8841668001842, 342.8841668001842, 342.88357910024934, 342.88357910024934, 339.47023500013165, 339.47023500013165, 339.46970300003886, 339.46970300003886, 334.35981890000403, 334.35981890000403, 329.2584663000889, 329.2584663000889, 324.1556167001836, 324.1556167001836, 319.05380390025675, 319.05380390025675, 313.93846060009673, 313.93846060009673, 308.8362672000658, 308.8362672000658, 303.7337420999538, 303.7337420999538, 298.6049397001043, 298.6049397001043, 293.50283759995364, 293.50283759995364, 288.40148929995485, 288.40148929995485, 288.3765606000088], "b_time_left": [360, 359.9993837000802, 359.9993837000802, 356.58579350006767, 356.58579350006767, 356.58547089993954, 356.58547089993954, 353.184560299851, 353.184560299851, 353.1841279999353, 353.1841279999353, 349.72362369974144, 349.72362369974144, 349.7230119998567, 349.7230119998567, 346.3199781998992, 346.3199781998992, 346.3193610999733, 346.3193610999733, 342.8939473000355, 342.8939473000355, 342.89335899986327, 342.89335899986327, 337.7909151997883, 337.7909151997883, 332.68908139970154, 332.68908139970154, 327.58729219948873, 327.58729219948873, 322.48587659955956, 322.48587659955956, 322.48464929964393, 322.48464929964393, 317.38293649978004, 317.38293649978004, 312.27434249967337, 312.27434249967337, 307.1711955994833, 307.1711955994833, 302.06949929962866, 302.06949929962866, 296.96775419963524, 296.96775419963524], "a_moves_left": [39, 39, 38, 38, 37, 37, 36, 36, 35, 35, 34, 34, 33, 33, 32, 32, 31, 31, 30, 30, 29, 29, 28, 28, 27, 27, 26, 26, 25, 25, 24, 24, 23, 23, 22, 22, 21, 21, 20, 20, 19, 19, 18], "b_moves_left": [40, 39, 39, 38, 38, 37, 37, 36, 36, 35, 35, 34, 34, 33, 33, 32, 32, 31, 31, 30, 30, 29, 29, 28, 28, 27, 27, 26, 26, 25, 25, 24, 24, 23, 23, 22, 22, 21, 21, 20, 20, 19, 19], "trapdoor_triggered": [0, 0, 0, 0, 0, 0, 1, 0, 0, 0, 0, 0, 0, 0, 0, 0, 0, 0, 0, 0, 0, 0, 0, 0, 0, 0, 0, 0, 0, 0, 0, 0, 1, 0, 0, 0, 0, 0, 0, 0, 0, 0, 0], "left_behind": ["egg", "egg", "plain", "turd", "egg", "egg", "turd", "plain", "plain", "egg", "plain", "turd", "egg", "egg", "plain", "plain", "egg", "egg", "plain", "turd", "egg", "egg", "turd", "plain", "egg", "egg", "turd", "plain", "egg", "egg", "plain", "plain", "egg", "plain", "plain", "plain", "plain", "egg", "egg", "turd", "turd", "egg", "egg"], "errlog_a": "", "errlog_b": "Traceback (most recent call last):\n  File \"C:\\Users\\litte\\Downloads\\dist\\engine\\player_process.py\", line 283, in run_player_process\n    player_move = player.play(\n        temp_board, trapdoor_samples, time_left_func\n    )\n  File \"C:\\Users\\litte\\Downloads\\dist\\3600-agents\\JohnXina5\\agent.py\", line 215, in play\n    val, move = self.minimax(state, 3, float('-inf'), float('inf'), True)\n                ~~~~~~~~~~~~^^^^^^^^^^^^^^^^^^^^^^^^^^^^^^^^^^^^^^^^^^^^^\n  File \"C:\\Users\\litte\\Downloads\\dist\\3600-agents\\JohnXina5\\agent.py\", line 347, in minimax\n    eval_val, _ = self.minimax(new_state, depth - 1, alpha, beta, False)\n                  ~~~~~~~~~~~~^^^^^^^^^^^^^^^^^^^^^^^^^^^^^^^^^^^^^^^^^^\n  File \"C:\\Users\\litte\\Downloads\\dist\\3600-agents\\JohnXina5\\agent.py\", line 360, in minimax\n    eval_val, _ = self.minimax(new_state, depth - 1, alpha, beta, True)\n                  ~~~~~~~~~~~~^^^^^^^^^^^^^^^^^^^^^^^^^^^^^^^^^^^^^^^^^\n  File \"C:\\Users\\litte\\Downloads\\dist\\3600-agents\\JohnXina5\\agent.py\", line 312, in minimax\n    moves = self._get_valid_moves_sim(state, is_me=maximizing)\n  File \"C:\\Users\\litte\\Downloads\\dist\\3600-agents\\JohnXina5\\agent.py\", line 623, in _get_valid_moves_sim\n    curr_loc = state['my_loc'] if is_me else state['opp_loc']\n               ~~~~~^^^^^^^^^^\nTypeError: 'NoneType' object is not subscriptable\n", "start_time": 360, "start_moves": 40, "turn_count": 43, "result": 0, "reason": "CODE_CRASH", "trapdoors": [[4, 4], [4, 5]], "spawn_a": [7, 3], "spawn_b": [0, 3]}