{"pos": [[6, 5], [1, 5], [5, 5], [1, 6], [4, 5], [1, 7], [3, 5], [2, 7], [3, 4], [1, 7], [2, 4], [0, 7], [2, 3], [1, 7], [7, 5], [2, 7], [7, 4], [2, 6]], "a_eggs_laid": [1, 1, 1, 1, 2, 2, 2, 2, 3, 3, 3, 3, 4, 4, 4, 4, 4, 4], "b_eggs_laid": [0, 1, 1, 1, 1, 2, 2, 2, 2, 3, 3, 3, 3, 6, 6, 10, 10, 10], "a_turds_left": [5, 5, 5, 5, 5, 5, 5, 5, 5, 5, 5, 5, 5, 5, 5, 5, 5, 5], "b_turds_left": [5, 5, 5, 4, 4, 4, 4, 4, 4, 4, 4, 4, 4, 4, 4, 4, 4, 4], "a_time_left": [357.4478780000027, 357.4478780000027, 354.895846600004, 354.895846600004, 352.3440443000036, 352.3440443000036, 349.7932710000023, 349.7932710000023, 347.2425052000035, 347.2425052000035, 344.69156490000387, 344.69156490000387, 342.1407132000022, 342.1407132000022, 339.5897649000035, 339.5897649000035, 337.039112800001, 337.039112800001], "b_time_left": [360, 359.99898680000115, 359.99898680000115, 349.9979984999991, 349.9979984999991, 339.995462400002, 339.995462400002, 329.9950296999996, 329.9950296999996, 319.99070479999864, 319.99070479999864, 309.9902340000008, 309.9902340000008, 299.98991899999965, 299.98991899999965, 299.9526029000008, 299.9526029000008, 289.95246849999967], "a_moves_left": [39, 39, 38, 38, 37, 37, 36, 36, 35, 35, 34, 34, 33, 33, 32, 32, 31, 31], "b_moves_left": [40, 39, 39, 38, 38, 37, 37, 36, 36, 35, 35, 34, 34, 33, 33, 32, 32, 31], "trapdoor_triggered": [0, 0, 0, 0, 0, 0, 0, 0, 0, 0, 0, 0, 0, 0, 1, 0, 0, 0], "left_behind": ["egg", "egg", "plain", "turd", "egg", "egg", "plain", "plain", "egg", "egg", "plain", "plain", "egg", "egg", "plain", "plain", "plain", "plain"], "errlog_a": "Timeout", "errlog_b": "", "start_time": 360, "start_moves": 40, "turn_count": 18, "result": 1, "reason": "CODE_CRASH", "trapdoors": [[2, 2], [4, 3]], "spawn_a": [7, 5], "spawn_b": [0, 5]}