{"pos": [[0, 5], [6, 6], [1, 5], [6, 5], [1, 4], [6, 4], [2, 4], [6, 3], [2, 3], [6, 2], [3, 3], [7, 2], [3, 2], [7, 1], [3, 1], [7, 0], [3, 0], [6, 0], [4, 0], [5, 0], [4, 1], [5, 1], [4, 2], [4, 1], [0, 6], [5, 1], [0, 5], [6, 1], [0, 4], [6, 0], [0, 3], [5, 0], [1, 3], [5, 1], [1, 2], [5, 2], [2, 2], [7, 6], [2, 1], [7, 7], [1, 1], [6, 7], [1, 0], [5, 7], [2, 0], [4, 7], [3, 0], [3, 7], [3, 1], [2, 7], [3, 2], [1, 7], [3, 1], [0, 7], [3, 2], [1, 7], [3, 1], [1, 6], [3, 2], [2, 6], [3, 1], [3, 6], [3, 2], [3, 5], [3, 1], [4, 5], [3, 2], [4, 4], [3, 1], [3, 4], [3, 2], [4, 4], [3, 1], [5, 4], [3, 2], [5, 5], [3, 1], [5, 6], [3, 2], [4, 6]], "a_eggs_laid": [1, 1, 1, 1, 2, 2, 2, 2, 3, 3, 3, 3, 4, 4, 4, 4, 5, 5, 5, 5, 6, 6, 6, 6, 7, 7, 7, 7, 7, 7, 8, 8, 8, 8, 9, 9, 9, 9, 14, 14, 14, 14, 15, 15, 15, 15, 16, 16, 16, 16, 16, 16, 16, 16, 16, 16, 16, 16, 16, 16, 16, 16, 16, 16, 16, 16, 16, 16, 16, 16, 16, 16, 16, 16, 16, 16, 16, 16, 16, 16], "b_eggs_laid": [0, 1, 1, 1, 1, 2, 2, 2, 2, 3, 3, 3, 3, 4, 4, 4, 4, 7, 7, 7, 7, 8, 8, 8, 8, 13, 13, 13, 13, 14, 14, 14, 14, 14, 14, 14, 14, 15, 15, 15, 15, 15, 15, 16, 16, 16, 16, 17, 17, 17, 17, 18, 18, 18, 18, 21, 21, 21, 21, 22, 22, 22, 22, 23, 23, 23, 23, 24, 24, 24, 24, 25, 25, 25, 25, 26, 26, 26, 26, 27], "a_turds_left": [5, 5, 5, 5, 5, 5, 5, 5, 5, 5, 5, 5, 5, 5, 5, 5, 5, 5, 5, 5, 5, 5, 5, 5, 5, 5, 5, 5, 5, 5, 5, 5, 4, 4, 4, 4, 3, 3, 3, 3, 2, 2, 2, 2, 1, 1, 1, 1, 0, 0, 0, 0, 0, 0, 0, 0, 0, 0, 0, 0, 0, 0, 0, 0, 0, 0, 0, 0, 0, 0, 0, 0, 0, 0, 0, 0, 0, 0, 0, 0], "b_turds_left": [5, 5, 5, 4, 4, 4, 4, 3, 3, 3, 3, 2, 2, 2, 2, 1, 1, 1, 1, 1, 1, 1, 1, 0, 0, 0, 0, 0, 0, 0, 0, 0, 0, 0, 0, 0, 0, 0, 0, 0, 0, 0, 0, 0, 0, 0, 0, 0, 0, 0, 0, 0, 0, 0, 0, 0, 0, 0, 0, 0, 0, 0, 0, 0, 0, 0, 0, 0, 0, 0, 0, 0, 0, 0, 0, 0, 0, 0, 0, 0], "a_time_left": [359.9998814999999, 359.9998814999999, 356.79792299999826, 356.79792299999826, 356.79763219999586, 356.79763219999586, 353.59638769999583, 353.59638769999583, 353.59617169999547, 353.59617169999547, 350.395071299994, 350.395071299994, 350.3948856999923, 350.3948856999923, 350.3940711999894, 350.3940711999894, 350.39388289998897, 350.39388289998897, 349.90314959998796, 349.90314959998796, 349.90249079999194, 349.90249079999194, 349.8757180999892, 349.8757180999892, 349.87539509998896, 349.87539509998896, 344.27333949998865, 344.27333949998865, 338.6713610999868, 338.6713610999868, 338.6709987999857, 338.6709987999857, 338.6675633999912, 338.6675633999912, 338.6672891999915, 338.6672891999915, 338.665825899996, 338.665825899996, 338.66564449999714, 338.66564449999714, 338.54548039999645, 338.54548039999645, 338.5449224999975, 338.5449224999975, 338.5348784000016, 338.5348784000016, 338.53436659999716, 338.53436659999716, 338.52390139999625, 338.52390139999625, 338.5205877999979, 338.5205877999979, 338.51882989999285, 338.51882989999285, 338.51553859999694, 338.51553859999694, 338.5137035000007, 338.5137035000007, 338.51054999999906, 338.51054999999906, 338.5081912999958, 338.5081912999958, 338.5031655999992, 338.5031655999992, 338.50146019999374, 338.50146019999374, 338.49677239999437, 338.49677239999437, 338.49472279999463, 338.49472279999463, 338.49249799999234, 338.49249799999234, 338.4894728999934, 338.4894728999934, 338.4844377999907, 338.4844377999907, 338.48260409999057, 338.48260409999057, 338.4787867999912, 338.4787867999912], "b_time_left": [360, 359.9994810999997, 359.9994810999997, 349.9992863000007, 349.9992863000007, 339.99686790000123, 339.99686790000123, 329.9856193000014, 329.9856193000014, 319.9854878999977, 319.9854878999977, 309.98484469999676, 309.98484469999676, 299.9818430000014, 299.9818430000014, 289.9817140000014, 289.9817140000014, 279.98138490000565, 279.98138490000565, 269.9743026000069, 269.9743026000069, 260.3476617000051, 260.3476617000051, 250.34731450000982, 250.34731450000982, 250.20433920001233, 250.20433920001233, 240.20409650001238, 240.20409650001238, 230.20269100000587, 230.20269100000587, 230.16047790000448, 230.16047790000448, 229.83296730000438, 229.83296730000438, 219.83237809999991, 219.83237809999991, 209.8322296999977, 209.8322296999977, 199.83172270000068, 199.83172270000068, 189.82850499999768, 189.82850499999768, 179.82733259999804, 179.82733259999804, 170.50354869999865, 170.50354869999865, 169.76548969999567, 169.76548969999567, 168.07445379999263, 168.07445379999263, 168.060696799992, 168.060696799992, 167.56827879999037, 167.56827879999037, 167.51991409999027, 167.51991409999027, 167.51957679999032, 167.51957679999032, 167.0923885999946, 167.0923885999946, 165.8018099999972, 165.8018099999972, 165.78673299999355, 165.78673299999355, 164.21681099999114, 164.21681099999114, 164.20333699999173, 164.20333699999173, 163.34959159999562, 163.34959159999562, 163.339461699994, 163.339461699994, 163.33905469999445, 163.33905469999445, 162.78967009999178, 162.78967009999178, 161.78318329999456, 161.78318329999456, 161.7697632999916], "a_moves_left": [39, 39, 38, 38, 37, 37, 36, 36, 35, 35, 34, 34, 33, 33, 32, 32, 31, 31, 30, 30, 29, 29, 28, 28, 27, 27, 26, 26, 25, 25, 24, 24, 23, 23, 22, 22, 21, 21, 20, 20, 19, 19, 18, 18, 17, 17, 16, 16, 15, 15, 14, 14, 13, 13, 12, 12, 11, 11, 10, 10, 9, 9, 8, 8, 7, 7, 6, 6, 5, 5, 4, 4, 3, 3, 2, 2, 1, 1, 0, 0], "b_moves_left": [40, 39, 39, 38, 38, 37, 37, 36, 36, 35, 35, 34, 34, 33, 33, 32, 32, 31, 31, 30, 30, 29, 29, 28, 28, 27, 27, 26, 26, 25, 25, 24, 24, 23, 23, 22, 22, 21, 21, 20, 20, 19, 19, 18, 18, 17, 17, 16, 16, 15, 15, 14, 14, 13, 13, 12, 12, 11, 11, 10, 10, 9, 9, 8, 8, 7, 7, 6, 6, 5, 5, 4, 4, 3, 3, 2, 2, 1, 1, 0], "trapdoor_triggered": [0, 0, 0, 0, 0, 0, 0, 0, 0, 0, 0, 0, 0, 0, 0, 0, 0, 0, 0, 0, 0, 0, 0, 0, 1, 0, 0, 0, 0, 0, 0, 0, 0, 0, 0, 0, 0, 1, 0, 0, 0, 0, 0, 0, 0, 0, 0, 0, 0, 0, 0, 0, 0, 0, 0, 0, 0, 0, 0, 0, 0, 0, 0, 0, 0, 0, 0, 0, 0, 0, 0, 0, 0, 0, 0, 0, 0, 0, 0, 0], "left_behind": ["egg", "egg", "plain", "turd", "egg", "egg", "plain", "turd", "egg", "egg", "plain", "turd", "egg", "egg", "plain", "turd", "egg", "egg", "plain", "plain", "egg", "egg", "plain", "turd", "egg", "egg", "plain", "plain", "plain", "egg", "egg", "plain", "turd", "plain", "egg", "plain", "turd", "egg", "egg", "plain", "turd", "plain", "egg", "egg", "turd", "plain", "egg", "egg", "turd", "plain", "plain", "egg", "plain", "plain", "plain", "egg", "plain", "plain", "plain", "egg", "plain", "plain", "plain", "egg", "plain", "plain", "plain", "egg", "plain", "plain", "plain", "egg", "plain", "plain", "plain", "egg", "plain", "plain", "plain", "egg"], "errlog_a": "", "errlog_b": "", "start_time": 360, "start_moves": 40, "turn_count": 80, "result": 1, "reason": "EGGS_LAID", "trapdoors": [[5, 3], [4, 3]], "spawn_a": [0, 6], "spawn_b": [7, 6]}