{"pos": [[7, 0], [0, 0], [6, 0], [1, 0], [5, 0], [1, 1], [5, 1], [2, 1], [5, 2], [2, 2], [6, 2], [3, 2], [6, 1], [3, 3], [6, 0], [4, 3], [5, 0], [4, 4], [4, 0], [5, 4], [4, 1], [5, 5], [3, 1], [4, 5], [3, 0], [0, 1], [2, 0], [0, 2], [3, 0], [0, 3], [3, 1], [0, 4], [4, 1], [0, 5], [4, 2], [1, 5], [5, 2], [0, 1], [5, 3], [0, 2], [6, 3], [1, 2], [6, 4], [2, 2], [6, 5], [2, 3], [6, 6], [3, 3], [5, 6], [3, 4], [5, 5], [0, 1], [6, 5], [0, 2], [7, 5], [0, 1], [7, 6], [0, 0], [7, 7], [1, 0], [6, 7], [0, 0], [5, 7], [1, 0], [4, 7], [0, 0], [3, 7], [1, 0], [3, 6], [0, 0], [7, 1], [1, 0], [7, 2], [0, 0], [7, 3], [1, 0], [7, 4], [0, 0], [7, 3], [1, 0]], "a_eggs_laid": [1, 1, 1, 1, 2, 2, 2, 2, 3, 3, 3, 3, 4, 4, 4, 4, 4, 4, 4, 4, 5, 5, 5, 5, 6, 6, 10, 10, 11, 11, 11, 11, 11, 11, 11, 11, 12, 12, 16, 16, 17, 17, 17, 17, 18, 18, 18, 18, 19, 19, 19, 19, 24, 24, 24, 24, 25, 25, 25, 25, 28, 28, 28, 28, 29, 29, 29, 29, 30, 30, 30, 30, 30, 30, 30, 30, 31, 31, 31, 31], "b_eggs_laid": [0, 1, 1, 1, 1, 2, 2, 2, 2, 3, 3, 3, 3, 4, 4, 4, 4, 5, 5, 5, 5, 6, 6, 6, 6, 7, 7, 7, 7, 7, 7, 8, 8, 8, 8, 9, 9, 9, 9, 9, 9, 9, 9, 10, 10, 10, 10, 11, 11, 11, 11, 12, 12, 12, 12, 12, 12, 12, 12, 12, 12, 12, 12, 12, 12, 12, 12, 12, 12, 12, 12, 16, 16, 16, 16, 16, 16, 16, 16, 16], "a_turds_left": [5, 5, 5, 5, 5, 5, 5, 5, 5, 5, 4, 4, 4, 4, 4, 4, 4, 4, 4, 4, 4, 4, 4, 4, 4, 4, 3, 3, 3, 3, 3, 3, 3, 3, 3, 3, 3, 3, 3, 3, 3, 3, 3, 3, 3, 3, 3, 3, 3, 3, 2, 2, 2, 2, 2, 2, 2, 2, 2, 2, 2, 2, 2, 2, 2, 2, 2, 2, 2, 2, 2, 2, 2, 2, 2, 2, 2, 2, 2, 2], "b_turds_left": [5, 5, 5, 5, 5, 5, 5, 4, 4, 4, 4, 3, 3, 3, 3, 3, 3, 3, 3, 2, 2, 2, 2, 2, 2, 2, 2, 2, 2, 2, 2, 2, 2, 2, 2, 2, 2, 2, 2, 2, 2, 2, 2, 2, 2, 2, 2, 2, 2, 1, 1, 1, 1, 1, 1, 1, 1, 1, 1, 1, 1, 1, 1, 1, 1, 1, 1, 1, 1, 1, 1, 1, 1, 1, 1, 1, 1, 1, 1, 1], "a_time_left": [357.44810189999953, 357.44810189999953, 354.8965329999992, 354.8965329999992, 352.3443512999984, 352.3443512999984, 349.79274949999854, 349.79274949999854, 347.241461399999, 347.241461399999, 344.6903446999986, 344.6903446999986, 342.13962139999785, 342.13962139999785, 342.1388513999991, 342.1388513999991, 339.58785199999875, 339.58785199999875, 337.0372980999982, 337.0372980999982, 332.78587419999894, 332.78587419999894, 328.535086599999, 328.535086599999, 324.28384769999866, 324.28384769999866, 320.03233089999776, 320.03233089999776, 315.781659899998, 315.781659899998, 315.78093649999937, 315.78093649999937, 311.53001179999956, 311.53001179999956, 307.27835290000075, 307.27835290000075, 303.02053519999936, 303.02053519999936, 298.7690025999982, 298.7690025999982, 294.5150606999978, 294.5150606999978, 290.26214739999705, 290.26214739999705, 286.00938419999693, 286.00938419999693, 281.7566063999984, 281.7566063999984, 277.50261559999853, 277.50261559999853, 271.5512147999998, 271.5512147999998, 265.59933419999834, 265.59933419999834, 259.64466719999837, 259.64466719999837, 253.69272869999804, 253.69272869999804, 247.73661939999874, 247.73661939999874, 241.78436820000024, 241.78436820000024, 235.83056320000105, 235.83056320000105, 229.87859620000017, 229.87859620000017, 223.92436710000038, 223.92436710000038, 217.97217510000155, 217.97217510000155, 212.01945180000257, 212.01945180000257, 206.0660549000022, 206.0660549000022, 200.11354960000062, 200.11354960000062, 194.1608584000005, 194.1608584000005, 194.15934059999927, 194.15934059999927], "b_time_left": [360, 357.44785950000005, 357.44785950000005, 354.8966548999997, 354.8966548999997, 352.34408729999996, 352.34408729999996, 349.7926529000015, 349.7926529000015, 347.24086010000065, 347.24086010000065, 344.68989840000177, 344.68989840000177, 342.1386852000014, 342.1386852000014, 339.5872378000022, 339.5872378000022, 337.03532720000294, 337.03532720000294, 334.4844555000036, 334.4844555000036, 330.2329865000047, 330.2329865000047, 325.98078600000554, 325.98078600000554, 321.7297156000059, 321.7297156000059, 317.47884580000573, 317.47884580000573, 313.2273620000051, 313.2273620000051, 308.97660510000424, 308.97660510000424, 304.7254363000029, 304.7254363000029, 300.4736600000033, 300.4736600000033, 296.2183296000021, 296.2183296000021, 291.96678350000184, 291.96678350000184, 287.71478560000287, 287.71478560000287, 283.462550000002, 283.462550000002, 279.2093509000024, 279.2093509000024, 274.9558315000031, 274.9558315000031, 270.7044161000031, 270.7044161000031, 264.75340340000184, 264.75340340000184, 258.8003736000028, 258.8003736000028, 258.79889260000346, 258.79889260000346, 252.84331790000397, 252.84331790000397, 252.84167340000567, 252.84167340000567, 246.88970780000454, 246.88970780000454, 246.88787640000555, 246.88787640000555, 240.93546260000585, 240.93546260000585, 240.93404450000526, 240.93404450000526, 234.9818235000057, 234.9818235000057, 234.9798740000042, 234.9798740000042, 229.02836620000562, 229.02836620000562, 229.02581490000557, 229.02581490000557, 223.071613300006, 223.071613300006, 223.06992440000613], "a_moves_left": [39, 39, 38, 38, 37, 37, 36, 36, 35, 35, 34, 34, 33, 33, 32, 32, 31, 31, 30, 30, 29, 29, 28, 28, 27, 27, 26, 26, 25, 25, 24, 24, 23, 23, 22, 22, 21, 21, 20, 20, 19, 19, 18, 18, 17, 17, 16, 16, 15, 15, 14, 14, 13, 13, 12, 12, 11, 11, 10, 10, 9, 9, 8, 8, 7, 7, 6, 6, 5, 5, 4, 4, 3, 3, 2, 2, 1, 1, 0, 0], "b_moves_left": [40, 39, 39, 38, 38, 37, 37, 36, 36, 35, 35, 34, 34, 33, 33, 32, 32, 31, 31, 30, 30, 29, 29, 28, 28, 27, 27, 26, 26, 25, 25, 24, 24, 23, 23, 22, 22, 21, 21, 20, 20, 19, 19, 18, 18, 17, 17, 16, 16, 15, 15, 14, 14, 13, 13, 12, 12, 11, 11, 10, 10, 9, 9, 8, 8, 7, 7, 6, 6, 5, 5, 4, 4, 3, 3, 2, 2, 1, 1, 0], "trapdoor_triggered": [0, 0, 0, 0, 0, 0, 0, 0, 0, 0, 0, 0, 0, 0, 0, 0, 0, 0, 0, 0, 0, 0, 0, 0, 0, 1, 0, 0, 0, 0, 0, 0, 0, 0, 0, 0, 0, 1, 0, 0, 0, 0, 0, 0, 0, 0, 0, 0, 0, 0, 0, 1, 0, 0, 0, 0, 0, 0, 0, 0, 0, 0, 0, 0, 0, 0, 0, 0, 0, 0, 1, 0, 0, 0, 0, 0, 0, 0, 0, 0], "left_behind": ["egg", "egg", "plain", "plain", "egg", "egg", "plain", "turd", "egg", "egg", "turd", "turd", "egg", "egg", "plain", "plain", "plain", "egg", "plain", "turd", "egg", "egg", "plain", "plain", "egg", "egg", "turd", "plain", "egg", "plain", "plain", "egg", "plain", "plain", "plain", "egg", "egg", "plain", "plain", "plain", "egg", "plain", "plain", "egg", "egg", "plain", "plain", "egg", "egg", "turd", "turd", "egg", "egg", "plain", "plain", "plain", "egg", "plain", "plain", "plain", "egg", "plain", "plain", "plain", "egg", "plain", "plain", "plain", "egg", "plain", "plain", "plain", "plain", "plain", "plain", "plain", "egg", "plain", "plain", "plain"], "errlog_a": "", "errlog_b": "", "start_time": 360, "start_moves": 40, "turn_count": 80, "result": 0, "reason": "EGGS_LAID", "trapdoors": [[3, 5], [2, 5]], "spawn_a": [7, 1], "spawn_b": [0, 1]}