{"pos": [[7, 4], [1, 3], [7, 3], [2, 3], [7, 2], [1, 3], [7, 1], [2, 3], [7, 0], [2, 2], [7, 1], [3, 2], [7, 0], [4, 2], [7, 1], [4, 1], [7, 0], [4, 2], [6, 0], [4, 1], [7, 0], [4, 0], [7, 1], [5, 0], [7, 0], [4, 0], [6, 0], [4, 1], [7, 0], [4, 0], [7, 1], [4, 1], [7, 0], [4, 0], [7, 1], [4, 1], [7, 0], [3, 1], [7, 1], [4, 1], [7, 0], [3, 1], [7, 1], [4, 1], [7, 0], [3, 1], [7, 1], [4, 1], [7, 0], [4, 0], [7, 1], [4, 1], [7, 0], [3, 1], [7, 1], [4, 1], [7, 0], [3, 1], [7, 1], [4, 1], [7, 0], [3, 1], [7, 1], [4, 1], [7, 0], [4, 0], [7, 1], [4, 1], [7, 0], [4, 0], [7, 1], [4, 1], [7, 0], [4, 0], [7, 1]], "a_eggs_laid": [1, 1, 1, 1, 1, 1, 1, 1, 2, 2, 2, 2, 2, 2, 2, 2, 2, 2, 2, 2, 3, 3, 3, 3, 3, 3, 3, 3, 3, 3, 3, 3, 3, 3, 3, 3, 3, 3, 3, 3, 3, 3, 3, 3, 3, 3, 3, 3, 3, 3, 3, 3, 3, 3, 3, 3, 3, 3, 3, 3, 3, 3, 3, 3, 3, 3, 3, 3, 3, 3, 3, 3, 3, 3, 3], "b_eggs_laid": [0, 1, 1, 1, 1, 2, 2, 2, 2, 2, 2, 2, 2, 3, 3, 3, 3, 4, 4, 4, 4, 4, 4, 4, 4, 4, 4, 4, 4, 4, 4, 4, 4, 4, 4, 4, 4, 4, 4, 4, 4, 4, 4, 4, 4, 4, 4, 4, 4, 4, 4, 4, 4, 4, 4, 4, 4, 4, 4, 4, 4, 4, 4, 4, 4, 4, 4, 4, 4, 4, 4, 4, 4, 4, 4], "a_turds_left": [5, 5, 5, 5, 5, 5, 5, 5, 5, 5, 5, 5, 5, 5, 4, 4, 4, 4, 4, 4, 4, 4, 4, 4, 4, 4, 4, 4, 4, 4, 4, 4, 4, 4, 4, 4, 4, 4, 4, 4, 4, 4, 4, 4, 4, 4, 4, 4, 4, 4, 4, 4, 4, 4, 4, 4, 4, 4, 4, 4, 4, 4, 4, 4, 4, 4, 4, 4, 4, 4, 4, 4, 4, 4, 4], "b_turds_left": [5, 5, 5, 5, 5, 5, 5, 5, 5, 5, 5, 5, 5, 5, 5, 5, 5, 5, 5, 5, 5, 5, 5, 5, 5, 5, 5, 5, 5, 5, 5, 5, 5, 5, 5, 5, 5, 5, 5, 5, 5, 5, 5, 5, 5, 5, 5, 5, 5, 5, 5, 5, 5, 5, 5, 5, 5, 5, 5, 5, 5, 5, 5, 5, 5, 5, 5, 5, 5, 5, 5, 5, 5, 5, 5], "a_time_left": [359.99928350001574, 359.99928350001574, 356.5975007000379, 356.5975007000379, 353.19630510010757, 353.19630510010757, 349.7950907002669, 349.7950907002669, 349.7945932003204, 349.7945932003204, 346.3935325003695, 346.3935325003695, 342.9924926003441, 342.9924926003441, 339.59146180027165, 339.59146180027165, 336.190701600397, 336.190701600397, 332.78812210052274, 332.78812210052274, 332.7873696004972, 332.7873696004972, 332.786355400458, 332.786355400458, 327.68276890041307, 327.68276890041307, 327.6810449003242, 327.6810449003242, 322.57990940031596, 322.57990940031596, 322.57815440022387, 322.57815440022387, 317.47693660017103, 317.47693660017103, 317.47588560008444, 317.47588560008444, 312.37506280001253, 312.37506280001253, 312.374444300076, 312.374444300076, 307.2733017001301, 307.2733017001301, 307.27210890012793, 307.27210890012793, 302.1699383002706, 302.1699383002706, 302.1685355002992, 302.1685355002992, 297.0646066002082, 297.0646066002082, 297.0634640001226, 297.0634640001226, 290.2613970001694, 290.2613970001694, 290.2604593001306, 290.2604593001306, 283.458457400091, 283.458457400091, 283.45716490014456, 283.45716490014456, 276.560132100014, 276.560132100014, 276.55895380000584, 276.55895380000584, 269.7575308000669, 269.7575308000669, 269.7565033000428, 269.7565033000428, 262.9554327998776, 262.9554327998776, 262.9542470998131, 262.9542470998131, 256.12691159988753, 256.12691159988753, 256.12601300003007], "b_time_left": [360, 359.9995249998756, 359.9995249998756, 356.597694600001, 356.597694600001, 356.5973106001038, 356.5973106001038, 353.19681200012565, 353.19681200012565, 349.79581420030445, 349.79581420030445, 349.7951274001971, 349.7951274001971, 349.79432420036756, 349.79432420036756, 346.38892230042256, 346.38892230042256, 346.3884754003957, 346.3884754003957, 342.9855056004599, 342.9855056004599, 337.8825940003153, 337.8825940003153, 332.7800553003326, 332.7800553003326, 332.7757457003463, 332.7757457003463, 332.76472230022773, 332.76472230022773, 327.6639102001209, 327.6639102001209, 322.56246380019, 322.56246380019, 317.46135680004954, 317.46135680004954, 312.3603955002036, 312.3603955002036, 307.25960980029777, 307.25960980029777, 302.1584351004567, 302.1584351004567, 297.0562594004441, 297.0562594004441, 291.9544703003485, 291.9544703003485, 286.8517055003904, 286.8517055003904, 281.75031770044006, 281.75031770044006, 276.6451183005702, 276.6451183005702, 269.84324820060283, 269.84324820060283, 263.04194510076195, 263.04194510076195, 256.2399632008746, 256.2399632008746, 249.43764900090173, 249.43764900090173, 242.6344071009662, 242.6344071009662, 235.81380000105128, 235.81380000105128, 229.01268740114756, 229.01268740114756, 222.2115774010308, 222.2115774010308, 215.4086547009647, 215.4086547009647, 208.6064294008538, 208.6064294008538, 201.80482040089555, 201.80482040089555, 195.00355110084638, 195.00355110084638], "a_moves_left": [39, 39, 38, 38, 37, 37, 36, 36, 35, 35, 34, 34, 33, 33, 32, 32, 31, 31, 30, 30, 29, 29, 28, 28, 27, 27, 26, 26, 25, 25, 24, 24, 23, 23, 22, 22, 21, 21, 20, 20, 19, 19, 18, 18, 17, 17, 16, 16, 15, 15, 14, 14, 13, 13, 12, 12, 11, 11, 10, 10, 9, 9, 8, 8, 7, 7, 6, 6, 5, 5, 4, 4, 3, 3, 2], "b_moves_left": [40, 39, 39, 38, 38, 37, 37, 36, 36, 35, 35, 34, 34, 33, 33, 32, 32, 31, 31, 30, 30, 29, 29, 28, 28, 27, 27, 26, 26, 25, 25, 24, 24, 23, 23, 22, 22, 21, 21, 20, 20, 19, 19, 18, 18, 17, 17, 16, 16, 15, 15, 14, 14, 13, 13, 12, 12, 11, 11, 10, 10, 9, 9, 8, 8, 7, 7, 6, 6, 5, 5, 4, 4, 3, 3], "trapdoor_triggered": [0, 0, 0, 0, 0, 0, 0, 0, 0, 0, 0, 0, 0, 0, 0, 0, 0, 0, 0, 0, 0, 0, 0, 0, 0, 0, 0, 0, 0, 0, 0, 0, 0, 0, 0, 0, 0, 0, 0, 0, 0, 0, 0, 0, 0, 0, 0, 0, 0, 0, 0, 0, 0, 0, 0, 0, 0, 0, 0, 0, 0, 0, 0, 0, 0, 0, 0, 0, 0, 0, 0, 0, 0, 0, 0], "left_behind": ["egg", "egg", "plain", "plain", "plain", "egg", "plain", "plain", "egg", "plain", "plain", "plain", "plain", "egg", "turd", "plain", "plain", "egg", "plain", "plain", "egg", "plain", "plain", "plain", "plain", "plain", "plain", "plain", "plain", "plain", "plain", "plain", "plain", "plain", "plain", "plain", "plain", "plain", "plain", "plain", "plain", "plain", "plain", "plain", "plain", "plain", "plain", "plain", "plain", "plain", "plain", "plain", "plain", "plain", "plain", "plain", "plain", "plain", "plain", "plain", "plain", "plain", "plain", "plain", "plain", "plain", "plain", "plain", "plain", "plain", "plain", "plain", "plain", "plain", "plain"], "errlog_a": "", "errlog_b": "Timeout", "start_time": 360, "start_moves": 40, "turn_count": 75, "result": 0, "reason": "CODE_CRASH", "trapdoors": [[2, 4], [4, 3]], "spawn_a": [7, 3], "spawn_b": [0, 3]}