{"pos": [[0, 3], [6, 4], [0, 2], [7, 4], [0, 1], [7, 5], [0, 0], [6, 5], [1, 0], [5, 5], [1, 1], [5, 6], [1, 2], [4, 6], [2, 2], [3, 6], [3, 2], [2, 6], [3, 1], [1, 6], [4, 1], [0, 6], [4, 2], [0, 7], [4, 3], [1, 7], [4, 4], [1, 6], [3, 4], [0, 6], [3, 3], [0, 5], [3, 2], [1, 5], [2, 2], [1, 4], [2, 3], [2, 4], [1, 3], [2, 3], [0, 3], [2, 4], [0, 2], [2, 5], [0, 1], [7, 4], [1, 1], [7, 3], [2, 1], [7, 2], [2, 0], [7, 1], [3, 0], [7, 0], [4, 0], [6, 0], [5, 0], [6, 1], [5, 1], [7, 1], [6, 1], [7, 2], [7, 1], [6, 2], [7, 2], [6, 1], [6, 2], [6, 0], [6, 1], [5, 0], [5, 1], [6, 0], [5, 0], [6, 1], [6, 0]], "a_eggs_laid": [1, 1, 1, 1, 1, 1, 1, 1, 4, 4, 4, 4, 5, 5, 5, 5, 5, 5, 5, 5, 6, 6, 6, 6, 7, 7, 7, 7, 8, 8, 8, 8, 9, 9, 9, 9, 10, 10, 10, 10, 10, 10, 10, 10, 10, 10, 14, 14, 14, 14, 14, 14, 15, 15, 15, 15, 16, 16, 16, 16, 16, 16, 16, 16, 17, 17, 17, 17, 18, 18, 18, 18, 19, 19, 24], "b_eggs_laid": [0, 0, 0, 0, 0, 1, 1, 1, 1, 2, 2, 2, 2, 3, 3, 3, 3, 4, 4, 4, 4, 4, 4, 4, 4, 7, 7, 7, 7, 8, 8, 8, 8, 9, 9, 9, 9, 10, 10, 10, 10, 11, 11, 11, 11, 11, 11, 11, 11, 11, 11, 11, 11, 11, 11, 14, 14, 14, 14, 14, 14, 14, 14, 14, 14, 14, 14, 14, 14, 14, 14, 14, 14, 14, 14], "a_turds_left": [5, 5, 5, 5, 5, 5, 5, 5, 5, 5, 4, 4, 4, 4, 3, 3, 3, 3, 2, 2, 2, 2, 2, 2, 2, 2, 1, 1, 1, 1, 1, 1, 1, 1, 1, 1, 1, 1, 1, 1, 1, 1, 0, 0, 0, 0, 0, 0, 0, 0, 0, 0, 0, 0, 0, 0, 0, 0, 0, 0, 0, 0, 0, 0, 0, 0, 0, 0, 0, 0, 0, 0, 0, 0, 0], "b_turds_left": [5, 5, 5, 4, 4, 4, 4, 3, 3, 3, 3, 2, 2, 2, 2, 2, 2, 2, 2, 2, 2, 2, 2, 2, 2, 2, 2, 1, 1, 1, 1, 0, 0, 0, 0, 0, 0, 0, 0, 0, 0, 0, 0, 0, 0, 0, 0, 0, 0, 0, 0, 0, 0, 0, 0, 0, 0, 0, 0, 0, 0, 0, 0, 0, 0, 0, 0, 0, 0, 0, 0, 0, 0, 0, 0], "a_time_left": [356.59705720003694, 356.59705720003694, 353.1964749000035, 353.1964749000035, 349.7905349000357, 349.7905349000357, 346.3901603000704, 346.3901603000704, 342.98437720001675, 342.98437720001675, 339.5819655000232, 339.5819655000232, 336.18094370001927, 336.18094370001927, 332.78045809990726, 332.78045809990726, 329.37919219979085, 329.37919219979085, 325.9784549998585, 325.9784549998585, 320.87774039967917, 320.87774039967917, 315.77584679960273, 315.77584679960273, 310.672612299677, 310.672612299677, 305.56844349973835, 305.56844349973835, 300.46725459978916, 300.46725459978916, 295.3669550996274, 295.3669550996274, 290.26428119954653, 290.26428119954653, 285.16317949956283, 285.16317949956283, 280.06197089958005, 280.06197089958005, 280.06019259942695, 280.06019259942695, 280.0556041994132, 280.0556041994132, 274.9552074994426, 274.9552074994426, 269.85492099961266, 269.85492099961266, 264.7543878995348, 264.7543878995348, 259.6540148993954, 259.6540148993954, 252.85230569937266, 252.85230569937266, 246.05193849932402, 246.05193849932402, 239.25090079940856, 239.25090079940856, 239.24549029953778, 239.24549029953778, 239.24021699954756, 239.24021699954756, 239.23703109961934, 239.23703109961934, 239.22282929974608, 239.22282929974608, 239.21712399972603, 239.21712399972603, 239.21324299974367, 239.21324299974367, 239.20706589962356, 239.20706589962356, 239.20132229966111, 239.20132229966111, 239.19439799967222, 239.19439799967222, 239.19369189953431], "b_time_left": [360, 356.59858190012164, 356.59858190012164, 353.19774660025723, 353.19774660025723, 349.7971139003057, 349.7971139003057, 346.3938346002251, 346.3938346002251, 342.9931798002217, 342.9931798002217, 339.5901647002902, 339.5901647002902, 336.1893038004637, 336.1893038004637, 332.78796030045487, 332.78796030045487, 329.3875430005137, 329.3875430005137, 325.9864245003555, 325.9864245003555, 320.8847704003565, 320.8847704003565, 315.7796696003061, 315.7796696003061, 310.67199810012244, 310.67199810012244, 305.56856240006164, 305.56856240006164, 300.4663291000761, 300.4663291000761, 295.3651656000875, 295.3651656000875, 290.2633841999341, 290.2633841999341, 285.1604333000723, 285.1604333000723, 285.1567678002175, 285.1567678002175, 285.1491018002853, 285.1491018002853, 285.14131910027936, 285.14131910027936, 280.03845620015636, 280.03845620015636, 274.9378912001848, 274.9378912001848, 269.837373400107, 269.837373400107, 264.7368441000581, 264.7368441000581, 257.9287479000632, 257.9287479000632, 251.12839130009525, 251.12839130009525, 244.32577529991977, 244.32577529991977, 244.32465949980542, 244.32465949980542, 244.3197398998309, 244.3197398998309, 244.31410739966668, 244.31410739966668, 244.31129199964926, 244.31129199964926, 244.30564559972845, 244.30564559972845, 244.29963239980862, 244.29963239980862, 244.29754699976183, 244.29754699976183, 244.29485329962336, 244.29485329962336, 244.29419359960593, 244.29419359960593], "a_moves_left": [39, 39, 38, 38, 37, 37, 36, 36, 35, 35, 34, 34, 33, 33, 32, 32, 31, 31, 30, 30, 29, 29, 28, 28, 27, 27, 26, 26, 25, 25, 24, 24, 23, 23, 22, 22, 21, 21, 20, 20, 19, 19, 18, 18, 17, 17, 16, 16, 15, 15, 14, 14, 13, 13, 12, 12, 11, 11, 10, 10, 9, 9, 8, 8, 7, 7, 6, 6, 5, 5, 4, 4, 3, 3, 2], "b_moves_left": [40, 39, 39, 38, 38, 37, 37, 36, 36, 35, 35, 34, 34, 33, 33, 32, 32, 31, 31, 30, 30, 29, 29, 28, 28, 27, 27, 26, 26, 25, 25, 24, 24, 23, 23, 22, 22, 21, 21, 20, 20, 19, 19, 18, 18, 17, 17, 16, 16, 15, 15, 14, 14, 13, 13, 12, 12, 11, 11, 10, 10, 9, 9, 8, 8, 7, 7, 6, 6, 5, 5, 4, 4, 3, 3], "trapdoor_triggered": [0, 0, 0, 0, 0, 0, 0, 0, 0, 0, 0, 0, 0, 0, 0, 0, 0, 0, 0, 0, 0, 0, 0, 0, 0, 0, 0, 0, 0, 0, 0, 0, 0, 0, 0, 0, 0, 0, 0, 0, 0, 0, 0, 0, 0, 1, 0, 0, 0, 0, 0, 0, 0, 0, 0, 0, 0, 0, 0, 0, 0, 0, 0, 0, 0, 0, 0, 0, 0, 0, 0, 0, 0, 0, 0], "left_behind": ["egg", "plain", "plain", "turd", "plain", "egg", "plain", "turd", "egg", "egg", "turd", "turd", "egg", "egg", "turd", "plain", "plain", "egg", "turd", "plain", "egg", "plain", "plain", "plain", "egg", "egg", "turd", "turd", "egg", "egg", "plain", "turd", "egg", "egg", "plain", "plain", "egg", "egg", "plain", "plain", "plain", "egg", "turd", "plain", "plain", "plain", "plain", "plain", "plain", "plain", "plain", "plain", "egg", "plain", "plain", "egg", "egg", "plain", "plain", "plain", "plain", "plain", "plain", "plain", "egg", "plain", "plain", "plain", "egg", "plain", "plain", "plain", "egg", "plain", "plain"], "errlog_a": "", "errlog_b": "", "start_time": 360, "start_moves": 40, "turn_count": 75, "result": 0, "reason": "BLOCKING_END", "trapdoors": [[3, 5], [5, 4]], "spawn_a": [0, 4], "spawn_b": [7, 4]}