{"pos": [[7, 4], [1, 5], [6, 4], [1, 6], [6, 3], [1, 7], [5, 3], [0, 7], [5, 2], [1, 7], [4, 2], [2, 7], [4, 1], [2, 6], [3, 1], [3, 6], [3, 0], [4, 6], [4, 0], [5, 6], [5, 0], [6, 6], [5, 1], [6, 5], [5, 0], [5, 5], [5, 1], [4, 5], [6, 1], [0, 5], [6, 2], [1, 5], [6, 1], [1, 4], [7, 1], [1, 3], [7, 0], [1, 2], [6, 0], [2, 2], [6, 1], [2, 1], [6, 0], [2, 0], [6, 1], [3, 0], [6, 2], [2, 0], [6, 3], [1, 0], [7, 3], [2, 0], [7, 2], [3, 0], [7, 1], [2, 0], [7, 0], [2, 1], [7, 1], [1, 1], [7, 2], [0, 1], [7, 3], [0, 2], [6, 3], [0, 3], [6, 2], [1, 3], [5, 2], [2, 3], [5, 1], [2, 4], [5, 0], [2, 5], [6, 0], [2, 4], [5, 0], [3, 4], [5, 1], [2, 4]], "a_eggs_laid": [1, 1, 1, 1, 2, 2, 2, 2, 3, 3, 3, 3, 4, 4, 4, 4, 5, 5, 5, 5, 6, 6, 6, 6, 7, 7, 7, 7, 7, 7, 11, 11, 12, 12, 12, 12, 13, 13, 13, 13, 14, 14, 14, 14, 14, 14, 14, 14, 14, 14, 14, 14, 15, 15, 15, 15, 15, 15, 15, 15, 15, 15, 15, 15, 15, 15, 15, 15, 15, 15, 15, 15, 15, 15, 15, 15, 15, 15, 15, 15], "b_eggs_laid": [0, 1, 1, 1, 1, 2, 2, 2, 2, 5, 5, 5, 5, 6, 6, 6, 6, 7, 7, 7, 7, 8, 8, 8, 8, 9, 9, 9, 9, 10, 10, 10, 10, 10, 10, 11, 11, 11, 11, 12, 12, 12, 12, 13, 13, 13, 13, 14, 14, 14, 14, 15, 15, 15, 15, 15, 15, 15, 15, 15, 15, 15, 15, 16, 16, 16, 16, 17, 17, 17, 17, 18, 18, 18, 18, 19, 19, 19, 19, 20], "a_turds_left": [5, 5, 5, 5, 5, 5, 5, 5, 5, 5, 5, 5, 5, 5, 4, 4, 4, 4, 4, 4, 4, 4, 4, 4, 4, 4, 4, 4, 4, 4, 3, 3, 3, 3, 3, 3, 3, 3, 2, 2, 2, 2, 2, 2, 2, 2, 2, 2, 2, 2, 1, 1, 1, 1, 0, 0, 0, 0, 0, 0, 0, 0, 0, 0, 0, 0, 0, 0, 0, 0, 0, 0, 0, 0, 0, 0, 0, 0, 0, 0], "b_turds_left": [5, 5, 5, 5, 5, 5, 5, 5, 5, 5, 5, 5, 5, 5, 5, 4, 4, 4, 4, 3, 3, 3, 3, 2, 2, 2, 2, 1, 1, 1, 1, 1, 1, 1, 1, 1, 1, 1, 1, 1, 1, 0, 0, 0, 0, 0, 0, 0, 0, 0, 0, 0, 0, 0, 0, 0, 0, 0, 0, 0, 0, 0, 0, 0, 0, 0, 0, 0, 0, 0, 0, 0, 0, 0, 0, 0, 0, 0, 0, 0], "a_time_left": [359.9982815999974, 359.9982815999974, 359.9968916999933, 359.9968916999933, 359.99570379999204, 359.99570379999204, 359.9944095999963, 359.9944095999963, 359.99276269999973, 359.99276269999973, 359.99135679999745, 359.99135679999745, 359.98878590000095, 359.98878590000095, 359.9863183000052, 359.9863183000052, 359.98517189999984, 359.98517189999984, 359.98379340000247, 359.98379340000247, 359.98255020000215, 359.98255020000215, 355.98091320000094, 355.98091320000094, 355.97829400000046, 355.97829400000046, 355.977868199996, 355.977868199996, 351.97426819999237, 351.97426819999237, 347.9695644999956, 347.9695644999956, 347.96657919999416, 347.96657919999416, 343.96232499999314, 343.96232499999314, 343.9602185999902, 343.9602185999902, 339.9570523999864, 339.9570523999864, 339.95392919998994, 339.95392919998994, 339.95036349998554, 339.95036349998554, 339.9489906999879, 339.9489906999879, 339.94496049999, 339.94496049999, 335.94215909998456, 335.94215909998456, 331.1392394999857, 331.1392394999857, 331.1368272999898, 331.1368272999898, 331.13333689999126, 331.13333689999126, 331.1308501999956, 331.1308501999956, 331.1285882999946, 331.1285882999946, 331.12778089999483, 331.12778089999483, 331.1270893999972, 331.1270893999972, 331.12671379999665, 331.12671379999665, 331.12422259999585, 331.12422259999585, 327.921689099996, 327.921689099996, 327.9179407999982, 327.9179407999982, 324.7152481000012, 324.7152481000012, 324.71284240000386, 324.71284240000386, 321.51018920000206, 321.51018920000206, 321.50960110000597, 321.50960110000597], "b_time_left": [360, 359.9994963000063, 359.9994963000063, 349.99148440000863, 349.99148440000863, 339.979882800013, 339.979882800013, 329.9774793000106, 329.9774793000106, 320.587044900014, 320.587044900014, 310.57812280001235, 310.57812280001235, 300.5287778000129, 300.5287778000129, 290.51433100001304, 290.51433100001304, 280.51402660000895, 280.51402660000895, 270.5118805000093, 270.5118805000093, 260.5111669000107, 260.5111669000107, 250.51058880001074, 250.51058880001074, 240.50983810000616, 240.50983810000616, 230.50662040000316, 230.50662040000316, 220.5052480000013, 220.5052480000013, 210.50239050000528, 210.50239050000528, 200.77395850000903, 200.77395850000903, 190.77362120000907, 190.77362120000907, 181.33656840000913, 181.33656840000913, 171.33634100000927, 171.33634100000927, 170.91412330001185, 170.91412330001185, 170.0999365000098, 170.0999365000098, 169.90364510000654, 169.90364510000654, 159.9028404000128, 159.9028404000128, 150.3935010000132, 150.3935010000132, 140.39311710001493, 140.39311710001493, 140.39255200001207, 140.39255200001207, 140.39210090001143, 140.39210090001143, 140.39166060001298, 140.39166060001298, 140.3911644000109, 140.3911644000109, 140.26597500000935, 140.26597500000935, 139.52569930000755, 139.52569930000755, 139.4032650000081, 139.4032650000081, 138.68178980000812, 138.68178980000812, 138.63832440000988, 138.63832440000988, 137.91681290000997, 137.91681290000997, 137.8697805000047, 137.8697805000047, 137.28801910000038, 137.28801910000038, 137.2875423000005, 137.2875423000005, 136.74886870000046], "a_moves_left": [39, 39, 38, 38, 37, 37, 36, 36, 35, 35, 34, 34, 33, 33, 32, 32, 31, 31, 30, 30, 29, 29, 28, 28, 27, 27, 26, 26, 25, 25, 24, 24, 23, 23, 22, 22, 21, 21, 20, 20, 19, 19, 18, 18, 17, 17, 16, 16, 15, 15, 14, 14, 13, 13, 12, 12, 11, 11, 10, 10, 9, 9, 8, 8, 7, 7, 6, 6, 5, 5, 4, 4, 3, 3, 2, 2, 1, 1, 0, 0], "b_moves_left": [40, 39, 39, 38, 38, 37, 37, 36, 36, 35, 35, 34, 34, 33, 33, 32, 32, 31, 31, 30, 30, 29, 29, 28, 28, 27, 27, 26, 26, 25, 25, 24, 24, 23, 23, 22, 22, 21, 21, 20, 20, 19, 19, 18, 18, 17, 17, 16, 16, 15, 15, 14, 14, 13, 13, 12, 12, 11, 11, 10, 10, 9, 9, 8, 8, 7, 7, 6, 6, 5, 5, 4, 4, 3, 3, 2, 2, 1, 1, 0], "trapdoor_triggered": [0, 0, 0, 0, 0, 0, 0, 0, 0, 0, 0, 0, 0, 0, 0, 0, 0, 0, 0, 0, 0, 0, 0, 0, 0, 0, 0, 0, 0, 1, 0, 0, 0, 0, 0, 0, 0, 0, 0, 0, 0, 0, 0, 0, 0, 0, 0, 0, 0, 0, 0, 0, 0, 0, 0, 0, 0, 0, 0, 0, 0, 0, 0, 0, 0, 0, 0, 0, 0, 0, 0, 0, 0, 0, 0, 0, 0, 0, 0, 0], "left_behind": ["egg", "egg", "plain", "plain", "egg", "egg", "plain", "plain", "egg", "egg", "plain", "plain", "egg", "egg", "turd", "turd", "egg", "egg", "plain", "turd", "egg", "egg", "plain", "turd", "egg", "egg", "plain", "turd", "plain", "egg", "turd", "plain", "egg", "plain", "plain", "egg", "egg", "plain", "turd", "egg", "egg", "turd", "plain", "egg", "plain", "plain", "plain", "egg", "plain", "plain", "turd", "egg", "egg", "plain", "turd", "plain", "plain", "plain", "plain", "plain", "plain", "plain", "plain", "egg", "plain", "plain", "plain", "egg", "plain", "plain", "plain", "egg", "plain", "plain", "plain", "egg", "plain", "plain", "plain", "egg"], "errlog_a": "", "errlog_b": "", "start_time": 360, "start_moves": 40, "turn_count": 80, "result": 1, "reason": "EGGS_LAID", "trapdoors": [[4, 4], [4, 3]], "spawn_a": [7, 5], "spawn_b": [0, 5]}