{"pos": [[0, 1], [7, 1], [0, 0], [7, 2], [0, 1], [7, 1], [0, 0], [6, 1], [1, 0], [6, 2], [1, 1], [6, 3], [1, 2], [5, 3], [1, 3], [5, 2], [1, 4], [5, 1], [2, 4], [5, 0], [0, 2], [6, 0], [0, 3], [7, 0], [1, 3], [7, 1], [2, 3], [7, 2], [3, 3], [7, 3], [4, 3], [7, 4], [5, 3], [6, 4], [5, 4], [6, 5], [6, 4], [7, 5], [6, 5], [7, 6], [7, 5], [7, 7], [7, 6], [6, 7], [7, 7], [6, 6], [6, 7], [6, 5], [5, 7], [5, 5], [5, 6], [5, 4], [5, 5], [4, 4], [6, 5], [4, 5], [6, 6], [4, 6], [7, 6], [5, 6], [7, 7], [4, 6], [6, 7], [4, 7], [5, 7], [3, 7], [4, 7], [3, 6], [4, 6], [3, 5], [4, 5], [3, 4], [4, 4], [3, 5], [4, 3], [4, 5], [3, 3], [3, 5], [3, 2], [3, 6]], "a_eggs_laid": [1, 1, 1, 1, 1, 1, 1, 1, 4, 4, 4, 4, 4, 4, 4, 4, 4, 4, 4, 4, 5, 5, 5, 5, 5, 5, 6, 6, 6, 6, 6, 6, 6, 6, 7, 7, 7, 7, 8, 8, 8, 8, 9, 9, 9, 9, 9, 9, 9, 9, 10, 10, 10, 10, 11, 11, 11, 11, 12, 12, 12, 12, 12, 12, 12, 12, 12, 12, 12, 12, 13, 13, 13, 13, 14, 14, 14, 14, 15, 15], "b_eggs_laid": [0, 0, 0, 0, 0, 0, 0, 0, 0, 1, 1, 1, 1, 1, 1, 1, 1, 2, 2, 2, 2, 7, 7, 7, 7, 10, 10, 10, 10, 11, 11, 11, 11, 12, 12, 12, 12, 12, 12, 12, 12, 12, 12, 12, 12, 12, 12, 12, 12, 12, 12, 12, 12, 12, 12, 12, 12, 12, 12, 12, 12, 12, 12, 12, 12, 12, 12, 12, 12, 13, 13, 13, 13, 13, 13, 13, 13, 13, 13, 13], "a_turds_left": [5, 5, 5, 5, 5, 5, 4, 4, 4, 4, 4, 4, 4, 4, 3, 3, 3, 3, 2, 2, 2, 2, 2, 2, 1, 1, 1, 1, 0, 0, 0, 0, 0, 0, 0, 0, 0, 0, 0, 0, 0, 0, 0, 0, 0, 0, 0, 0, 0, 0, 0, 0, 0, 0, 0, 0, 0, 0, 0, 0, 0, 0, 0, 0, 0, 0, 0, 0, 0, 0, 0, 0, 0, 0, 0, 0, 0, 0, 0, 0], "b_turds_left": [5, 5, 5, 5, 5, 5, 5, 5, 5, 5, 5, 4, 4, 4, 4, 4, 4, 4, 4, 3, 3, 3, 3, 2, 2, 2, 2, 1, 1, 1, 1, 0, 0, 0, 0, 0, 0, 0, 0, 0, 0, 0, 0, 0, 0, 0, 0, 0, 0, 0, 0, 0, 0, 0, 0, 0, 0, 0, 0, 0, 0, 0, 0, 0, 0, 0, 0, 0, 0, 0, 0, 0, 0, 0, 0, 0, 0, 0, 0, 0], "a_time_left": [356.59848410007544, 356.59848410007544, 353.19767430005595, 353.19767430005595, 349.7965007999446, 349.7965007999446, 346.3958139999304, 346.3958139999304, 342.9935077999253, 342.9935077999253, 339.59169999998994, 339.59169999998994, 336.1908851999324, 336.1908851999324, 332.79045920004137, 332.79045920004137, 329.3887831000611, 329.3887831000611, 325.9882566998713, 325.9882566998713, 320.88180689979345, 320.88180689979345, 315.77921159984544, 315.77921159984544, 310.67853010003455, 310.67853010003455, 305.5777955998201, 305.5777955998201, 300.47045349981636, 300.47045349981636, 295.36944669974037, 295.36944669974037, 290.2685357995797, 290.2685357995797, 290.2624276995193, 290.2624276995193, 290.25940209953114, 290.25940209953114, 290.2569199996069, 290.2569199996069, 290.2527930997312, 290.2527930997312, 290.250012899749, 290.250012899749, 290.24579389975406, 290.24579389975406, 290.2432846997399, 290.2432846997399, 290.23846959974617, 290.23846959974617, 290.23402749956585, 290.23402749956585, 290.2270225994289, 290.2270225994289, 290.2241318994202, 290.2241318994202, 290.2203430994414, 290.2203430994414, 290.21623299922794, 290.21623299922794, 290.2124149990268, 290.2124149990268, 283.4117173990235, 283.4117173990235, 283.4097716989927, 283.4097716989927, 283.4080553990789, 283.4080553990789, 283.4031625990756, 283.4031625990756, 283.3991708990652, 283.3991708990652, 283.39697989914566, 283.39697989914566, 283.39454119908623, 283.39454119908623, 283.39278079918586, 283.39278079918586, 283.39193869917654, 283.39193869917654], "b_time_left": [360, 356.598512200173, 356.598512200173, 353.1973126002122, 353.1973126002122, 349.79634560015984, 349.79634560015984, 346.3907410001848, 346.3907410001848, 342.9895133001264, 342.9895133001264, 339.5857152000535, 339.5857152000535, 336.1847526000347, 336.1847526000347, 332.7841380999889, 332.7841380999889, 329.38332829996943, 329.38332829996943, 325.98288509994745, 325.98288509994745, 320.88222869997844, 320.88222869997844, 315.7772067999467, 315.7772067999467, 310.66915290011093, 310.66915290011093, 305.56846280023456, 305.56846280023456, 300.4674838001374, 300.4674838001374, 295.366905500181, 295.366905500181, 290.26569840009324, 290.26569840009324, 290.2598265002016, 290.2598265002016, 290.2557806002442, 290.2557806002442, 290.2542409002781, 290.2542409002781, 290.25177170033567, 290.25177170033567, 290.25006550038233, 290.25006550038233, 290.24760160036385, 290.24760160036385, 290.2457589004189, 290.2457589004189, 285.14319130033255, 285.14319130033255, 285.14179650042206, 285.14179650042206, 285.13815140048973, 285.13815140048973, 278.3373061006423, 278.3373061006423, 271.53417000058107, 271.53417000058107, 264.7328231004067, 264.7328231004067, 257.932433800539, 257.932433800539, 251.13200600049458, 251.13200600049458, 251.12688800063916, 251.12688800063916, 251.12387200072408, 251.12387200072408, 251.11725390073843, 251.11725390073843, 251.11424130084924, 251.11424130084924, 251.11266020080075, 251.11266020080075, 244.31209370074794, 244.31209370074794, 237.50837050075643, 237.50837050075643, 230.70789960073307], "a_moves_left": [39, 39, 38, 38, 37, 37, 36, 36, 35, 35, 34, 34, 33, 33, 32, 32, 31, 31, 30, 30, 29, 29, 28, 28, 27, 27, 26, 26, 25, 25, 24, 24, 23, 23, 22, 22, 21, 21, 20, 20, 19, 19, 18, 18, 17, 17, 16, 16, 15, 15, 14, 14, 13, 13, 12, 12, 11, 11, 10, 10, 9, 9, 8, 8, 7, 7, 6, 6, 5, 5, 4, 4, 3, 3, 2, 2, 1, 1, 0, 0], "b_moves_left": [40, 39, 39, 38, 38, 37, 37, 36, 36, 35, 35, 34, 34, 33, 33, 32, 32, 31, 31, 30, 30, 29, 29, 28, 28, 27, 27, 26, 26, 25, 25, 24, 24, 23, 23, 22, 22, 21, 21, 20, 20, 19, 19, 18, 18, 17, 17, 16, 16, 15, 15, 14, 14, 13, 13, 12, 12, 11, 11, 10, 10, 9, 9, 8, 8, 7, 7, 6, 6, 5, 5, 4, 4, 3, 3, 2, 2, 1, 1, 0], "trapdoor_triggered": [0, 0, 0, 0, 0, 0, 0, 0, 0, 0, 0, 0, 0, 0, 0, 0, 0, 0, 0, 0, 1, 0, 0, 0, 0, 0, 0, 0, 0, 0, 0, 0, 0, 0, 0, 0, 0, 0, 0, 0, 0, 0, 0, 0, 0, 0, 0, 0, 0, 0, 0, 0, 0, 0, 0, 0, 0, 0, 0, 0, 0, 0, 0, 0, 0, 0, 0, 0, 0, 0, 0, 0, 0, 0, 0, 0, 0, 0, 0, 0], "left_behind": ["egg", "plain", "plain", "plain", "plain", "plain", "turd", "plain", "egg", "egg", "plain", "turd", "plain", "plain", "turd", "plain", "plain", "egg", "turd", "turd", "egg", "egg", "plain", "turd", "turd", "egg", "egg", "turd", "turd", "egg", "plain", "turd", "plain", "egg", "egg", "plain", "plain", "plain", "egg", "plain", "plain", "plain", "egg", "plain", "plain", "plain", "plain", "plain", "plain", "plain", "egg", "plain", "plain", "plain", "egg", "plain", "plain", "plain", "egg", "plain", "plain", "plain", "plain", "plain", "plain", "plain", "plain", "plain", "plain", "egg", "egg", "plain", "plain", "plain", "egg", "plain", "plain", "plain", "egg", "plain"], "errlog_a": "", "errlog_b": "", "start_time": 360, "start_moves": 40, "turn_count": 80, "result": 0, "reason": "EGGS_LAID", "trapdoors": [[4, 2], [2, 5]], "spawn_a": [0, 2], "spawn_b": [7, 2]}