{"pos": [[0, 3], [6, 4], [1, 3], [6, 3], [1, 2], [6, 2], [0, 2], [7, 2], [0, 1], [7, 1], [1, 1], [7, 0], [1, 0], [6, 0], [2, 0], [5, 0], [3, 0], [4, 0], [3, 1], [3, 0], [3, 2], [4, 0], [0, 4], [4, 1], [1, 4], [5, 1], [2, 4], [5, 2], [2, 3], [5, 3], [0, 4], [5, 4], [1, 4], [5, 5], [1, 5]], "a_eggs_laid": [1, 1, 1, 1, 2, 2, 2, 2, 3, 3, 3, 3, 4, 4, 4, 4, 5, 5, 5, 5, 6, 6, 6, 6, 6, 6, 6, 6, 7, 7, 7, 7, 7, 7, 7], "b_eggs_laid": [0, 1, 1, 1, 1, 2, 2, 2, 2, 3, 3, 3, 3, 6, 6, 6, 6, 7, 7, 7, 7, 8, 8, 12, 12, 13, 13, 13, 13, 14, 14, 18, 18, 19, 19], "a_turds_left": [5, 5, 5, 5, 5, 5, 5, 5, 5, 5, 5, 5, 5, 5, 5, 5, 5, 5, 5, 5, 5, 5, 5, 5, 5, 5, 5, 5, 5, 5, 5, 5, 5, 5, 4], "b_turds_left": [5, 5, 5, 4, 4, 4, 4, 3, 3, 3, 3, 3, 3, 3, 3, 3, 3, 3, 3, 3, 3, 3, 3, 3, 3, 3, 3, 2, 2, 2, 2, 1, 1, 1, 1], "a_time_left": [359.9956913999995, 359.9956913999995, 359.9938872999992, 359.9938872999992, 359.98837829999684, 359.98837829999684, 359.97798939999484, 359.97798939999484, 359.9709102999914, 359.9709102999914, 359.966439799995, 359.966439799995, 359.9554497999925, 359.9554497999925, 359.9504131999929, 359.9504131999929, 359.92909659998986, 359.92909659998986, 359.92446129999007, 359.92446129999007, 359.91776139999274, 359.91776139999274, 359.9116904999901, 359.9116904999901, 359.90738049999345, 359.90738049999345, 359.90108429999236, 359.90108429999236, 359.8945224999916, 359.8945224999916, 359.8930291999932, 359.8930291999932, 359.89014879999013, 359.89014879999013, 355.8873834999904], "b_time_left": [360, 359.9982757999969, 359.9982757999969, 349.9893863999969, 349.9893863999969, 339.9787195000026, 339.9787195000026, 330.6437649000072, 330.6437649000072, 320.64137460001075, 320.64137460001075, 310.6135232000088, 310.6135232000088, 300.57652350000717, 300.57652350000717, 290.5745170000082, 290.5745170000082, 280.5724302000017, 280.5724302000017, 271.10872389999713, 271.10872389999713, 261.08553699999175, 261.08553699999175, 251.06059449999157, 251.06059449999157, 241.04757879998942, 241.04757879998942, 231.04189039998892, 231.04189039998892, 221.02232029998413, 221.02232029998413, 211.0219490999807, 211.0219490999807, 201.02040159997705, 201.02040159997705], "a_moves_left": [39, 39, 38, 38, 37, 37, 36, 36, 35, 35, 34, 34, 33, 33, 32, 32, 31, 31, 30, 30, 29, 29, 28, 28, 27, 27, 26, 26, 25, 25, 24, 24, 23, 23, 22], "b_moves_left": [40, 39, 39, 38, 38, 37, 37, 36, 36, 35, 35, 34, 34, 33, 33, 32, 32, 31, 31, 30, 30, 29, 29, 28, 28, 27, 27, 26, 26, 25, 25, 24, 24, 23, 23], "trapdoor_triggered": [0, 0, 0, 0, 0, 0, 0, 0, 0, 0, 0, 0, 0, 0, 0, 0, 0, 0, 0, 0, 0, 0, 1, 0, 0, 0, 0, 0, 0, 0, 1, 0, 0, 0, 0], "left_behind": ["egg", "egg", "plain", "turd", "egg", "egg", "plain", "turd", "egg", "egg", "plain", "plain", "egg", "egg", "plain", "plain", "egg", "egg", "plain", "plain", "egg", "egg", "plain", "plain", "plain", "egg", "plain", "turd", "egg", "egg", "plain", "turd", "plain", "egg", "turd"], "errlog_a": "", "errlog_b": "Timeout", "start_time": 360, "start_moves": 40, "turn_count": 35, "result": 0, "reason": "CODE_CRASH", "trapdoors": [[3, 3], [3, 4]], "spawn_a": [0, 4], "spawn_b": [7, 4]}