{"pos": [[0, 3], [6, 4], [1, 3], [6, 3], [1, 2], [6, 2], [2, 2], [7, 2], [2, 1], [7, 1], [3, 1], [7, 0], [3, 0], [6, 0], [4, 0], [5, 0], [4, 1], [5, 1], [4, 2], [6, 1], [4, 1], [5, 1], [4, 2], [5, 2], [4, 3], [5, 3], [4, 4], [4, 3], [4, 5], [3, 3], [3, 5], [3, 4], [3, 6], [7, 4], [2, 6], [7, 5], [0, 4], [6, 5], [1, 4], [7, 5], [0, 4], [7, 6], [0, 5]], "a_eggs_laid": [1, 1, 1, 1, 2, 2, 2, 2, 3, 3, 3, 3, 4, 4, 4, 4, 5, 5, 5, 5, 6, 6, 6, 6, 6, 6, 6, 6, 7, 7, 7, 7, 8, 8, 12, 12, 13, 13, 13, 13, 13, 13, 13], "b_eggs_laid": [0, 1, 1, 1, 1, 2, 2, 2, 2, 3, 3, 3, 3, 6, 6, 6, 6, 7, 7, 7, 7, 8, 8, 8, 8, 9, 9, 9, 9, 10, 10, 10, 10, 11, 11, 11, 11, 15, 15, 16, 16, 20, 20], "a_turds_left": [5, 5, 5, 5, 5, 5, 4, 4, 4, 4, 4, 4, 4, 4, 3, 3, 3, 3, 3, 3, 3, 3, 3, 3, 3, 3, 3, 3, 3, 3, 2, 2, 2, 2, 1, 1, 1, 1, 1, 1, 0, 0, 0], "b_turds_left": [5, 5, 5, 4, 4, 4, 4, 3, 3, 3, 3, 3, 3, 3, 3, 3, 3, 3, 3, 3, 3, 3, 3, 3, 3, 3, 3, 2, 2, 2, 2, 1, 1, 1, 1, 1, 1, 1, 1, 1, 1, 1, 1], "a_time_left": [359.99819969999953, 359.99819969999953, 359.99691280000116, 359.99691280000116, 359.9953663999986, 359.9953663999986, 359.99218149999797, 359.99218149999797, 359.98868429999857, 359.98868429999857, 359.98739589999605, 359.98739589999605, 359.9839093999981, 359.9839093999981, 359.97880160000204, 359.97880160000204, 359.97606060000544, 359.97606060000544, 359.97401330000866, 359.97401330000866, 359.97109920001094, 359.97109920001094, 359.9679684000075, 359.9679684000075, 359.96619340000325, 359.96619340000325, 359.9632755000057, 359.9632755000057, 359.9614787000028, 359.9614787000028, 359.958283100008, 359.958283100008, 359.9557275000043, 359.9557275000043, 355.95353970000724, 355.95353970000724, 355.9517177000089, 355.9517177000089, 351.9502852000078, 351.9502852000078, 347.94836770000256, 347.94836770000256, 343.946832600006], "b_time_left": [360, 359.99943540000095, 359.99943540000095, 349.99419789999956, 349.99419789999956, 339.9927489000038, 339.9927489000038, 330.01961660000234, 330.01961660000234, 320.0194799000019, 320.0194799000019, 310.01836470000126, 310.01836470000126, 300.0178323, 300.0178323, 290.01732410000113, 290.01732410000113, 280.0154688000039, 280.0154688000039, 270.0993881000031, 270.0993881000031, 267.4005732000005, 267.4005732000005, 257.40026140000555, 257.40026140000555, 247.37439240000822, 247.37439240000822, 237.36994940001023, 237.36994940001023, 227.3652509000094, 227.3652509000094, 217.36167890001525, 217.36167890001525, 207.36118500001612, 207.36118500001612, 197.3606931000104, 197.3606931000104, 187.36004250001133, 187.36004250001133, 177.94645150000724, 177.94645150000724, 167.94625200000883, 167.94625200000883], "a_moves_left": [39, 39, 38, 38, 37, 37, 36, 36, 35, 35, 34, 34, 33, 33, 32, 32, 31, 31, 30, 30, 29, 29, 28, 28, 27, 27, 26, 26, 25, 25, 24, 24, 23, 23, 22, 22, 21, 21, 20, 20, 19, 19, 18], "b_moves_left": [40, 39, 39, 38, 38, 37, 37, 36, 36, 35, 35, 34, 34, 33, 33, 32, 32, 31, 31, 30, 30, 29, 29, 28, 28, 27, 27, 26, 26, 25, 25, 24, 24, 23, 23, 22, 22, 21, 21, 20, 20, 19, 19], "trapdoor_triggered": [0, 0, 0, 0, 0, 0, 0, 0, 0, 0, 0, 0, 0, 0, 0, 0, 0, 0, 0, 0, 0, 0, 0, 0, 0, 0, 0, 0, 0, 0, 0, 0, 0, 1, 0, 0, 1, 0, 0, 0, 1, 0, 0], "left_behind": ["egg", "egg", "plain", "turd", "egg", "egg", "turd", "turd", "egg", "egg", "plain", "plain", "egg", "egg", "turd", "plain", "egg", "egg", "plain", "plain", "egg", "egg", "plain", "plain", "plain", "egg", "plain", "turd", "egg", "egg", "turd", "turd", "egg", "egg", "turd", "plain", "egg", "plain", "plain", "egg", "turd", "plain", "plain"], "errlog_a": "", "errlog_b": "Timeout", "start_time": 360, "start_moves": 40, "turn_count": 43, "result": 0, "reason": "CODE_CRASH", "trapdoors": [[2, 4], [2, 5]], "spawn_a": [0, 4], "spawn_b": [7, 4]}