{"pos": [[1, 6], [6, 6], [2, 6], [6, 5], [2, 5], [6, 4], [3, 5], [6, 3], [3, 4], [6, 2], [3, 3], [7, 2], [3, 2], [7, 1], [0, 6], [7, 0], [1, 6], [6, 0], [1, 5], [5, 0], [2, 5], [4, 0], [2, 4], [3, 0], [3, 4], [3, 1], [3, 3], [2, 1], [0, 6], [2, 2], [1, 6], [1, 2], [2, 6], [1, 3], [2, 5], [0, 3], [3, 5], [0, 4], [4, 5], [1, 4], [4, 4], [0, 4], [4, 5], [0, 5], [4, 6], [0, 4], [3, 6], [0, 3], [3, 7], [0, 2], [4, 7], [0, 1], [5, 7], [0, 0], [4, 7], [1, 0], [4, 6], [2, 0], [4, 5], [3, 0], [5, 5], [3, 1], [4, 5], [4, 1], [4, 4], [5, 1], [4, 3], [6, 1], [5, 3], [7, 1], [4, 3], [7, 2], [0, 6], [7, 3], [0, 7], [7, 4], [1, 7], [7, 5], [1, 6], [7, 6]], "a_eggs_laid": [1, 1, 1, 1, 2, 2, 2, 2, 3, 3, 3, 3, 3, 3, 3, 3, 3, 3, 3, 3, 4, 4, 4, 4, 5, 5, 5, 5, 6, 6, 6, 6, 6, 6, 6, 6, 6, 6, 6, 6, 6, 6, 6, 6, 6, 6, 6, 6, 6, 6, 7, 7, 7, 7, 8, 8, 8, 8, 8, 8, 8, 8, 9, 9, 9, 9, 9, 9, 9, 9, 10, 10, 10, 10, 10, 10, 10, 10, 11, 11], "b_eggs_laid": [0, 1, 1, 1, 1, 2, 2, 2, 2, 3, 3, 3, 3, 4, 4, 8, 8, 11, 11, 11, 11, 12, 12, 12, 12, 13, 13, 13, 13, 18, 18, 18, 18, 19, 19, 19, 19, 20, 20, 20, 20, 21, 21, 21, 21, 22, 22, 22, 22, 22, 22, 22, 22, 23, 23, 23, 23, 24, 24, 24, 24, 24, 24, 24, 24, 25, 25, 25, 25, 26, 26, 26, 26, 30, 30, 30, 30, 31, 31, 31], "a_turds_left": [5, 5, 5, 5, 5, 5, 5, 5, 5, 5, 5, 5, 5, 5, 5, 5, 5, 5, 5, 5, 5, 5, 5, 5, 5, 5, 5, 5, 5, 5, 5, 5, 4, 4, 4, 4, 3, 3, 3, 3, 2, 2, 1, 1, 1, 1, 0, 0, 0, 0, 0, 0, 0, 0, 0, 0, 0, 0, 0, 0, 0, 0, 0, 0, 0, 0, 0, 0, 0, 0, 0, 0, 0, 0, 0, 0, 0, 0, 0, 0], "b_turds_left": [5, 5, 5, 4, 4, 4, 4, 3, 3, 3, 3, 2, 2, 2, 2, 2, 2, 2, 2, 2, 2, 2, 2, 2, 2, 2, 2, 2, 2, 2, 2, 1, 1, 1, 1, 0, 0, 0, 0, 0, 0, 0, 0, 0, 0, 0, 0, 0, 0, 0, 0, 0, 0, 0, 0, 0, 0, 0, 0, 0, 0, 0, 0, 0, 0, 0, 0, 0, 0, 0, 0, 0, 0, 0, 0, 0, 0, 0, 0, 0], "a_time_left": [356.79399959999864, 356.79399959999864, 353.5901448000004, 353.5901448000004, 350.3855881999989, 350.3855881999989, 347.18204680000053, 347.18204680000053, 343.97485869999946, 343.97485869999946, 343.97171199999866, 343.97171199999866, 343.96766919999936, 343.96766919999936, 340.76491669999814, 340.76491669999814, 337.5630400999944, 337.5630400999944, 334.359000199991, 334.359000199991, 328.7538641999927, 328.7538641999927, 323.1492759999892, 323.1492759999892, 317.54359399998793, 317.54359399998793, 311.9401305999854, 311.9401305999854, 306.3351127999849, 306.3351127999849, 300.73339819998364, 300.73339819998364, 295.13005179998436, 295.13005179998436, 289.52719359998446, 289.52719359998446, 283.92422469998564, 283.92422469998564, 278.321996099985, 278.321996099985, 278.2902319999848, 278.2902319999848, 278.27903819998755, 278.27903819998755, 278.27543159999186, 278.27543159999186, 278.26925869999104, 278.26925869999104, 278.2551592999953, 278.2551592999953, 278.2440131999974, 278.2440131999974, 278.2372178000005, 278.2372178000005, 278.23257820000435, 278.23257820000435, 278.2323322000011, 278.2323322000011, 278.22961249999935, 278.22961249999935, 278.1453945999965, 278.1453945999965, 278.0026180999921, 278.0026180999921, 278.0006435999894, 278.0006435999894, 277.83212219998677, 277.83212219998677, 277.82984169998235, 277.82984169998235, 277.82635229998414, 277.82635229998414, 277.82420869998896, 277.82420869998896, 277.81505909999396, 277.81505909999396, 277.8062098999944, 277.8062098999944, 277.7974488999971, 277.7974488999971], "b_time_left": [360, 359.99915599999804, 359.99915599999804, 349.9984983000031, 349.9984983000031, 339.9981622999985, 339.9981622999985, 329.99210460000177, 329.99210460000177, 319.9919738000026, 319.9919738000026, 309.99102340000536, 309.99102340000536, 299.99018220001017, 299.99018220001017, 289.9779857000103, 289.9779857000103, 279.9769817000051, 279.9769817000051, 269.94840820000536, 269.94840820000536, 259.9480637000088, 259.9480637000088, 249.9479227000047, 249.9479227000047, 239.9450610000058, 239.9450610000058, 229.9447450000007, 229.9447450000007, 219.9445768000005, 219.9445768000005, 209.94431310000073, 209.94431310000073, 199.94407959999808, 199.94407959999808, 199.76112619999913, 199.76112619999913, 189.76077010000154, 189.76077010000154, 179.68448830000125, 179.68448830000125, 170.4104054999989, 170.4104054999989, 161.0443954999937, 161.0443954999937, 151.04416299999139, 151.04416299999139, 150.99830809999548, 150.99830809999548, 141.17959219999466, 141.17959219999466, 131.17921929999284, 131.17921929999284, 121.1788111999922, 121.1788111999922, 121.13044129998889, 121.13044129998889, 120.79231739998795, 120.79231739998795, 120.75301269998454, 120.75301269998454, 120.55886419998569, 120.55886419998569, 120.41882429998077, 120.41882429998077, 110.41857949997939, 110.41857949997939, 100.41838429998461, 100.41838429998461, 90.4173147999827, 90.4173147999827, 90.3593842999835, 90.3593842999835, 75.35899419998168, 75.35899419998168, 61.13400099998398, 61.13400099998398, 46.788321099986206, 46.788321099986206, 46.67676769998798], "a_moves_left": [39, 39, 38, 38, 37, 37, 36, 36, 35, 35, 34, 34, 33, 33, 32, 32, 31, 31, 30, 30, 29, 29, 28, 28, 27, 27, 26, 26, 25, 25, 24, 24, 23, 23, 22, 22, 21, 21, 20, 20, 19, 19, 18, 18, 17, 17, 16, 16, 15, 15, 14, 14, 13, 13, 12, 12, 11, 11, 10, 10, 9, 9, 8, 8, 7, 7, 6, 6, 5, 5, 4, 4, 3, 3, 2, 2, 1, 1, 0, 0], "b_moves_left": [40, 39, 39, 38, 38, 37, 37, 36, 36, 35, 35, 34, 34, 33, 33, 32, 32, 31, 31, 30, 30, 29, 29, 28, 28, 27, 27, 26, 26, 25, 25, 24, 24, 23, 23, 22, 22, 21, 21, 20, 20, 19, 19, 18, 18, 17, 17, 16, 16, 15, 15, 14, 14, 13, 13, 12, 12, 11, 11, 10, 10, 9, 9, 8, 8, 7, 7, 6, 6, 5, 5, 4, 4, 3, 3, 2, 2, 1, 1, 0], "trapdoor_triggered": [0, 0, 0, 0, 0, 0, 0, 0, 0, 0, 0, 0, 0, 0, 1, 0, 0, 0, 0, 0, 0, 0, 0, 0, 0, 0, 0, 0, 1, 0, 0, 0, 0, 0, 0, 0, 0, 0, 0, 0, 0, 0, 0, 0, 0, 0, 0, 0, 0, 0, 0, 0, 0, 0, 0, 0, 0, 0, 0, 0, 0, 0, 0, 0, 0, 0, 0, 0, 0, 0, 0, 0, 1, 0, 0, 0, 0, 0, 0, 0], "left_behind": ["egg", "egg", "plain", "turd", "egg", "egg", "plain", "turd", "egg", "egg", "plain", "turd", "plain", "egg", "plain", "plain", "plain", "egg", "plain", "plain", "egg", "egg", "plain", "plain", "egg", "egg", "plain", "plain", "egg", "egg", "plain", "turd", "turd", "egg", "plain", "turd", "turd", "egg", "plain", "plain", "turd", "egg", "turd", "plain", "plain", "egg", "turd", "plain", "plain", "plain", "egg", "plain", "plain", "egg", "egg", "plain", "plain", "egg", "plain", "plain", "plain", "plain", "egg", "plain", "plain", "egg", "plain", "plain", "plain", "egg", "egg", "plain", "plain", "plain", "plain", "plain", "plain", "egg", "egg", "plain"], "errlog_a": "", "errlog_b": "", "start_time": 360, "start_moves": 40, "turn_count": 80, "result": 1, "reason": "EGGS_LAID", "trapdoors": [[4, 2], [2, 3]], "spawn_a": [0, 6], "spawn_b": [7, 6]}