{"pos": [[0, 3], [6, 4], [0, 4], [6, 3], [0, 5], [5, 3], [0, 6], [5, 2], [0, 5], [5, 3], [0, 6], [5, 4], [0, 7], [7, 4], [1, 7], [7, 3], [2, 7], [7, 2], [1, 7], [6, 2], [0, 7], [6, 1], [0, 6], [7, 1], [1, 6], [7, 0], [1, 5], [6, 0], [1, 4], [7, 0], [1, 3], [7, 1], [0, 3], [7, 0], [0, 4], [6, 0], [0, 5], [7, 0], [0, 6], [6, 0], [1, 6], [7, 0], [2, 6], [7, 1], [2, 7], [7, 0], [1, 7], [6, 0], [0, 7], [7, 0], [0, 6], [6, 0], [1, 6], [7, 0], [1, 5], [7, 1], [2, 5], [7, 0], [3, 5], [6, 0], [3, 6], [7, 0], [3, 7], [6, 0], [2, 7], [7, 0], [1, 7], [7, 1], [0, 7], [7, 0], [0, 6], [6, 0], [1, 6], [7, 0], [1, 5], [6, 0], [0, 5], [7, 0], [0, 6], [7, 1]], "a_eggs_laid": [1, 1, 1, 1, 1, 1, 1, 1, 2, 2, 2, 2, 2, 2, 6, 6, 7, 7, 7, 7, 7, 7, 7, 7, 7, 7, 7, 7, 8, 8, 8, 8, 9, 9, 9, 9, 9, 9, 9, 9, 9, 9, 9, 9, 10, 10, 10, 10, 10, 10, 10, 10, 10, 10, 10, 10, 10, 10, 10, 10, 11, 11, 11, 11, 11, 11, 11, 11, 11, 11, 11, 11, 11, 11, 11, 11, 11, 11, 11, 11], "b_eggs_laid": [0, 1, 1, 1, 1, 2, 2, 2, 2, 3, 3, 3, 3, 4, 4, 4, 4, 4, 4, 5, 5, 5, 5, 6, 6, 6, 6, 9, 9, 9, 9, 9, 9, 9, 9, 9, 9, 9, 9, 9, 9, 9, 9, 9, 9, 9, 9, 9, 9, 9, 9, 9, 9, 9, 9, 9, 9, 9, 9, 9, 9, 9, 9, 9, 9, 9, 9, 9, 9, 9, 9, 9, 9, 9, 9, 9, 9, 9, 9, 9], "a_turds_left": [5, 5, 5, 5, 5, 5, 5, 5, 5, 5, 5, 5, 5, 5, 4, 4, 4, 4, 4, 4, 4, 4, 4, 4, 4, 4, 4, 4, 4, 4, 3, 3, 3, 3, 3, 3, 3, 3, 3, 3, 3, 3, 3, 3, 3, 3, 3, 3, 3, 3, 3, 3, 3, 3, 3, 3, 3, 3, 2, 2, 2, 2, 1, 1, 1, 1, 1, 1, 1, 1, 1, 1, 1, 1, 1, 1, 1, 1, 1, 1], "b_turds_left": [5, 5, 5, 4, 4, 4, 4, 4, 4, 4, 4, 3, 3, 3, 3, 3, 3, 3, 3, 3, 3, 3, 3, 3, 3, 3, 3, 3, 3, 3, 3, 3, 3, 3, 3, 3, 3, 3, 3, 3, 3, 3, 3, 3, 3, 3, 3, 3, 3, 3, 3, 3, 3, 3, 3, 3, 3, 3, 3, 3, 3, 3, 3, 3, 3, 3, 3, 3, 3, 3, 3, 3, 3, 3, 3, 3, 3, 3, 3, 3], "a_time_left": [359.9992850001436, 359.9992850001436, 356.5966845001094, 356.5966845001094, 353.195282000117, 353.195282000117, 349.79390600021, 349.79390600021, 349.7936521002557, 349.7936521002557, 346.392578500323, 346.392578500323, 342.9914363003336, 342.9914363003336, 339.5898477002047, 339.5898477002047, 339.589443300385, 339.589443300385, 336.18624850036576, 336.18624850036576, 331.0853107003495, 331.0853107003495, 331.08422530046664, 331.08422530046664, 325.98248190036975, 325.98248190036975, 320.88090410036966, 320.88090410036966, 315.7801963004749, 315.7801963004749, 310.6784952005837, 310.6784952005837, 305.5775395005476, 305.5775395005476, 300.47651140065864, 300.47651140065864, 295.37557610077783, 295.37557610077783, 295.3746440007817, 295.3746440007817, 290.2738627009094, 290.2738627009094, 285.1721729009878, 285.1721729009878, 280.0709407008253, 280.0709407008253, 274.9697241007816, 274.9697241007816, 269.86591340089217, 269.86591340089217, 269.86471270094626, 269.86471270094626, 263.0629337010905, 263.0629337010905, 263.06185470102355, 263.06185470102355, 256.25917150103487, 256.25917150103487, 249.4571123009082, 249.4571123009082, 242.65554870082997, 242.65554870082997, 235.8539390009828, 235.8539390009828, 229.0523394010961, 229.0523394010961, 222.25013470090926, 222.25013470090926, 215.4486395008862, 215.4486395008862, 215.44714240077883, 215.44714240077883, 208.64600280090235, 208.64600280090235, 208.64504850097, 208.64504850097, 201.84347970085219, 201.84347970085219, 201.84221070096828, 201.84221070096828], "b_time_left": [360, 359.999477900099, 359.999477900099, 356.5980177000165, 356.5980177000165, 356.5976458999794, 356.5976458999794, 353.1967287999578, 353.1967287999578, 353.19632190000266, 353.19632190000266, 349.7950470999349, 349.7950470999349, 349.7946764999069, 349.7946764999069, 346.39374169986695, 346.39374169986695, 342.9924027000088, 342.9924027000088, 342.9920965998899, 342.9920965998899, 337.8906970997341, 337.8906970997341, 337.89008949976414, 337.89008949976414, 332.78900249977596, 332.78900249977596, 327.6883050997276, 327.6883050997276, 322.5873256996274, 322.5873256996274, 317.4864970995113, 317.4864970995113, 317.48590429965407, 317.48590429965407, 312.38519309973344, 312.38519309973344, 307.2841162995901, 307.2841162995901, 302.1830064994283, 302.1830064994283, 297.08231669920497, 297.08231669920497, 291.9817904990632, 291.9817904990632, 291.98128129914403, 291.98128129914403, 286.8783217992168, 286.8783217992168, 281.77700289944187, 281.77700289944187, 274.97419999935664, 274.97419999935664, 268.1708004993852, 268.1708004993852, 261.36728749936447, 261.36728749936447, 261.36619729944505, 261.36619729944505, 254.56513099954464, 254.56513099954464, 247.76291959942318, 247.76291959942318, 240.96126719936728, 240.96126719936728, 234.1605526995845, 234.1605526995845, 227.35924199945293, 227.35924199945293, 227.3576733993832, 227.3576733993832, 220.55379509925842, 220.55379509925842, 213.75181159912609, 213.75181159912609, 206.94927899912, 206.94927899912, 200.14639099896885, 200.14639099896885, 193.3444364988245], "a_moves_left": [39, 39, 38, 38, 37, 37, 36, 36, 35, 35, 34, 34, 33, 33, 32, 32, 31, 31, 30, 30, 29, 29, 28, 28, 27, 27, 26, 26, 25, 25, 24, 24, 23, 23, 22, 22, 21, 21, 20, 20, 19, 19, 18, 18, 17, 17, 16, 16, 15, 15, 14, 14, 13, 13, 12, 12, 11, 11, 10, 10, 9, 9, 8, 8, 7, 7, 6, 6, 5, 5, 4, 4, 3, 3, 2, 2, 1, 1, 0, 0], "b_moves_left": [40, 39, 39, 38, 38, 37, 37, 36, 36, 35, 35, 34, 34, 33, 33, 32, 32, 31, 31, 30, 30, 29, 29, 28, 28, 27, 27, 26, 26, 25, 25, 24, 24, 23, 23, 22, 22, 21, 21, 20, 20, 19, 19, 18, 18, 17, 17, 16, 16, 15, 15, 14, 14, 13, 13, 12, 12, 11, 11, 10, 10, 9, 9, 8, 8, 7, 7, 6, 6, 5, 5, 4, 4, 3, 3, 2, 2, 1, 1, 0], "trapdoor_triggered": [0, 0, 0, 0, 0, 0, 0, 0, 0, 0, 0, 0, 0, 1, 0, 0, 0, 0, 0, 0, 0, 0, 0, 0, 0, 0, 0, 0, 0, 0, 0, 0, 0, 0, 0, 0, 0, 0, 0, 0, 0, 0, 0, 0, 0, 0, 0, 0, 0, 0, 0, 0, 0, 0, 0, 0, 0, 0, 0, 0, 0, 0, 0, 0, 0, 0, 0, 0, 0, 0, 0, 0, 0, 0, 0, 0, 0, 0, 0, 0], "left_behind": ["egg", "egg", "plain", "turd", "plain", "egg", "plain", "plain", "egg", "egg", "plain", "turd", "plain", "egg", "turd", "plain", "egg", "plain", "plain", "egg", "plain", "plain", "plain", "egg", "plain", "plain", "plain", "egg", "egg", "plain", "turd", "plain", "egg", "plain", "plain", "plain", "plain", "plain", "plain", "plain", "plain", "plain", "plain", "plain", "egg", "plain", "plain", "plain", "plain", "plain", "plain", "plain", "plain", "plain", "plain", "plain", "plain", "plain", "turd", "plain", "egg", "plain", "turd", "plain", "plain", "plain", "plain", "plain", "plain", "plain", "plain", "plain", "plain", "plain", "plain", "plain", "plain", "plain", "plain", "plain"], "errlog_a": "", "errlog_b": "", "start_time": 360, "start_moves": 40, "turn_count": 80, "result": 0, "reason": "EGGS_LAID", "trapdoors": [[4, 4], [3, 2]], "spawn_a": [0, 4], "spawn_b": [7, 4]}