{"pos": [[1, 4], [6, 4], [2, 4], [6, 5], [3, 4], [6, 6], [3, 3], [5, 6], [3, 2], [4, 6], [3, 1], [3, 6], [2, 1], [2, 6], [1, 1], [1, 6], [1, 2], [1, 5], [2, 2], [2, 5], [2, 3], [1, 5], [1, 3], [1, 4], [1, 2], [1, 5], [0, 2], [0, 5], [0, 1], [0, 6], [0, 0], [0, 7], [1, 0], [1, 7], [2, 0], [2, 7], [3, 0], [3, 7], [4, 0], [4, 7], [5, 0], [5, 7], [5, 1], [6, 7], [5, 2], [7, 7], [5, 3], [7, 6], [5, 2], [7, 5], [6, 2], [7, 4], [6, 1], [7, 3], [7, 1], [7, 2], [6, 1], [7, 3], [6, 0], [6, 3], [7, 0], [7, 3], [7, 1], [7, 2], [7, 0], [7, 3], [7, 1], [7, 4], [7, 0], [7, 5], [7, 1], [7, 6], [7, 0], [7, 5], [7, 1], [7, 6], [7, 0], [6, 6], [7, 1], [6, 5]], "a_eggs_laid": [1, 1, 1, 1, 2, 2, 2, 2, 2, 2, 2, 2, 3, 3, 3, 3, 4, 4, 4, 4, 5, 5, 5, 5, 6, 6, 6, 6, 7, 7, 7, 7, 10, 10, 10, 10, 11, 11, 11, 11, 12, 12, 12, 12, 13, 13, 13, 13, 14, 14, 14, 14, 15, 15, 15, 15, 16, 16, 16, 16, 17, 17, 17, 17, 17, 17, 17, 17, 17, 17, 17, 17, 17, 17, 17, 17, 17, 17, 17, 17], "b_eggs_laid": [0, 1, 1, 1, 1, 2, 2, 2, 2, 3, 3, 3, 3, 4, 4, 4, 4, 5, 5, 5, 5, 6, 6, 6, 6, 7, 7, 7, 7, 8, 8, 8, 8, 11, 11, 11, 11, 12, 12, 12, 12, 13, 13, 13, 13, 14, 14, 14, 14, 15, 15, 15, 15, 15, 15, 15, 15, 16, 16, 16, 16, 17, 17, 17, 17, 17, 17, 17, 17, 17, 17, 17, 17, 17, 17, 17, 17, 17, 17, 17], "a_turds_left": [5, 5, 5, 5, 5, 5, 5, 5, 5, 5, 5, 5, 5, 5, 5, 5, 5, 5, 4, 4, 4, 4, 3, 3, 3, 3, 3, 3, 3, 3, 3, 3, 3, 3, 3, 3, 3, 3, 3, 3, 3, 3, 3, 3, 3, 3, 3, 3, 3, 3, 3, 3, 3, 3, 2, 2, 2, 2, 2, 2, 2, 2, 2, 2, 2, 2, 2, 2, 2, 2, 2, 2, 2, 2, 2, 2, 2, 2, 2, 2], "b_turds_left": [5, 5, 5, 4, 4, 4, 4, 3, 3, 3, 3, 2, 2, 2, 2, 1, 1, 1, 1, 1, 1, 1, 1, 1, 1, 1, 1, 1, 1, 1, 1, 1, 1, 1, 1, 1, 1, 1, 1, 0, 0, 0, 0, 0, 0, 0, 0, 0, 0, 0, 0, 0, 0, 0, 0, 0, 0, 0, 0, 0, 0, 0, 0, 0, 0, 0, 0, 0, 0, 0, 0, 0, 0, 0, 0, 0, 0, 0, 0, 0], "a_time_left": [357.4481513999999, 357.4481513999999, 354.8971280000005, 354.8971280000005, 352.34642579999854, 352.34642579999854, 352.34580840000126, 352.34580840000126, 352.3452520000028, 352.3452520000028, 352.3439640000033, 352.3439640000033, 349.79253990000507, 349.79253990000507, 347.24141650000456, 347.24141650000456, 344.69067100000393, 344.69067100000393, 342.14002840000467, 342.14002840000467, 337.8886075000046, 337.8886075000046, 333.63718800000424, 333.63718800000424, 333.5336107000039, 333.5336107000039, 329.28115580000303, 329.28115580000303, 325.0294533000051, 325.0294533000051, 320.77827450000404, 320.77827450000404, 316.5266227000029, 316.5266227000029, 312.2749082000046, 312.2749082000046, 308.0233384000021, 308.0233384000021, 303.7716801000024, 303.7716801000024, 299.5207829000028, 299.5207829000028, 295.26968540000234, 295.26968540000234, 291.01888780000445, 291.01888780000445, 286.76763260000007, 286.76763260000007, 282.5162333999979, 282.5162333999979, 276.564684099998, 276.564684099998, 270.61148399999365, 270.61148399999365, 264.65842619998875, 264.65842619998875, 264.543614899987, 264.543614899987, 258.5900825999852, 258.5900825999852, 252.6371706999853, 252.6371706999853, 252.6361380999806, 252.6361380999806, 252.63312869997753, 252.63312869997753, 252.63163069997972, 252.63163069997972, 246.67988249998598, 246.67988249998598, 246.6788361999861, 246.6788361999861, 240.72647459998552, 240.72647459998552, 240.72528489998513, 240.72528489998513, 234.77425809998385, 234.77425809998385, 234.77258579998306, 234.77258579998306], "b_time_left": [360, 359.9989124999993, 359.9989124999993, 349.99766329999693, 349.99766329999693, 339.9841752999964, 339.9841752999964, 329.97860679999576, 329.97860679999576, 319.9777093999983, 319.9777093999983, 309.97742299999663, 309.97742299999663, 299.97727859999577, 299.97727859999577, 289.9771434999966, 289.9771434999966, 279.97682789999817, 279.97682789999817, 269.9765845999973, 269.9765845999973, 259.6140172999985, 259.6140172999985, 249.6137888000012, 249.6137888000012, 239.6135385000016, 239.6135385000016, 229.6149351999993, 229.6149351999993, 219.61464250000063, 219.61464250000063, 209.61195840000073, 209.61195840000073, 199.61179550000088, 199.61179550000088, 189.6116383999979, 189.6116383999979, 179.61150129999805, 179.61150129999805, 170.22704419999718, 170.22704419999718, 160.46884249999857, 160.46884249999857, 150.46861759999956, 150.46861759999956, 140.46243809999942, 140.46243809999942, 130.84368390000236, 130.84368390000236, 120.84349429999929, 120.84349429999929, 120.78017029999683, 120.78017029999683, 110.77942260000054, 110.77942260000054, 101.57485459999953, 101.57485459999953, 92.35268239999641, 92.35268239999641, 92.35197909999624, 92.35197909999624, 92.18369560000065, 92.18369560000065, 92.1831934000038, 92.1831934000038, 92.1826781000018, 92.1826781000018, 92.18212620000486, 92.18212620000486, 92.18161920000784, 92.18161920000784, 92.1808903000092, 92.1808903000092, 91.9480849000065, 91.9480849000065, 91.94742760000008, 91.94742760000008, 91.89934189999985, 91.89934189999985, 91.793435399999], "a_moves_left": [39, 39, 38, 38, 37, 37, 36, 36, 35, 35, 34, 34, 33, 33, 32, 32, 31, 31, 30, 30, 29, 29, 28, 28, 27, 27, 26, 26, 25, 25, 24, 24, 23, 23, 22, 22, 21, 21, 20, 20, 19, 19, 18, 18, 17, 17, 16, 16, 15, 15, 14, 14, 13, 13, 12, 12, 11, 11, 10, 10, 9, 9, 8, 8, 7, 7, 6, 6, 5, 5, 4, 4, 3, 3, 2, 2, 1, 1, 0, 0], "b_moves_left": [40, 39, 39, 38, 38, 37, 37, 36, 36, 35, 35, 34, 34, 33, 33, 32, 32, 31, 31, 30, 30, 29, 29, 28, 28, 27, 27, 26, 26, 25, 25, 24, 24, 23, 23, 22, 22, 21, 21, 20, 20, 19, 19, 18, 18, 17, 17, 16, 16, 15, 15, 14, 14, 13, 13, 12, 12, 11, 11, 10, 10, 9, 9, 8, 8, 7, 7, 6, 6, 5, 5, 4, 4, 3, 3, 2, 2, 1, 1, 0], "trapdoor_triggered": [0, 0, 0, 0, 0, 0, 0, 0, 0, 0, 0, 0, 0, 0, 0, 0, 0, 0, 0, 0, 0, 0, 0, 0, 0, 0, 0, 0, 0, 0, 0, 0, 0, 0, 0, 0, 0, 0, 0, 0, 0, 0, 0, 0, 0, 0, 0, 0, 0, 0, 0, 0, 0, 0, 0, 0, 0, 0, 0, 0, 0, 0, 0, 0, 0, 0, 0, 0, 0, 0, 0, 0, 0, 0, 0, 0, 0, 0, 0, 0], "left_behind": ["egg", "egg", "plain", "turd", "egg", "egg", "plain", "turd", "plain", "egg", "plain", "turd", "egg", "egg", "plain", "turd", "egg", "egg", "turd", "plain", "egg", "egg", "turd", "plain", "egg", "egg", "plain", "plain", "egg", "egg", "plain", "plain", "egg", "egg", "plain", "plain", "egg", "egg", "plain", "turd", "egg", "egg", "plain", "plain", "egg", "egg", "plain", "plain", "egg", "egg", "plain", "plain", "egg", "plain", "turd", "plain", "egg", "egg", "plain", "plain", "egg", "egg", "plain", "plain", "plain", "plain", "plain", "plain", "plain", "plain", "plain", "plain", "plain", "plain", "plain", "plain", "plain", "plain", "plain", "plain"], "errlog_a": "", "errlog_b": "", "start_time": 360, "start_moves": 40, "turn_count": 80, "result": 2, "reason": "EGGS_LAID", "trapdoors": [[4, 4], [4, 3]], "spawn_a": [0, 4], "spawn_b": [7, 4]}