{"pos": [[7, 0], [1, 1], [6, 0], [1, 2], [7, 0], [1, 3], [7, 1], [1, 4], [6, 1], [1, 5], [6, 2], [0, 5], [6, 1], [0, 6], [5, 1], [0, 7], [5, 0], [1, 7], [4, 0], [2, 7], [5, 0], [3, 7], [5, 1], [3, 6], [5, 2], [4, 6], [4, 2], [5, 6], [4, 1], [5, 5], [3, 1], [5, 4], [3, 0], [4, 4], [2, 0], [3, 4], [3, 0], [3, 3], [3, 1], [4, 3], [3, 2], [3, 3], [2, 2], [2, 3], [3, 2], [2, 4], [3, 3], [2, 5], [3, 2], [2, 6], [3, 1], [1, 6], [3, 2], [1, 7], [3, 1], [0, 7], [3, 2], [0, 6], [3, 1], [1, 6], [3, 2], [2, 6], [3, 1], [3, 6], [3, 2], [4, 6], [3, 1], [4, 7], [4, 1], [5, 7], [4, 0], [6, 7], [5, 0], [7, 7], [5, 1], [7, 6], [5, 2], [6, 6], [5, 3], [6, 5]], "a_eggs_laid": [1, 1, 1, 1, 2, 2, 2, 2, 2, 2, 2, 2, 3, 3, 3, 3, 4, 4, 4, 4, 5, 5, 5, 5, 5, 5, 5, 5, 6, 6, 6, 6, 7, 7, 7, 7, 8, 8, 8, 8, 8, 8, 8, 8, 9, 9, 9, 9, 10, 10, 10, 10, 10, 10, 10, 10, 10, 10, 10, 10, 10, 10, 10, 10, 10, 10, 10, 10, 10, 10, 10, 10, 10, 10, 10, 10, 10, 10, 10, 10], "b_eggs_laid": [0, 1, 1, 1, 1, 2, 2, 2, 2, 3, 3, 3, 3, 4, 4, 4, 4, 7, 7, 7, 7, 8, 8, 8, 8, 9, 9, 9, 9, 10, 10, 10, 10, 11, 11, 11, 11, 12, 12, 12, 12, 13, 13, 13, 13, 14, 14, 14, 14, 15, 15, 15, 15, 16, 16, 16, 16, 16, 16, 16, 16, 16, 16, 16, 16, 16, 16, 16, 16, 17, 17, 17, 17, 18, 18, 18, 18, 19, 19, 19], "a_turds_left": [5, 5, 5, 5, 5, 5, 5, 5, 5, 5, 5, 5, 5, 5, 5, 5, 5, 5, 5, 5, 5, 5, 5, 5, 5, 5, 5, 5, 5, 5, 4, 4, 4, 4, 3, 3, 3, 3, 3, 3, 3, 3, 3, 3, 3, 3, 2, 2, 2, 2, 2, 2, 2, 2, 2, 2, 2, 2, 2, 2, 2, 2, 2, 2, 2, 2, 2, 2, 2, 2, 2, 2, 2, 2, 1, 1, 1, 1, 0, 0], "b_turds_left": [5, 5, 5, 4, 4, 4, 4, 3, 3, 3, 3, 2, 2, 2, 2, 2, 2, 2, 2, 2, 2, 2, 2, 2, 2, 2, 2, 2, 2, 2, 2, 2, 2, 2, 2, 1, 1, 1, 1, 1, 1, 1, 1, 1, 1, 1, 1, 0, 0, 0, 0, 0, 0, 0, 0, 0, 0, 0, 0, 0, 0, 0, 0, 0, 0, 0, 0, 0, 0, 0, 0, 0, 0, 0, 0, 0, 0, 0, 0, 0], "a_time_left": [359.99990249999973, 359.99990249999973, 356.7985828000019, 356.7985828000019, 356.79813390000345, 356.79813390000345, 356.7977602000028, 356.7977602000028, 353.59553330000927, 353.59553330000927, 350.3934491000109, 350.3934491000109, 350.392980900011, 350.392980900011, 347.19064310000977, 347.19064310000977, 347.1902803000121, 347.1902803000121, 343.98767080000835, 343.98767080000835, 343.9872818000076, 343.9872818000076, 343.9868697000056, 343.9868697000056, 338.38420630000473, 338.38420630000473, 332.7820221000002, 332.7820221000002, 332.7815513000023, 332.7815513000023, 332.77886520000175, 332.77886520000175, 332.77846839999984, 332.77846839999984, 332.7760696999976, 332.7760696999976, 332.7756976000019, 332.7756976000019, 332.7744576999976, 332.7744576999976, 332.77142900000035, 332.77142900000035, 332.7673940999957, 332.7673940999957, 332.76705799999763, 332.76705799999763, 332.7647835000025, 332.7647835000025, 332.7644904999979, 332.7644904999979, 332.760311500002, 332.760311500002, 332.75149059999967, 332.75149059999967, 332.74894979999954, 332.74894979999954, 332.7442693999983, 332.7442693999983, 332.7414562999984, 332.7414562999984, 332.73481719999836, 332.73481719999836, 332.73216530000354, 332.73216530000354, 332.6779336000036, 332.6779336000036, 332.67516360000445, 332.67516360000445, 332.60025500000484, 332.60025500000484, 332.59741940000094, 332.59741940000094, 331.4572235999949, 331.4572235999949, 330.93996779999725, 330.93996779999725, 329.8444581999938, 329.8444581999938, 328.8237819999922, 328.8237819999922], "b_time_left": [360, 359.9990572999959, 359.9990572999959, 349.992834699995, 349.992834699995, 349.5068953999944, 349.5068953999944, 339.5065611999962, 339.5065611999962, 329.50479749999795, 329.50479749999795, 319.4977205999967, 319.4977205999967, 309.46141189999616, 309.46141189999616, 299.4472251999978, 299.4472251999978, 289.4427782999919, 289.4427782999919, 279.44157819999236, 279.44157819999236, 278.6040320999891, 278.6040320999891, 268.6037058999864, 268.6037058999864, 258.60303299998486, 258.60303299998486, 248.6025444999832, 248.6025444999832, 238.60161629998765, 238.60161629998765, 228.60117289998743, 228.60117289998743, 218.59990269999253, 218.59990269999253, 218.1583377999923, 218.1583377999923, 217.66643669999758, 217.66643669999758, 208.46582439999474, 208.46582439999474, 199.24260859999777, 199.24260859999777, 190.01984169999923, 190.01984169999923, 183.74673049999546, 183.74673049999546, 183.52977649999957, 183.52977649999957, 183.17789959999936, 183.17789959999936, 183.07040440000128, 183.07040440000128, 182.4109804999971, 182.4109804999971, 182.3095125999971, 182.3095125999971, 182.26495419999992, 182.26495419999992, 182.15643500000442, 182.15643500000442, 181.99611750000622, 181.99611750000622, 181.89542500000243, 181.89542500000243, 181.53239079999912, 181.53239079999912, 181.4182839999994, 181.4182839999994, 180.7163675999982, 180.7163675999982, 179.95122830000037, 179.95122830000037, 179.94040540000424, 179.94040540000424, 164.93953790000523, 164.93953790000523, 149.93932530000893, 149.93932530000893, 134.9524026000072], "a_moves_left": [39, 39, 38, 38, 37, 37, 36, 36, 35, 35, 34, 34, 33, 33, 32, 32, 31, 31, 30, 30, 29, 29, 28, 28, 27, 27, 26, 26, 25, 25, 24, 24, 23, 23, 22, 22, 21, 21, 20, 20, 19, 19, 18, 18, 17, 17, 16, 16, 15, 15, 14, 14, 13, 13, 12, 12, 11, 11, 10, 10, 9, 9, 8, 8, 7, 7, 6, 6, 5, 5, 4, 4, 3, 3, 2, 2, 1, 1, 0, 0], "b_moves_left": [40, 39, 39, 38, 38, 37, 37, 36, 36, 35, 35, 34, 34, 33, 33, 32, 32, 31, 31, 30, 30, 29, 29, 28, 28, 27, 27, 26, 26, 25, 25, 24, 24, 23, 23, 22, 22, 21, 21, 20, 20, 19, 19, 18, 18, 17, 17, 16, 16, 15, 15, 14, 14, 13, 13, 12, 12, 11, 11, 10, 10, 9, 9, 8, 8, 7, 7, 6, 6, 5, 5, 4, 4, 3, 3, 2, 2, 1, 1, 0], "trapdoor_triggered": [0, 0, 0, 0, 0, 0, 0, 0, 0, 0, 0, 0, 0, 0, 0, 0, 0, 0, 0, 0, 0, 0, 0, 0, 0, 0, 0, 0, 0, 0, 0, 0, 0, 0, 0, 0, 0, 0, 0, 0, 0, 0, 0, 0, 0, 0, 0, 0, 0, 0, 0, 0, 0, 0, 0, 0, 0, 0, 0, 0, 0, 0, 0, 0, 0, 0, 0, 0, 0, 0, 0, 0, 0, 0, 0, 0, 0, 0, 0, 0], "left_behind": ["egg", "egg", "plain", "turd", "egg", "egg", "plain", "turd", "plain", "egg", "plain", "turd", "egg", "egg", "plain", "plain", "egg", "egg", "plain", "plain", "egg", "egg", "plain", "plain", "plain", "egg", "plain", "plain", "egg", "egg", "turd", "plain", "egg", "egg", "turd", "turd", "egg", "egg", "plain", "plain", "plain", "egg", "plain", "plain", "egg", "egg", "turd", "turd", "egg", "egg", "plain", "plain", "plain", "egg", "plain", "plain", "plain", "plain", "plain", "plain", "plain", "plain", "plain", "plain", "plain", "plain", "plain", "plain", "plain", "egg", "plain", "plain", "plain", "egg", "turd", "plain", "plain", "egg", "turd", "plain"], "errlog_a": "", "errlog_b": "", "start_time": 360, "start_moves": 40, "turn_count": 80, "result": 1, "reason": "EGGS_LAID", "trapdoors": [[3, 5], [4, 5]], "spawn_a": [7, 1], "spawn_b": [0, 1]}