{"pos": [[0, 1], [6, 2], [1, 1], [6, 1], [1, 0], [5, 1], [2, 0], [4, 1], [2, 1], [3, 1], [2, 2], [2, 1], [1, 2], [3, 1], [1, 3], [3, 0], [1, 2], [4, 0], [1, 1], [5, 0], [0, 1], [6, 0], [0, 0], [7, 0], [1, 0], [6, 0], [1, 1], [5, 0], [1, 0], [5, 1], [1, 1], [5, 2], [0, 1], [4, 2], [0, 0], [4, 3], [1, 0], [5, 3], [1, 1], [5, 4], [0, 1], [6, 4], [0, 0], [6, 5]], "a_eggs_laid": [1, 1, 1, 1, 2, 2, 2, 2, 3, 3, 3, 3, 4, 4, 4, 4, 5, 5, 5, 5, 5, 5, 5, 5, 8, 8, 8, 8, 8, 8, 8, 8, 8, 8, 8, 8, 8, 8, 8, 8, 8, 8, 8, 8], "b_eggs_laid": [0, 1, 1, 1, 1, 2, 2, 2, 2, 3, 3, 3, 3, 4, 4, 4, 4, 5, 5, 5, 5, 6, 6, 6, 6, 9, 9, 9, 9, 9, 9, 9, 9, 10, 10, 10, 10, 11, 11, 11, 11, 12, 12, 12], "a_turds_left": [5, 5, 5, 5, 5, 5, 5, 5, 5, 5, 5, 5, 5, 5, 4, 4, 4, 4, 4, 4, 4, 4, 4, 4, 4, 4, 4, 4, 4, 4, 4, 4, 4, 4, 4, 4, 4, 4, 4, 4, 4, 4, 4, 4], "b_turds_left": [5, 5, 5, 4, 4, 4, 4, 4, 4, 4, 4, 3, 3, 3, 3, 3, 3, 3, 3, 3, 3, 3, 3, 3, 3, 3, 3, 3, 3, 3, 3, 3, 3, 3, 3, 2, 2, 2, 2, 1, 1, 1, 1, 0], "a_time_left": [359.99916959999973, 359.99916959999973, 357.873328499998, 357.873328499998, 357.87269629999355, 357.87269629999355, 355.74645579999196, 355.74645579999196, 355.74558719999186, 355.74558719999186, 355.73765619999176, 355.73765619999176, 355.73696569999447, 355.73696569999447, 353.6112744999991, 353.6112744999991, 353.61033089999546, 353.61033089999546, 353.60980309999286, 353.60980309999286, 349.35923479999474, 349.35923479999474, 345.1081950999942, 345.1081950999942, 345.1072150999971, 345.1072150999971, 345.10644519999914, 345.10644519999914, 340.8553303000008, 340.8553303000008, 340.85421390000556, 340.85421390000556, 336.6036202000032, 336.6036202000032, 336.6025381000072, 336.6025381000072, 332.35180040000705, 332.35180040000705, 332.3510832000102, 332.3510832000102, 328.10047160000977, 328.10047160000977, 328.09981680000783, 328.09981680000783], "b_time_left": [360, 359.99876049999875, 359.99876049999875, 349.9945931999973, 349.9945931999973, 340.1382503999994, 340.1382503999994, 330.13792799999646, 330.13792799999646, 320.1272108999983, 320.1272108999983, 310.2506745999999, 310.2506745999999, 310.16857080000045, 310.16857080000045, 300.1675118999992, 300.1675118999992, 300.07189780000044, 300.07189780000044, 290.0715784999993, 290.0715784999993, 280.0713526999971, 280.0713526999971, 270.0711882999967, 270.0711882999967, 269.78304619999835, 269.78304619999835, 269.74130460000015, 269.74130460000015, 269.6012683000008, 269.6012683000008, 269.06532299999526, 269.06532299999526, 269.0581047999949, 269.0581047999949, 268.4813850999926, 268.4813850999926, 268.41230299999006, 268.41230299999006, 267.63116319999244, 267.63116319999244, 267.626930099992, 267.626930099992, 266.01214429999527], "a_moves_left": [39, 39, 38, 38, 37, 37, 36, 36, 35, 35, 34, 34, 33, 33, 32, 32, 31, 31, 30, 30, 29, 29, 28, 28, 27, 27, 26, 26, 25, 25, 24, 24, 23, 23, 22, 22, 21, 21, 20, 20, 19, 19, 18, 18], "b_moves_left": [40, 39, 39, 38, 38, 37, 37, 36, 36, 35, 35, 34, 34, 33, 33, 32, 32, 31, 31, 30, 30, 29, 29, 28, 28, 27, 27, 26, 26, 25, 25, 24, 24, 23, 23, 22, 22, 21, 21, 20, 20, 19, 19, 18], "trapdoor_triggered": [0, 0, 0, 0, 0, 0, 0, 0, 0, 0, 0, 0, 0, 0, 0, 0, 0, 0, 0, 0, 0, 0, 0, 0, 0, 0, 0, 0, 0, 0, 0, 0, 0, 0, 0, 0, 0, 0, 0, 0, 0, 0, 0, 0], "left_behind": ["egg", "egg", "plain", "turd", "egg", "egg", "plain", "plain", "egg", "egg", "plain", "turd", "egg", "egg", "turd", "plain", "egg", "egg", "plain", "plain", "plain", "egg", "plain", "plain", "egg", "egg", "plain", "plain", "plain", "plain", "plain", "plain", "plain", "egg", "plain", "turd", "plain", "egg", "plain", "turd", "plain", "egg", "plain", "turd"], "errlog_a": "Timeout", "errlog_b": "", "start_time": 360, "start_moves": 40, "turn_count": 44, "result": 1, "reason": "CODE_CRASH", "trapdoors": [[5, 5], [3, 2]], "spawn_a": [0, 2], "spawn_b": [7, 2]}