{"pos": [[0, 5], [6, 6], [0, 4], [6, 5], [0, 3], [6, 4], [1, 3], [6, 3], [1, 2], [6, 2], [0, 2], [7, 2], [0, 1], [7, 1], [1, 1], [7, 0], [1, 0], [6, 0], [2, 0], [5, 0], [3, 0], [4, 0], [3, 1], [4, 1], [3, 0], [5, 1], [4, 0], [6, 1], [3, 0], [5, 1], [3, 1], [5, 2], [2, 1], [4, 2], [0, 6], [3, 2], [1, 6], [3, 3], [2, 6], [7, 6], [2, 5], [7, 7], [1, 5], [6, 7], [1, 4], [5, 7], [2, 4], [5, 6], [2, 3], [5, 5], [3, 3], [5, 4], [2, 3], [4, 4], [0, 6], [7, 6], [0, 5], [7, 5], [0, 4], [7, 4], [0, 3], [7, 3], [0, 2], [7, 2], [0, 3], [6, 2], [1, 3], [6, 1], [0, 3], [7, 1], [0, 2], [7, 0], [0, 1], [6, 0], [0, 0], [5, 0], [1, 0], [5, 1], [2, 0], [6, 1]], "a_eggs_laid": [1, 1, 1, 1, 2, 2, 2, 2, 3, 3, 3, 3, 4, 4, 4, 4, 5, 5, 5, 5, 6, 6, 6, 6, 7, 7, 7, 7, 8, 8, 8, 8, 8, 8, 8, 8, 8, 8, 8, 8, 13, 13, 13, 13, 14, 14, 14, 14, 15, 15, 15, 15, 16, 16, 16, 16, 20, 20, 20, 20, 20, 20, 20, 20, 20, 20, 20, 20, 20, 20, 20, 20, 20, 20, 20, 20, 23, 23, 23, 23], "b_eggs_laid": [0, 1, 1, 1, 1, 2, 2, 2, 2, 3, 3, 3, 3, 4, 4, 4, 4, 7, 7, 7, 7, 8, 8, 8, 8, 9, 9, 9, 9, 10, 10, 10, 10, 11, 11, 15, 15, 16, 16, 16, 16, 16, 16, 16, 16, 17, 17, 17, 17, 18, 18, 18, 18, 19, 19, 23, 23, 23, 23, 23, 23, 24, 24, 24, 24, 24, 24, 24, 24, 24, 24, 24, 24, 24, 24, 24, 24, 24, 24, 24], "a_turds_left": [5, 5, 5, 5, 5, 5, 5, 5, 5, 5, 5, 5, 5, 5, 5, 5, 5, 5, 5, 5, 5, 5, 5, 5, 5, 5, 5, 5, 5, 5, 4, 4, 4, 4, 3, 3, 3, 3, 2, 2, 2, 2, 1, 1, 1, 1, 0, 0, 0, 0, 0, 0, 0, 0, 0, 0, 0, 0, 0, 0, 0, 0, 0, 0, 0, 0, 0, 0, 0, 0, 0, 0, 0, 0, 0, 0, 0, 0, 0, 0], "b_turds_left": [5, 5, 5, 4, 4, 4, 4, 3, 3, 3, 3, 2, 2, 2, 2, 2, 2, 2, 2, 2, 2, 2, 2, 2, 2, 2, 2, 2, 2, 2, 2, 1, 1, 1, 1, 0, 0, 0, 0, 0, 0, 0, 0, 0, 0, 0, 0, 0, 0, 0, 0, 0, 0, 0, 0, 0, 0, 0, 0, 0, 0, 0, 0, 0, 0, 0, 0, 0, 0, 0, 0, 0, 0, 0, 0, 0, 0, 0, 0, 0], "a_time_left": [359.99739929999487, 359.99739929999487, 359.9942239999946, 359.9942239999946, 359.9914199999912, 359.9914199999912, 359.98853569998755, 359.98853569998755, 359.98431749999145, 359.98431749999145, 359.98115079999116, 359.98115079999116, 359.9766877999864, 359.9766877999864, 357.9698146999872, 357.9698146999872, 357.96562159998575, 357.96562159998575, 355.9623673999813, 355.9623673999813, 355.9565418999846, 355.9565418999846, 355.4857517999844, 355.4857517999844, 355.4835078999822, 355.4835078999822, 351.4807186999824, 351.4807186999824, 351.4774639999887, 351.4774639999887, 351.47166709999146, 351.47166709999146, 347.46753599999647, 347.46753599999647, 343.46503929999744, 343.46503929999744, 339.4636385999984, 339.4636385999984, 335.46132639999996, 335.46132639999996, 335.45769279999513, 335.45769279999513, 335.4543200999906, 335.4543200999906, 335.4507262999905, 335.4507262999905, 331.44615109998995, 331.44615109998995, 331.44402229999105, 331.44402229999105, 326.6408421999877, 326.6408421999877, 326.6387714999946, 326.6387714999946, 320.6348815999954, 320.6348815999954, 315.8319252999936, 315.8319252999936, 315.8296562999967, 315.8296562999967, 311.02639839999756, 311.02639839999756, 311.0236447999923, 311.0236447999923, 311.0216223999887, 311.0216223999887, 311.0192074999868, 311.0192074999868, 311.01757229998475, 311.01757229998475, 311.0151353999827, 311.0151353999827, 311.0131303999806, 311.0131303999806, 306.21013139998104, 306.21013139998104, 306.20836939998117, 306.20836939998117, 306.2062568999827, 306.2062568999827], "b_time_left": [360, 359.9991308000026, 359.9991308000026, 349.9855841000026, 349.9855841000026, 339.9844008000073, 339.9844008000073, 330.4472753000082, 330.4472753000082, 320.4469708000106, 320.4469708000106, 310.43781420000596, 310.43781420000596, 300.4334072000056, 300.4334072000056, 290.6940384000045, 290.6940384000045, 280.69351350000215, 280.69351350000215, 271.3175554000045, 271.3175554000045, 261.3172287000052, 261.3172287000052, 251.85809420000442, 251.85809420000442, 241.8572386000087, 241.8572386000087, 239.70995230001427, 239.70995230001427, 239.70128380000824, 239.70128380000824, 229.651855300006, 229.651855300006, 219.6514959000051, 219.6514959000051, 209.6510369000025, 209.6510369000025, 199.6501611000058, 199.6501611000058, 189.94449970000278, 189.94449970000278, 179.94374030000472, 179.94374030000472, 170.21283390000463, 170.21283390000463, 160.20120850000967, 160.20120850000967, 150.20063190001383, 150.20063190001383, 140.2002185000165, 140.2002185000165, 130.19812980001734, 130.19812980001734, 120.84846430001926, 120.84846430001926, 110.84806980002031, 110.84806980002031, 110.58950710001955, 110.58950710001955, 109.66952580002544, 109.66952580002544, 109.63679100002628, 109.63679100002628, 109.53832890003105, 109.53832890003105, 109.39556040002935, 109.39556040002935, 109.29708190003294, 109.29708190003294, 109.13792210003157, 109.13792210003157, 109.03475800003798, 109.03475800003798, 108.74089860003733, 108.74089860003733, 108.73743800004013, 108.73743800004013, 108.61844940004084, 108.61844940004084, 108.52373320003971], "a_moves_left": [39, 39, 38, 38, 37, 37, 36, 36, 35, 35, 34, 34, 33, 33, 32, 32, 31, 31, 30, 30, 29, 29, 28, 28, 27, 27, 26, 26, 25, 25, 24, 24, 23, 23, 22, 22, 21, 21, 20, 20, 19, 19, 18, 18, 17, 17, 16, 16, 15, 15, 14, 14, 13, 13, 12, 12, 11, 11, 10, 10, 9, 9, 8, 8, 7, 7, 6, 6, 5, 5, 4, 4, 3, 3, 2, 2, 1, 1, 0, 0], "b_moves_left": [40, 39, 39, 38, 38, 37, 37, 36, 36, 35, 35, 34, 34, 33, 33, 32, 32, 31, 31, 30, 30, 29, 29, 28, 28, 27, 27, 26, 26, 25, 25, 24, 24, 23, 23, 22, 22, 21, 21, 20, 20, 19, 19, 18, 18, 17, 17, 16, 16, 15, 15, 14, 14, 13, 13, 12, 12, 11, 11, 10, 10, 9, 9, 8, 8, 7, 7, 6, 6, 5, 5, 4, 4, 3, 3, 2, 2, 1, 1, 0], "trapdoor_triggered": [0, 0, 0, 0, 0, 0, 0, 0, 0, 0, 0, 0, 0, 0, 0, 0, 0, 0, 0, 0, 0, 0, 0, 0, 0, 0, 0, 0, 0, 0, 0, 0, 0, 0, 1, 0, 0, 0, 0, 1, 0, 0, 0, 0, 0, 0, 0, 0, 0, 0, 0, 0, 0, 0, 1, 1, 0, 0, 0, 0, 0, 0, 0, 0, 0, 0, 0, 0, 0, 0, 0, 0, 0, 0, 0, 0, 0, 0, 0, 0], "left_behind": ["egg", "egg", "plain", "turd", "egg", "egg", "plain", "turd", "egg", "egg", "plain", "turd", "egg", "egg", "plain", "plain", "egg", "egg", "plain", "plain", "egg", "egg", "plain", "plain", "egg", "egg", "plain", "plain", "egg", "egg", "turd", "turd", "plain", "egg", "turd", "turd", "plain", "egg", "turd", "plain", "egg", "plain", "turd", "plain", "egg", "egg", "turd", "plain", "egg", "egg", "plain", "plain", "egg", "egg", "plain", "plain", "plain", "plain", "plain", "plain", "plain", "egg", "plain", "plain", "plain", "plain", "plain", "plain", "plain", "plain", "plain", "plain", "plain", "plain", "plain", "plain", "egg", "plain", "plain", "plain"], "errlog_a": "", "errlog_b": "", "start_time": 360, "start_moves": 40, "turn_count": 80, "result": 1, "reason": "EGGS_LAID", "trapdoors": [[2, 2], [3, 4]], "spawn_a": [0, 6], "spawn_b": [7, 6]}