{"pos": [[6, 3], [0, 2], [6, 2], [0, 1], [5, 2], [0, 0], [5, 1], [1, 0], [5, 0], [1, 1], [6, 0], [2, 1], [6, 1], [3, 1], [7, 1], [4, 1], [7, 2], [3, 1], [7, 1], [3, 2], [6, 1], [3, 1], [6, 0], [3, 0], [5, 0], [2, 0], [4, 0], [1, 0], [5, 0], [2, 0], [4, 0], [2, 1], [5, 0], [0, 3], [5, 1], [0, 4], [6, 1], [0, 5], [6, 0], [1, 5], [5, 0], [1, 6], [4, 0], [1, 7], [5, 0], [2, 7], [5, 1], [2, 6], [6, 1], [2, 5], [6, 0], [2, 4], [5, 0], [1, 4], [4, 0], [1, 3], [5, 0], [2, 3], [5, 1], [0, 3], [6, 1], [0, 2], [6, 0], [1, 2], [5, 0], [1, 3], [5, 1], [2, 3], [6, 1], [2, 4], [6, 0], [3, 4], [5, 0], [3, 3], [6, 0], [4, 3], [6, 1], [3, 3], [6, 0], [3, 2]], "a_eggs_laid": [1, 1, 1, 1, 2, 2, 2, 2, 3, 3, 3, 3, 4, 4, 4, 4, 5, 5, 5, 5, 5, 5, 5, 5, 5, 5, 5, 5, 6, 6, 6, 6, 6, 6, 10, 10, 10, 10, 10, 10, 10, 10, 10, 10, 10, 10, 10, 10, 10, 10, 10, 10, 10, 10, 10, 10, 10, 10, 10, 10, 14, 14, 14, 14, 14, 14, 14, 14, 14, 14, 14, 14, 14, 14, 14, 14, 14, 14, 14, 14], "b_eggs_laid": [0, 1, 1, 1, 1, 2, 2, 2, 2, 3, 3, 3, 3, 4, 4, 4, 4, 5, 5, 5, 5, 6, 6, 6, 6, 7, 7, 7, 7, 7, 7, 7, 7, 7, 7, 7, 7, 7, 7, 8, 8, 8, 8, 9, 9, 9, 9, 10, 10, 10, 10, 11, 11, 11, 11, 12, 12, 12, 12, 13, 13, 13, 13, 13, 13, 14, 14, 14, 14, 14, 14, 14, 14, 15, 15, 15, 15, 16, 16, 16], "a_turds_left": [5, 5, 4, 4, 4, 4, 3, 3, 3, 3, 2, 2, 2, 2, 2, 2, 2, 2, 2, 2, 2, 2, 2, 2, 2, 2, 2, 2, 2, 2, 2, 2, 2, 2, 2, 2, 2, 2, 2, 2, 2, 2, 2, 2, 2, 2, 2, 2, 2, 2, 2, 2, 2, 2, 2, 2, 2, 2, 2, 2, 2, 2, 2, 2, 2, 2, 2, 2, 2, 2, 2, 2, 2, 2, 2, 2, 2, 2, 2, 2], "b_turds_left": [5, 5, 5, 5, 5, 5, 5, 4, 4, 4, 4, 3, 3, 3, 3, 2, 2, 2, 2, 2, 2, 2, 2, 2, 2, 2, 2, 1, 1, 1, 1, 1, 1, 1, 1, 1, 1, 0, 0, 0, 0, 0, 0, 0, 0, 0, 0, 0, 0, 0, 0, 0, 0, 0, 0, 0, 0, 0, 0, 0, 0, 0, 0, 0, 0, 0, 0, 0, 0, 0, 0, 0, 0, 0, 0, 0, 0, 0, 0, 0], "a_time_left": [359.99955180007964, 359.99955180007964, 356.5980976000428, 356.5980976000428, 356.5977724001277, 356.5977724001277, 353.19682520022616, 353.19682520022616, 353.19654160016216, 353.19654160016216, 349.79581550019793, 349.79581550019793, 349.7955628002528, 349.7955628002528, 346.3947906002868, 346.3947906002868, 346.39455810026266, 346.39455810026266, 346.3941127003636, 346.3941127003636, 341.2935057003051, 341.2935057003051, 341.292972500436, 341.292972500436, 336.1923486003652, 336.1923486003652, 331.0917871003039, 331.0917871003039, 325.99129280028865, 325.99129280028865, 325.99081980017945, 325.99081980017945, 325.99019390018657, 325.99019390018657, 325.9897273001261, 325.9897273001261, 320.889173500007, 320.889173500007, 320.88877109996974, 320.88877109996974, 315.78814830002375, 315.78814830002375, 315.787504900014, 315.787504900014, 315.78687429986894, 315.78687429986894, 315.78643259988166, 315.78643259988166, 310.68587070005015, 310.68587070005015, 310.68546679988503, 310.68546679988503, 303.8846662999131, 303.8846662999131, 303.8842468999792, 303.8842468999792, 303.8837560999673, 303.8837560999673, 303.8833370998036, 303.8833370998036, 297.0827441997826, 297.0827441997826, 297.0823123997543, 297.0823123997543, 290.28172619990073, 290.28172619990073, 290.28126949979924, 290.28126949979924, 283.4806528997142, 283.4806528997142, 283.4801972997375, 283.4801972997375, 276.67953229974955, 276.67953229974955, 276.6790478997864, 276.6790478997864, 269.8785869998392, 269.8785869998392, 269.8781641998794, 269.8781641998794], "b_time_left": [360, 359.9996209999081, 359.9996209999081, 356.5982201998122, 356.5982201998122, 356.59787309984677, 356.59787309984677, 353.1970073999837, 353.1970073999837, 353.19677420007065, 353.19677420007065, 349.79601279995404, 349.79601279995404, 349.7956448998302, 349.7956448998302, 346.39500349992886, 346.39500349992886, 346.39474809984677, 346.39474809984677, 342.9940675997641, 342.9940675997641, 342.99383949977346, 342.99383949977346, 337.8928594996687, 337.8928594996687, 337.89171529957093, 337.89171529957093, 337.89115949952975, 337.89115949952975, 337.8904207996093, 337.8904207996093, 337.88985339947976, 337.88985339947976, 332.7890705994796, 332.7890705994796, 327.6882092994638, 327.6882092994638, 322.58751149941236, 322.58751149941236, 317.4863708994817, 317.4863708994817, 312.3858396995347, 312.3858396995347, 307.2851853996981, 307.2851853996981, 302.1845187996514, 302.1845187996514, 297.0835477996152, 297.0835477996152, 291.9826353995595, 291.9826353995595, 285.18104629963636, 285.18104629963636, 278.3805435996037, 278.3805435996037, 271.5800505997613, 271.5800505997613, 264.7795631997287, 264.7795631997287, 257.97883329959586, 257.97883329959586, 251.1774596995674, 251.1774596995674, 244.3766580997035, 244.3766580997035, 237.57596699986607, 237.57596699986607, 237.57557019987144, 237.57557019987144, 230.77510749991052, 230.77510749991052, 223.97415659972467, 223.97415659972467, 217.1736285998486, 217.1736285998486, 210.37308759987354, 210.37308759987354, 210.37238339986652, 210.37238339986652, 210.3719500999432], "a_moves_left": [39, 39, 38, 38, 37, 37, 36, 36, 35, 35, 34, 34, 33, 33, 32, 32, 31, 31, 30, 30, 29, 29, 28, 28, 27, 27, 26, 26, 25, 25, 24, 24, 23, 23, 22, 22, 21, 21, 20, 20, 19, 19, 18, 18, 17, 17, 16, 16, 15, 15, 14, 14, 13, 13, 12, 12, 11, 11, 10, 10, 9, 9, 8, 8, 7, 7, 6, 6, 5, 5, 4, 4, 3, 3, 2, 2, 1, 1, 0, 0], "b_moves_left": [40, 39, 39, 38, 38, 37, 37, 36, 36, 35, 35, 34, 34, 33, 33, 32, 32, 31, 31, 30, 30, 29, 29, 28, 28, 27, 27, 26, 26, 25, 25, 24, 24, 23, 23, 22, 22, 21, 21, 20, 20, 19, 19, 18, 18, 17, 17, 16, 16, 15, 15, 14, 14, 13, 13, 12, 12, 11, 11, 10, 10, 9, 9, 8, 8, 7, 7, 6, 6, 5, 5, 4, 4, 3, 3, 2, 2, 1, 1, 0], "trapdoor_triggered": [0, 0, 0, 0, 0, 0, 0, 0, 0, 0, 0, 0, 0, 0, 0, 0, 0, 0, 0, 0, 0, 0, 0, 0, 0, 0, 0, 0, 0, 0, 0, 0, 0, 1, 0, 0, 0, 0, 0, 0, 0, 0, 0, 0, 0, 0, 0, 0, 0, 0, 0, 0, 0, 0, 0, 0, 0, 0, 0, 1, 0, 0, 0, 0, 0, 0, 0, 0, 0, 0, 0, 0, 0, 0, 0, 0, 0, 0, 0, 0], "left_behind": ["egg", "egg", "turd", "plain", "egg", "egg", "turd", "turd", "egg", "egg", "turd", "turd", "egg", "egg", "plain", "turd", "egg", "egg", "plain", "plain", "plain", "egg", "plain", "plain", "plain", "egg", "plain", "turd", "egg", "plain", "plain", "plain", "plain", "plain", "plain", "plain", "plain", "turd", "plain", "egg", "plain", "plain", "plain", "egg", "plain", "plain", "plain", "egg", "plain", "plain", "plain", "egg", "plain", "plain", "plain", "egg", "plain", "plain", "plain", "egg", "plain", "plain", "plain", "plain", "plain", "egg", "plain", "plain", "plain", "plain", "plain", "plain", "plain", "egg", "plain", "plain", "plain", "egg", "plain", "plain"], "errlog_a": "", "errlog_b": "", "start_time": 360, "start_moves": 40, "turn_count": 80, "result": 1, "reason": "EGGS_LAID", "trapdoors": [[2, 2], [5, 4]], "spawn_a": [7, 3], "spawn_b": [0, 3]}