{"pos": [[0, 5], [6, 6], [0, 4], [5, 6], [0, 3], [4, 6], [1, 3], [4, 5], [1, 2], [4, 4], [2, 2], [7, 6], [2, 1], [7, 5], [3, 1], [7, 4], [3, 0], [6, 4], [4, 0], [5, 4], [5, 0], [5, 3], [5, 1], [5, 2], [5, 0], [6, 2], [6, 0], [6, 1], [7, 0], [6, 2], [7, 1], [6, 3], [7, 0], [6, 2], [7, 1], [7, 2], [7, 0], [7, 3], [7, 1], [7, 4], [7, 0], [6, 4], [7, 1], [6, 5], [7, 0], [6, 4], [7, 1], [6, 5], [7, 0], [6, 4], [7, 1], [6, 5], [7, 0], [6, 4], [7, 1], [6, 3], [7, 0], [5, 3], [7, 1], [7, 6], [7, 0], [7, 7], [7, 1], [6, 7], [7, 0], [5, 7], [7, 1], [4, 7], [7, 0], [3, 7], [7, 1], [3, 6], [7, 0], [3, 5], [7, 1], [2, 5], [7, 0], [3, 5], [7, 1], [3, 4]], "a_eggs_laid": [1, 1, 1, 1, 2, 2, 2, 2, 3, 3, 3, 3, 8, 8, 8, 8, 9, 9, 9, 9, 10, 10, 10, 10, 11, 11, 11, 11, 12, 12, 12, 12, 13, 13, 13, 13, 13, 13, 13, 13, 13, 13, 13, 13, 13, 13, 13, 13, 13, 13, 13, 13, 13, 13, 13, 13, 13, 13, 13, 13, 17, 17, 17, 17, 17, 17, 17, 17, 17, 17, 17, 17, 17, 17, 17, 17, 17, 17, 17, 17], "b_eggs_laid": [0, 1, 1, 1, 1, 2, 2, 2, 2, 3, 3, 3, 3, 3, 3, 3, 3, 4, 4, 4, 4, 5, 5, 5, 5, 6, 6, 6, 6, 7, 7, 7, 7, 8, 8, 8, 8, 9, 9, 9, 9, 9, 9, 9, 9, 10, 10, 10, 10, 10, 10, 10, 10, 10, 10, 10, 10, 10, 10, 10, 10, 10, 10, 10, 10, 11, 11, 11, 11, 12, 12, 12, 12, 13, 13, 13, 13, 14, 14, 14], "a_turds_left": [5, 5, 5, 5, 5, 5, 5, 5, 5, 5, 5, 5, 5, 5, 5, 5, 5, 5, 5, 5, 5, 5, 5, 5, 5, 5, 5, 5, 5, 5, 4, 4, 4, 4, 4, 4, 4, 4, 4, 4, 4, 4, 4, 4, 4, 4, 4, 4, 4, 4, 4, 4, 4, 4, 4, 4, 4, 4, 4, 4, 4, 4, 4, 4, 4, 4, 4, 4, 4, 4, 4, 4, 4, 4, 4, 4, 4, 4, 4, 4], "b_turds_left": [5, 5, 5, 4, 4, 4, 4, 3, 3, 3, 3, 2, 2, 2, 2, 1, 1, 1, 1, 1, 1, 1, 1, 1, 1, 1, 1, 1, 1, 1, 1, 1, 1, 1, 1, 0, 0, 0, 0, 0, 0, 0, 0, 0, 0, 0, 0, 0, 0, 0, 0, 0, 0, 0, 0, 0, 0, 0, 0, 0, 0, 0, 0, 0, 0, 0, 0, 0, 0, 0, 0, 0, 0, 0, 0, 0, 0, 0, 0, 0], "a_time_left": [359.9975942000019, 359.9975942000019, 359.99521000000095, 359.99521000000095, 359.9918828000009, 359.9918828000009, 359.99034550000215, 359.99034550000215, 359.98817370000324, 359.98817370000324, 357.9856154000008, 357.9856154000008, 357.9835217, 357.9835217, 355.9783970999997, 355.9783970999997, 355.9709165000022, 355.9709165000022, 353.9624010000043, 353.9624010000043, 353.92421120000654, 353.92421120000654, 349.9223450000063, 349.9223450000063, 349.9208576000092, 349.9208576000092, 345.9178099000128, 345.9178099000128, 345.9165505000128, 345.9165505000128, 341.9136952000117, 341.9136952000117, 341.9114596000145, 341.9114596000145, 341.90963060001377, 341.90963060001377, 341.90630720001354, 341.90630720001354, 341.9049020000166, 341.9049020000166, 341.90363030001026, 341.90363030001026, 341.9021277000138, 341.9021277000138, 341.9005590000161, 341.9005590000161, 341.8991655000136, 341.8991655000136, 341.8967037000184, 341.8967037000184, 341.8950797000216, 341.8950797000216, 341.8938525000267, 341.8938525000267, 341.8925469000242, 341.8925469000242, 341.8910554000249, 341.8910554000249, 341.8896004000271, 341.8896004000271, 341.88819360002526, 341.88819360002526, 341.8868000000293, 341.8868000000293, 341.8855724000314, 341.8855724000314, 341.8834546000289, 341.8834546000289, 341.8819586000245, 341.8819586000245, 341.8798714000295, 341.8798714000295, 341.8778234000274, 341.8778234000274, 341.8764470000315, 341.8764470000315, 341.8738300000332, 341.8738300000332, 341.87233040003775, 341.87233040003775], "b_time_left": [360, 356.4998504999967, 356.4998504999967, 352.9994610999929, 352.9994610999929, 349.49927179999213, 349.49927179999213, 345.99905579999177, 345.99905579999177, 342.4988500999898, 342.4988500999898, 338.9987761999946, 338.9987761999946, 335.49863009999535, 335.49863009999535, 331.99788850000186, 331.99788850000186, 328.497426599999, 328.497426599999, 324.9854861999993, 324.9854861999993, 320.26148490000196, 320.26148490000196, 315.26139080000576, 315.26139080000576, 310.26120380000793, 310.26120380000793, 305.2611232000054, 305.2611232000054, 300.2608098000055, 300.2608098000055, 295.22105340000417, 295.22105340000417, 295.12358920000406, 295.12358920000406, 295.04763520000415, 295.04763520000415, 295.0314756000007, 295.0314756000007, 295.0237627999959, 295.0237627999959, 295.01302409999334, 295.01302409999334, 295.0051914999931, 295.0051914999931, 294.9809921999913, 294.9809921999913, 294.97327979998954, 294.97327979998954, 294.96847499998694, 294.96847499998694, 294.9670253999866, 294.9670253999866, 294.9635455999887, 294.9635455999887, 294.960769399986, 294.960769399986, 294.9427947999866, 294.9427947999866, 294.93469769998774, 294.93469769998774, 294.92322259998764, 294.92322259998764, 294.9157792999904, 294.9157792999904, 294.88942129999486, 294.88942129999486, 294.8813339999979, 294.8813339999979, 294.841677299999, 294.841677299999, 294.82807409999805, 294.82807409999805, 294.7915607000032, 294.7915607000032, 294.7714668999979, 294.7714668999979, 294.71085189999576, 294.71085189999576, 294.7031122999979], "a_moves_left": [39, 39, 38, 38, 37, 37, 36, 36, 35, 35, 34, 34, 33, 33, 32, 32, 31, 31, 30, 30, 29, 29, 28, 28, 27, 27, 26, 26, 25, 25, 24, 24, 23, 23, 22, 22, 21, 21, 20, 20, 19, 19, 18, 18, 17, 17, 16, 16, 15, 15, 14, 14, 13, 13, 12, 12, 11, 11, 10, 10, 9, 9, 8, 8, 7, 7, 6, 6, 5, 5, 4, 4, 3, 3, 2, 2, 1, 1, 0, 0], "b_moves_left": [40, 39, 39, 38, 38, 37, 37, 36, 36, 35, 35, 34, 34, 33, 33, 32, 32, 31, 31, 30, 30, 29, 29, 28, 28, 27, 27, 26, 26, 25, 25, 24, 24, 23, 23, 22, 22, 21, 21, 20, 20, 19, 19, 18, 18, 17, 17, 16, 16, 15, 15, 14, 14, 13, 13, 12, 12, 11, 11, 10, 10, 9, 9, 8, 8, 7, 7, 6, 6, 5, 5, 4, 4, 3, 3, 2, 2, 1, 1, 0], "trapdoor_triggered": [0, 0, 0, 0, 0, 0, 0, 0, 0, 0, 0, 1, 0, 0, 0, 0, 0, 0, 0, 0, 0, 0, 0, 0, 0, 0, 0, 0, 0, 0, 0, 0, 0, 0, 0, 0, 0, 0, 0, 0, 0, 0, 0, 0, 0, 0, 0, 0, 0, 0, 0, 0, 0, 0, 0, 0, 0, 0, 0, 1, 0, 0, 0, 0, 0, 0, 0, 0, 0, 0, 0, 0, 0, 0, 0, 0, 0, 0, 0, 0], "left_behind": ["egg", "egg", "plain", "turd", "egg", "egg", "plain", "turd", "egg", "egg", "plain", "turd", "egg", "plain", "plain", "turd", "egg", "egg", "plain", "plain", "egg", "egg", "plain", "plain", "egg", "egg", "plain", "plain", "egg", "egg", "turd", "plain", "egg", "egg", "plain", "turd", "plain", "egg", "plain", "plain", "plain", "plain", "plain", "plain", "plain", "egg", "plain", "plain", "plain", "plain", "plain", "plain", "plain", "plain", "plain", "plain", "plain", "plain", "plain", "plain", "plain", "plain", "plain", "plain", "plain", "egg", "plain", "plain", "plain", "egg", "plain", "plain", "plain", "egg", "plain", "plain", "plain", "egg", "plain", "plain"], "errlog_a": "", "errlog_b": "", "start_time": 360, "start_moves": 40, "turn_count": 80, "result": 0, "reason": "EGGS_LAID", "trapdoors": [[3, 3], [4, 3]], "spawn_a": [0, 6], "spawn_b": [7, 6]}