{"pos": [[6, 3], [1, 3], [6, 4], [2, 3], [5, 4], [2, 2], [6, 4], [3, 2], [6, 5], [3, 1], [7, 5], [3, 0], [7, 6], [2, 0], [6, 6], [2, 1], [5, 6], [1, 1], [4, 6], [1, 0], [4, 7], [2, 0], [3, 7], [3, 0], [3, 6], [4, 0], [3, 5], [4, 1], [3, 4], [5, 1], [2, 4], [5, 0], [2, 5], [6, 0], [2, 6], [6, 1], [3, 6], [7, 1], [4, 6], [7, 2], [4, 5], [7, 1], [4, 4], [7, 0], [3, 4], [6, 0], [3, 3], [6, 1], [7, 3], [7, 1], [7, 4], [7, 0], [6, 4], [6, 0], [6, 0]], "a_eggs_laid": [1, 1, 1, 1, 1, 1, 1, 1, 1, 1, 1, 1, 2, 2, 2, 2, 3, 3, 3, 3, 3, 3, 3, 3, 4, 4, 4, 4, 5, 5, 5, 5, 6, 6, 6, 6, 7, 7, 7, 7, 7, 7, 7, 7, 8, 8, 8, 8, 8, 8, 8, 8, 8, 8, 9], "b_eggs_laid": [0, 1, 1, 1, 1, 2, 2, 2, 2, 2, 2, 2, 2, 2, 2, 2, 2, 3, 3, 3, 3, 3, 3, 3, 3, 4, 4, 4, 4, 4, 4, 4, 4, 5, 5, 5, 5, 5, 5, 5, 5, 6, 6, 6, 6, 6, 6, 6, 6, 11, 11, 11, 11, 14, 14], "a_turds_left": [5, 5, 4, 4, 4, 4, 4, 4, 4, 4, 4, 4, 4, 4, 4, 4, 4, 4, 3, 3, 3, 3, 3, 3, 3, 3, 3, 3, 3, 3, 3, 3, 3, 3, 2, 2, 2, 2, 2, 2, 2, 2, 1, 1, 1, 1, 0, 0, 0, 0, 0, 0, 0, 0, 0], "b_turds_left": [5, 5, 5, 4, 4, 4, 4, 3, 3, 3, 3, 2, 2, 2, 2, 2, 2, 2, 2, 2, 2, 1, 1, 1, 1, 1, 1, 1, 1, 1, 1, 0, 0, 0, 0, 0, 0, 0, 0, 0, 0, 0, 0, 0, 0, 0, 0, 0, 0, 0, 0, 0, 0, 0, 0], "a_time_left": [356.5917694000527, 356.5917694000527, 353.16984240012243, 353.16984240012243, 349.75897900015116, 349.75897900015116, 346.3144457002636, 346.3144457002636, 342.9112860003952, 342.9112860003952, 339.4917828005273, 339.4917828005273, 336.0519697004929, 336.0519697004929, 332.625694000395, 332.625694000395, 329.21588830044493, 329.21588830044493, 325.78844020026736, 325.78844020026736, 320.6722554003354, 320.6722554003354, 315.5509922001511, 315.5509922001511, 310.43190890015103, 310.43190890015103, 305.33020850014873, 305.33020850014873, 300.22461400018074, 300.22461400018074, 295.1238114000298, 295.1238114000298, 290.02318020001985, 290.02318020001985, 284.92043319996446, 284.92043319996446, 279.81959700002335, 279.81959700002335, 274.71892370004207, 274.71892370004207, 269.6167341999244, 269.6167341999244, 264.5160461999476, 264.5160461999476, 259.4152883000206, 259.4152883000206, 254.31466439994983, 254.31466439994983, 249.21342090005055, 249.21342090005055, 249.21070530009456, 249.21070530009456, 242.4094169999007, 242.4094169999007, 235.6082629999146], "b_time_left": [360, 356.5914618000388, 356.5914618000388, 353.18947220011614, 353.18947220011614, 349.78731669997796, 349.78731669997796, 346.34990879986435, 346.34990879986435, 342.89480429980904, 342.89480429980904, 339.4867197999265, 339.4867197999265, 336.08474299986847, 336.08474299986847, 332.6779223997146, 332.6779223997146, 329.2748116997536, 329.2748116997536, 325.86867829971015, 325.86867829971015, 320.7207172997296, 320.7207172997296, 315.6081418998074, 315.6081418998074, 310.50486669968814, 310.50486669968814, 305.395354999695, 305.395354999695, 300.29347619973123, 300.29347619973123, 295.1876714997925, 295.1876714997925, 290.0870296997018, 290.0870296997018, 284.9863031997811, 284.9863031997811, 279.88578319968656, 279.88578319968656, 274.78404159960337, 274.78404159960337, 269.68291299953125, 269.68291299953125, 264.582494699629, 264.582494699629, 259.4818552995566, 259.4818552995566, 254.38115069945343, 254.38115069945343, 249.27684159949422, 249.27684159949422, 242.47118049953133, 242.47118049953133, 235.66941389953718, 235.66941389953718], "a_moves_left": [39, 39, 38, 38, 37, 37, 36, 36, 35, 35, 34, 34, 33, 33, 32, 32, 31, 31, 30, 30, 29, 29, 28, 28, 27, 27, 26, 26, 25, 25, 24, 24, 23, 23, 22, 22, 21, 21, 20, 20, 19, 19, 18, 18, 17, 17, 16, 16, 15, 15, 14, 14, 13, 13, 12], "b_moves_left": [40, 39, 39, 38, 38, 37, 37, 36, 36, 35, 35, 34, 34, 33, 33, 32, 32, 31, 31, 30, 30, 29, 29, 28, 28, 27, 27, 26, 26, 25, 25, 24, 24, 23, 23, 22, 22, 21, 21, 20, 20, 19, 19, 18, 18, 17, 17, 16, 16, 15, 15, 14, 14, 13, 13], "trapdoor_triggered": [0, 0, 0, 0, 0, 0, 0, 0, 0, 0, 0, 0, 0, 0, 0, 0, 0, 0, 0, 0, 0, 0, 0, 0, 0, 0, 0, 0, 0, 0, 0, 0, 0, 0, 0, 0, 0, 0, 0, 0, 0, 0, 0, 0, 0, 0, 0, 0, 1, 0, 0, 0, 0, 0, 0, 0], "left_behind": ["egg", "egg", "turd", "turd", "plain", "egg", "plain", "turd", "plain", "plain", "plain", "turd", "egg", "plain", "plain", "plain", "egg", "egg", "turd", "plain", "plain", "turd", "plain", "plain", "egg", "egg", "plain", "plain", "egg", "plain", "plain", "turd", "egg", "egg", "turd", "plain", "egg", "plain", "plain", "plain", "plain", "egg", "turd", "plain", "egg", "plain", "turd", "plain", "plain", "egg", "plain", "plain", "plain", "egg", "egg"], "errlog_a": "", "errlog_b": "{moves}", "start_time": 360, "start_moves": 40, "turn_count": 55, "result": 0, "reason": "INVALID_TURN", "trapdoors": [[5, 3], [4, 3]], "spawn_a": [7, 3], "spawn_b": [0, 3]}