{"pos": [[1, 4], [6, 4], [1, 3], [6, 3], [2, 3], [5, 3], [2, 2], [5, 2], [3, 2], [4, 2], [2, 2], [3, 2], [1, 2], [3, 3], [0, 2], [2, 3], [0, 3], [2, 4], [1, 3], [1, 4], [0, 3], [1, 5], [0, 4], [0, 5], [0, 3], [0, 6], [0, 4], [1, 6], [0, 3], [2, 6], [0, 4], [3, 6], [0, 3], [4, 6], [0, 4], [5, 6], [0, 3], [5, 5], [1, 3], [6, 5], [1, 2], [6, 4], [2, 2], [6, 3], [2, 1], [6, 2], [3, 1], [7, 2], [4, 1], [7, 3], [5, 1], [6, 3], [6, 1], [6, 4], [6, 0], [6, 3], [6, 1], [6, 2], [5, 1], [6, 3], [6, 1], [6, 2], [6, 0], [6, 3], [6, 1], [6, 2], [6, 0], [5, 2], [6, 1], [5, 3], [5, 1], [5, 4], [4, 1], [5, 3], [4, 0], [5, 4], [5, 0], [5, 3], [5, 1], [5, 2]], "a_eggs_laid": [1, 1, 1, 1, 2, 2, 2, 2, 3, 3, 3, 3, 3, 3, 3, 3, 4, 4, 4, 4, 4, 4, 4, 4, 4, 4, 4, 4, 4, 4, 4, 4, 4, 4, 4, 4, 4, 4, 4, 4, 4, 4, 4, 4, 4, 4, 4, 4, 5, 5, 5, 5, 6, 6, 6, 6, 7, 7, 7, 7, 7, 7, 7, 7, 7, 7, 7, 7, 7, 7, 7, 7, 7, 7, 7, 7, 8, 8, 8, 8], "b_eggs_laid": [0, 1, 1, 1, 1, 2, 2, 2, 2, 3, 3, 3, 3, 4, 4, 4, 4, 5, 5, 5, 5, 6, 6, 6, 6, 7, 7, 7, 7, 8, 8, 8, 8, 9, 9, 9, 9, 10, 10, 10, 10, 11, 11, 11, 11, 11, 11, 11, 11, 12, 12, 12, 12, 12, 12, 12, 12, 12, 12, 12, 12, 12, 12, 12, 12, 12, 12, 12, 12, 12, 12, 12, 12, 13, 13, 13, 13, 13, 13, 13], "a_turds_left": [5, 5, 5, 5, 5, 5, 5, 5, 5, 5, 5, 5, 5, 5, 5, 5, 5, 5, 5, 5, 5, 5, 5, 5, 5, 5, 5, 5, 5, 5, 5, 5, 5, 5, 5, 5, 5, 5, 5, 5, 5, 5, 5, 5, 5, 5, 4, 4, 4, 4, 4, 4, 4, 4, 4, 4, 4, 4, 4, 4, 4, 4, 4, 4, 4, 4, 4, 4, 4, 4, 4, 4, 4, 4, 4, 4, 4, 4, 4, 4], "b_turds_left": [5, 5, 5, 5, 5, 5, 5, 5, 5, 5, 5, 5, 5, 5, 5, 5, 5, 5, 5, 5, 5, 5, 5, 5, 5, 5, 5, 5, 5, 5, 5, 5, 5, 5, 5, 5, 5, 5, 5, 5, 5, 5, 5, 5, 5, 5, 5, 5, 5, 5, 5, 5, 5, 5, 5, 5, 5, 5, 5, 5, 5, 5, 5, 5, 5, 5, 5, 5, 5, 5, 5, 5, 5, 5, 5, 5, 5, 5, 5, 5], "a_time_left": [359.99923070007935, 359.99923070007935, 356.5976795000024, 356.5976795000024, 356.59705099998973, 356.59705099998973, 353.1942787999287, 353.1942787999287, 353.19389399979264, 353.19389399979264, 353.1903373999521, 353.1903373999521, 353.1795808998868, 353.1795808998868, 349.7787895000074, 349.7787895000074, 349.7782469999511, 349.7782469999511, 349.7776975000743, 349.7776975000743, 349.77209000010043, 349.77209000010043, 349.77134020021185, 349.77134020021185, 349.7692641003523, 349.7692641003523, 349.76849790033884, 349.76849790033884, 344.66756460047327, 344.66756460047327, 344.6666029004846, 344.6666029004846, 339.5657041002996, 339.5657041002996, 339.5645446004346, 339.5645446004346, 334.4638430005871, 334.4638430005871, 334.463046800578, 334.463046800578, 329.3623374006711, 329.3623374006711, 324.2613842007704, 324.2613842007704, 319.16026400076225, 319.16026400076225, 314.05834860075265, 314.05834860075265, 308.95649300073273, 308.95649300073273, 302.155272400938, 302.155272400938, 295.3542499009054, 295.3542499009054, 288.5528619007673, 288.5528619007673, 281.75179850077257, 281.75179850077257, 281.74791160062887, 281.74791160062887, 274.9461613006424, 274.9461613006424, 274.94256750051863, 274.94256750051863, 268.14135980047286, 268.14135980047286, 268.13815470039845, 268.13815470039845, 261.33636130043305, 261.33636130043305, 254.53528580022976, 254.53528580022976, 247.73408640013076, 247.73408640013076, 240.93184860004112, 240.93184860004112, 234.12918189982884, 234.12918189982884, 234.12828469998203, 234.12828469998203], "b_time_left": [360, 359.99908480001613, 359.99908480001613, 356.597049199976, 356.597049199976, 356.59624579991214, 356.59624579991214, 353.19531049998477, 353.19531049998477, 353.1947530999314, 353.1947530999314, 353.19041260005906, 353.19041260005906, 353.18996890005656, 353.18996890005656, 349.78908780007623, 349.78908780007623, 349.7887828000821, 349.7887828000821, 349.7876325000543, 349.7876325000543, 349.7872246000916, 349.7872246000916, 349.78171020024456, 349.78171020024456, 349.77893490018323, 349.77893490018323, 349.7715889001265, 349.7715889001265, 344.67038750019856, 344.67038750019856, 339.56936550023966, 339.56936550023966, 334.468227900099, 334.468227900099, 329.36697270022705, 329.36697270022705, 324.2660157000646, 324.2660157000646, 319.1653327001259, 319.1653327001259, 314.0644144001417, 314.0644144001417, 308.96308690006845, 308.96308690006845, 303.8616533000022, 303.8616533000022, 298.7605706998147, 298.7605706998147, 293.65975479991175, 293.65975479991175, 293.65914679993875, 293.65914679993875, 293.6365002000239, 293.6365002000239, 286.83173169987276, 286.83173169987276, 286.82406469993293, 286.82406469993293, 286.8194221998565, 286.8194221998565, 286.81068659969606, 286.81068659969606, 286.80456789955497, 286.80456789955497, 286.7988936996553, 286.7988936996553, 286.79426269955, 286.79426269955, 286.78108749957755, 286.78108749957755, 286.77308249962516, 286.77308249962516, 279.97192069957964, 279.97192069957964, 273.1704714994412, 273.1704714994412, 266.36912969942205, 266.36912969942205, 266.3603550994303], "a_moves_left": [39, 39, 38, 38, 37, 37, 36, 36, 35, 35, 34, 34, 33, 33, 32, 32, 31, 31, 30, 30, 29, 29, 28, 28, 27, 27, 26, 26, 25, 25, 24, 24, 23, 23, 22, 22, 21, 21, 20, 20, 19, 19, 18, 18, 17, 17, 16, 16, 15, 15, 14, 14, 13, 13, 12, 12, 11, 11, 10, 10, 9, 9, 8, 8, 7, 7, 6, 6, 5, 5, 4, 4, 3, 3, 2, 2, 1, 1, 0, 0], "b_moves_left": [40, 39, 39, 38, 38, 37, 37, 36, 36, 35, 35, 34, 34, 33, 33, 32, 32, 31, 31, 30, 30, 29, 29, 28, 28, 27, 27, 26, 26, 25, 25, 24, 24, 23, 23, 22, 22, 21, 21, 20, 20, 19, 19, 18, 18, 17, 17, 16, 16, 15, 15, 14, 14, 13, 13, 12, 12, 11, 11, 10, 10, 9, 9, 8, 8, 7, 7, 6, 6, 5, 5, 4, 4, 3, 3, 2, 2, 1, 1, 0], "trapdoor_triggered": [0, 0, 0, 0, 0, 0, 0, 0, 0, 0, 0, 0, 0, 0, 0, 0, 0, 0, 0, 0, 0, 0, 0, 0, 0, 0, 0, 0, 0, 0, 0, 0, 0, 0, 0, 0, 0, 0, 0, 0, 0, 0, 0, 0, 0, 0, 0, 0, 0, 0, 0, 0, 0, 0, 0, 0, 0, 0, 0, 0, 0, 0, 0, 0, 0, 0, 0, 0, 0, 0, 0, 0, 0, 0, 0, 0, 0, 0, 0, 0], "left_behind": ["egg", "egg", "plain", "plain", "egg", "egg", "plain", "plain", "egg", "egg", "plain", "plain", "plain", "egg", "plain", "plain", "egg", "egg", "plain", "plain", "plain", "egg", "plain", "plain", "plain", "egg", "plain", "plain", "plain", "egg", "plain", "plain", "plain", "egg", "plain", "plain", "plain", "egg", "plain", "plain", "plain", "egg", "plain", "plain", "plain", "plain", "turd", "plain", "egg", "egg", "plain", "plain", "egg", "plain", "plain", "plain", "egg", "plain", "plain", "plain", "plain", "plain", "plain", "plain", "plain", "plain", "plain", "plain", "plain", "plain", "plain", "plain", "plain", "egg", "plain", "plain", "egg", "plain", "plain", "plain"], "errlog_a": "", "errlog_b": "", "start_time": 360, "start_moves": 40, "turn_count": 80, "result": 1, "reason": "EGGS_LAID", "trapdoors": [[4, 4], [3, 4]], "spawn_a": [0, 4], "spawn_b": [7, 4]}