{"pos": [[0, 1], [6, 2], [1, 1], [6, 1], [1, 0], [7, 1], [2, 0], [7, 0], [3, 0], [6, 0], [4, 0], [5, 0], [4, 1], [5, 1], [3, 1], [4, 1], [3, 0], [5, 1], [3, 1], [5, 2], [3, 2], [4, 2], [2, 2], [3, 2], [2, 1], [3, 3], [2, 0], [7, 2], [1, 0], [7, 3], [1, 1], [7, 4], [1, 2], [7, 5], [1, 3], [6, 5], [1, 2], [6, 6], [1, 1], [7, 6], [0, 1], [7, 7], [0, 2], [6, 7], [0, 3], [5, 7], [0, 4], [4, 7], [0, 3], [3, 7], [1, 3], [3, 6], [1, 4], [3, 5], [2, 4], [2, 5], [1, 4], [2, 6], [1, 5], [1, 6], [1, 4], [1, 7], [1, 3], [0, 7], [1, 4], [1, 7], [1, 3], [2, 7], [1, 4], [3, 7], [1, 3], [2, 7], [1, 4], [2, 6], [1, 3], [1, 6], [1, 4], [0, 6], [1, 3], [0, 5]], "a_eggs_laid": [1, 1, 1, 1, 2, 2, 2, 2, 3, 3, 3, 3, 4, 4, 4, 4, 5, 5, 5, 5, 5, 5, 5, 5, 6, 6, 6, 6, 10, 10, 10, 10, 10, 10, 10, 10, 11, 11, 11, 11, 11, 11, 11, 11, 11, 11, 11, 11, 12, 12, 12, 12, 12, 12, 12, 12, 13, 13, 13, 13, 14, 14, 14, 14, 14, 14, 14, 14, 14, 14, 14, 14, 14, 14, 14, 14, 14, 14, 14, 14], "b_eggs_laid": [0, 1, 1, 1, 1, 2, 2, 2, 2, 5, 5, 5, 5, 6, 6, 6, 6, 7, 7, 7, 7, 8, 8, 8, 8, 9, 9, 9, 9, 9, 9, 9, 9, 10, 10, 10, 10, 11, 11, 11, 11, 12, 12, 12, 12, 13, 13, 13, 13, 14, 14, 14, 14, 15, 15, 15, 15, 16, 16, 16, 16, 17, 17, 17, 17, 20, 20, 20, 20, 21, 21, 21, 21, 21, 21, 21, 21, 21, 21, 21], "a_turds_left": [5, 5, 5, 5, 5, 5, 5, 5, 5, 5, 5, 5, 5, 5, 5, 5, 5, 5, 5, 5, 5, 5, 5, 5, 5, 5, 5, 5, 5, 5, 4, 4, 4, 4, 3, 3, 3, 3, 3, 3, 3, 3, 2, 2, 2, 2, 1, 1, 1, 1, 1, 1, 1, 1, 0, 0, 0, 0, 0, 0, 0, 0, 0, 0, 0, 0, 0, 0, 0, 0, 0, 0, 0, 0, 0, 0, 0, 0, 0, 0], "b_turds_left": [5, 5, 5, 4, 4, 4, 4, 4, 4, 4, 4, 4, 4, 4, 4, 4, 4, 4, 4, 3, 3, 3, 3, 2, 2, 2, 2, 1, 1, 1, 1, 0, 0, 0, 0, 0, 0, 0, 0, 0, 0, 0, 0, 0, 0, 0, 0, 0, 0, 0, 0, 0, 0, 0, 0, 0, 0, 0, 0, 0, 0, 0, 0, 0, 0, 0, 0, 0, 0, 0, 0, 0, 0, 0, 0, 0, 0, 0, 0, 0], "a_time_left": [359.999894499997, 359.999894499997, 356.7978274999987, 356.7978274999987, 356.79732409999997, 356.79732409999997, 353.5947307999959, 353.5947307999959, 353.5943091999943, 353.5943091999943, 353.50102899999183, 353.50102899999183, 353.50054579999414, 353.50054579999414, 353.4812483999922, 353.4812483999922, 353.48083669999323, 353.48083669999323, 353.47740019999765, 353.47740019999765, 353.4729141999924, 353.4729141999924, 353.46508399999584, 353.46508399999584, 353.46465829999215, 353.46465829999215, 353.46167229999264, 353.46167229999264, 347.8589412999936, 347.8589412999936, 346.6102979999923, 346.6102979999923, 346.34869039999467, 346.34869039999467, 346.1406508999935, 346.1406508999935, 346.13932169999316, 346.13932169999316, 346.1335897999961, 346.1335897999961, 345.8415871999896, 345.8415871999896, 345.7359446999908, 345.7359446999908, 345.63593949998904, 345.63593949998904, 345.4054341999945, 345.4054341999945, 345.4046021999966, 345.4046021999966, 345.40385719999904, 345.40385719999904, 345.0982832000009, 345.0982832000009, 345.092341500007, 345.092341500007, 345.0916498000079, 345.0916498000079, 343.07403980000527, 343.07403980000527, 343.0733145000049, 343.0733145000049, 343.06983590000164, 343.06983590000164, 343.0635897000029, 343.0635897000029, 343.06023840000125, 343.06023840000125, 343.0532342000006, 343.0532342000006, 343.050716800004, 343.050716800004, 343.04778060000535, 343.04778060000535, 343.04474300000584, 343.04474300000584, 343.03706140000577, 343.03706140000577, 343.0321469000046, 343.0321469000046], "b_time_left": [360, 359.99942120000196, 359.99942120000196, 349.92689280000195, 349.92689280000195, 340.59796300000016, 340.59796300000016, 330.59662370000297, 330.59662370000297, 320.5622039000009, 320.5622039000009, 310.56123660000594, 310.56123660000594, 300.55506670000614, 300.55506670000614, 290.5151853999996, 290.5151853999996, 290.14772529999755, 290.14772529999755, 280.0928200999915, 280.0928200999915, 270.0838386999894, 270.0838386999894, 260.0807375999866, 260.0807375999866, 259.75876049998624, 259.75876049998624, 249.7570938999852, 249.7570938999852, 239.75057359998755, 239.75057359998755, 229.7215720999884, 229.7215720999884, 220.5196262999889, 220.5196262999889, 210.51757029998407, 210.51757029998407, 208.77018949998455, 208.77018949998455, 198.7685589999819, 198.7685589999819, 188.7681587999832, 188.7681587999832, 178.7543453999824, 178.7543453999824, 168.75201399998332, 168.75201399998332, 158.75192199998128, 158.75192199998128, 157.0456901999787, 157.0456901999787, 147.0448998999782, 147.0448998999782, 137.04367509997974, 137.04367509997974, 127.0434198999792, 127.0434198999792, 116.86978099997941, 116.86978099997941, 107.41153049997956, 107.41153049997956, 105.77489189997868, 105.77489189997868, 105.20648299997993, 105.20648299997993, 104.55723229997966, 104.55723229997966, 104.55602709997765, 104.55602709997765, 103.26491839998198, 103.26491839998198, 103.18882079998002, 103.18882079998002, 102.91429309998057, 102.91429309998057, 102.76699219998409, 102.76699219998409, 102.23881339998479, 102.23881339998479, 102.04327879998164], "a_moves_left": [39, 39, 38, 38, 37, 37, 36, 36, 35, 35, 34, 34, 33, 33, 32, 32, 31, 31, 30, 30, 29, 29, 28, 28, 27, 27, 26, 26, 25, 25, 24, 24, 23, 23, 22, 22, 21, 21, 20, 20, 19, 19, 18, 18, 17, 17, 16, 16, 15, 15, 14, 14, 13, 13, 12, 12, 11, 11, 10, 10, 9, 9, 8, 8, 7, 7, 6, 6, 5, 5, 4, 4, 3, 3, 2, 2, 1, 1, 0, 0], "b_moves_left": [40, 39, 39, 38, 38, 37, 37, 36, 36, 35, 35, 34, 34, 33, 33, 32, 32, 31, 31, 30, 30, 29, 29, 28, 28, 27, 27, 26, 26, 25, 25, 24, 24, 23, 23, 22, 22, 21, 21, 20, 20, 19, 19, 18, 18, 17, 17, 16, 16, 15, 15, 14, 14, 13, 13, 12, 12, 11, 11, 10, 10, 9, 9, 8, 8, 7, 7, 6, 6, 5, 5, 4, 4, 3, 3, 2, 2, 1, 1, 0], "trapdoor_triggered": [0, 0, 0, 0, 0, 0, 0, 0, 0, 0, 0, 0, 0, 0, 0, 0, 0, 0, 0, 0, 0, 0, 0, 0, 0, 0, 0, 1, 0, 0, 0, 0, 0, 0, 0, 0, 0, 0, 0, 0, 0, 0, 0, 0, 0, 0, 0, 0, 0, 0, 0, 0, 0, 0, 0, 0, 0, 0, 0, 0, 0, 0, 0, 0, 0, 0, 0, 0, 0, 0, 0, 0, 0, 0, 0, 0, 0, 0, 0, 0], "left_behind": ["egg", "egg", "plain", "turd", "egg", "egg", "plain", "plain", "egg", "egg", "plain", "plain", "egg", "egg", "plain", "plain", "egg", "egg", "plain", "turd", "plain", "egg", "plain", "turd", "egg", "egg", "plain", "turd", "plain", "plain", "turd", "turd", "plain", "egg", "turd", "plain", "egg", "egg", "plain", "plain", "plain", "egg", "turd", "plain", "plain", "egg", "turd", "plain", "egg", "egg", "plain", "plain", "plain", "egg", "turd", "plain", "egg", "egg", "plain", "plain", "egg", "egg", "plain", "plain", "plain", "egg", "plain", "plain", "plain", "egg", "plain", "plain", "plain", "plain", "plain", "plain", "plain", "plain", "plain", "plain"], "errlog_a": "", "errlog_b": "", "start_time": 360, "start_moves": 40, "turn_count": 80, "result": 1, "reason": "EGGS_LAID", "trapdoors": [[4, 4], [2, 3]], "spawn_a": [0, 2], "spawn_b": [7, 2]}