{"pos": [[1, 2], [6, 2], [2, 2], [6, 1], [2, 3], [6, 0], [3, 3], [7, 0], [3, 4], [6, 0], [4, 4], [5, 0], [5, 4], [4, 0], [5, 5], [3, 0], [4, 5], [3, 1], [0, 2], [4, 1], [0, 1], [3, 1], [1, 1], [2, 1], [1, 2], [3, 1], [1, 3], [7, 2], [2, 3], [7, 3], [2, 4], [6, 3], [2, 5], [6, 4], [1, 5], [6, 5], [1, 4], [6, 6], [0, 4], [5, 6], [0, 5], [4, 6], [0, 6], [3, 6], [0, 7], [3, 7], [1, 7], [2, 7], [0, 7], [3, 7], [0, 6], [4, 7], [1, 6], [5, 7], [2, 6], [6, 7], [2, 5], [7, 7], [0, 2], [7, 6], [0, 3], [7, 5], [0, 2], [7, 4], [0, 3], [7, 5], [0, 2], [7, 6], [0, 3], [6, 6], [0, 2], [6, 5], [0, 3], [7, 5], [0, 2], [7, 4], [0, 3], [6, 4], [0, 2], [5, 4]], "a_eggs_laid": [1, 1, 1, 1, 2, 2, 2, 2, 3, 3, 3, 3, 4, 4, 4, 4, 5, 5, 5, 5, 5, 5, 5, 5, 6, 6, 6, 6, 11, 11, 11, 11, 12, 12, 12, 12, 13, 13, 13, 13, 14, 14, 14, 14, 15, 15, 15, 15, 16, 16, 16, 16, 16, 16, 16, 16, 17, 17, 17, 17, 17, 17, 17, 17, 17, 17, 17, 17, 17, 17, 17, 17, 17, 17, 17, 17, 17, 17, 17, 17], "b_eggs_laid": [0, 1, 1, 1, 1, 2, 2, 2, 2, 5, 5, 5, 5, 6, 6, 6, 6, 7, 7, 11, 11, 12, 12, 12, 12, 13, 13, 13, 13, 13, 13, 13, 13, 14, 14, 14, 14, 15, 15, 15, 15, 16, 16, 16, 16, 17, 17, 17, 17, 18, 18, 18, 18, 19, 19, 19, 19, 20, 20, 24, 24, 25, 25, 25, 25, 26, 26, 26, 26, 26, 26, 26, 26, 26, 26, 26, 26, 26, 26, 26], "a_turds_left": [5, 5, 5, 5, 5, 5, 5, 5, 5, 5, 5, 5, 5, 5, 5, 5, 5, 5, 5, 5, 5, 5, 4, 4, 4, 4, 3, 3, 3, 3, 3, 3, 3, 3, 2, 2, 2, 2, 2, 2, 2, 2, 1, 1, 1, 1, 0, 0, 0, 0, 0, 0, 0, 0, 0, 0, 0, 0, 0, 0, 0, 0, 0, 0, 0, 0, 0, 0, 0, 0, 0, 0, 0, 0, 0, 0, 0, 0, 0, 0], "b_turds_left": [5, 5, 5, 4, 4, 4, 4, 4, 4, 4, 4, 4, 4, 4, 4, 4, 4, 4, 4, 4, 4, 4, 4, 4, 4, 4, 4, 4, 4, 4, 4, 4, 4, 4, 4, 3, 3, 3, 3, 2, 2, 2, 2, 1, 1, 1, 1, 1, 1, 1, 1, 1, 1, 1, 1, 1, 1, 1, 1, 1, 1, 1, 1, 1, 1, 1, 1, 1, 1, 1, 1, 1, 1, 1, 1, 1, 1, 1, 1, 1], "a_time_left": [357.44726829999854, 357.44726829999854, 354.8949734000016, 354.8949734000016, 352.34216010000455, 352.34216010000455, 349.79062480000357, 349.79062480000357, 347.23935480000364, 347.23935480000364, 344.6875800000016, 344.6875800000016, 342.13524950000283, 342.13524950000283, 339.58307960000457, 339.58307960000457, 337.0306094000043, 337.0306094000043, 334.4775890000019, 334.4775890000019, 330.2242510000033, 330.2242510000033, 325.9717262000013, 325.9717262000013, 325.8888889000009, 325.8888889000009, 321.63644919999933, 321.63644919999933, 317.38248629999725, 317.38248629999725, 313.12987149999753, 313.12987149999753, 308.87553309999566, 308.87553309999566, 304.6194081999929, 304.6194081999929, 300.3639716999933, 300.3639716999933, 296.10999369999263, 296.10999369999263, 291.85520009999163, 291.85520009999163, 287.60275169999295, 287.60275169999295, 283.3504788999926, 283.3504788999926, 279.0979949999928, 279.0979949999928, 279.0928319999912, 279.0928319999912, 279.09130859998913, 279.09130859998913, 273.13805709998996, 273.13805709998996, 267.18521669999245, 267.18521669999245, 261.23186049999276, 261.23186049999276, 255.28023619999294, 255.28023619999294, 249.3268867999941, 249.3268867999941, 249.32537379999485, 249.32537379999485, 243.37071979999382, 243.37071979999382, 243.36930849999408, 243.36930849999408, 237.416516099991, 237.416516099991, 237.4149321999903, 237.4149321999903, 231.4592555999916, 231.4592555999916, 231.45767699999124, 231.45767699999124, 225.50361099999282, 225.50361099999282, 225.50215389999357, 225.50215389999357], "b_time_left": [360, 359.9983656999975, 359.9983656999975, 349.9970360999978, 349.9970360999978, 339.98955959999876, 339.98955959999876, 330.7215989999968, 330.7215989999968, 320.63408399999753, 320.63408399999753, 310.8636682999968, 310.8636682999968, 300.85144719999516, 300.85144719999516, 290.8436700999955, 290.8436700999955, 281.1231731999942, 281.1231731999942, 271.6044294999956, 271.6044294999956, 261.60367899999255, 261.60367899999255, 251.5998311999938, 251.5998311999938, 241.59950779999417, 241.59950779999417, 231.59726849999424, 231.59726849999424, 221.57570749999286, 221.57570749999286, 211.57366589999583, 211.57366589999583, 201.56215869999505, 201.56215869999505, 192.11027599999215, 192.11027599999215, 182.10882519998995, 182.10882519998995, 172.10236949998944, 172.10236949998944, 162.1014086999894, 162.1014086999894, 152.10081069998705, 152.10081069998705, 142.09975039998972, 142.09975039998972, 132.09896519998802, 132.09896519998802, 131.23256809998566, 131.23256809998566, 121.90556959998867, 121.90556959998867, 112.05043039998782, 112.05043039998782, 102.10143589998916, 102.10143589998916, 92.60709279998991, 92.60709279998991, 91.30716349999057, 91.30716349999057, 91.28806179999083, 91.28806179999083, 89.83743219999087, 89.83743219999087, 89.82441069999186, 89.82441069999186, 89.82348829999319, 89.82348829999319, 89.57354719999057, 89.57354719999057, 89.38288709999324, 89.38288709999324, 89.32921909999277, 89.32921909999277, 89.16262089999509, 89.16262089999509, 89.08779639999557, 89.08779639999557, 88.56438409999828], "a_moves_left": [39, 39, 38, 38, 37, 37, 36, 36, 35, 35, 34, 34, 33, 33, 32, 32, 31, 31, 30, 30, 29, 29, 28, 28, 27, 27, 26, 26, 25, 25, 24, 24, 23, 23, 22, 22, 21, 21, 20, 20, 19, 19, 18, 18, 17, 17, 16, 16, 15, 15, 14, 14, 13, 13, 12, 12, 11, 11, 10, 10, 9, 9, 8, 8, 7, 7, 6, 6, 5, 5, 4, 4, 3, 3, 2, 2, 1, 1, 0, 0], "b_moves_left": [40, 39, 39, 38, 38, 37, 37, 36, 36, 35, 35, 34, 34, 33, 33, 32, 32, 31, 31, 30, 30, 29, 29, 28, 28, 27, 27, 26, 26, 25, 25, 24, 24, 23, 23, 22, 22, 21, 21, 20, 20, 19, 19, 18, 18, 17, 17, 16, 16, 15, 15, 14, 14, 13, 13, 12, 12, 11, 11, 10, 10, 9, 9, 8, 8, 7, 7, 6, 6, 5, 5, 4, 4, 3, 3, 2, 2, 1, 1, 0], "trapdoor_triggered": [0, 0, 0, 0, 0, 0, 0, 0, 0, 0, 0, 0, 0, 0, 0, 0, 0, 0, 1, 0, 0, 0, 0, 0, 0, 0, 0, 1, 0, 0, 0, 0, 0, 0, 0, 0, 0, 0, 0, 0, 0, 0, 0, 0, 0, 0, 0, 0, 0, 0, 0, 0, 0, 0, 0, 0, 0, 0, 1, 0, 0, 0, 0, 0, 0, 0, 0, 0, 0, 0, 0, 0, 0, 0, 0, 0, 0, 0, 0, 0], "left_behind": ["egg", "egg", "plain", "turd", "egg", "egg", "plain", "plain", "egg", "egg", "plain", "plain", "egg", "egg", "plain", "plain", "egg", "egg", "plain", "plain", "plain", "egg", "turd", "plain", "egg", "egg", "turd", "plain", "egg", "plain", "plain", "plain", "egg", "egg", "turd", "turd", "egg", "egg", "plain", "turd", "egg", "egg", "turd", "turd", "egg", "egg", "turd", "plain", "egg", "egg", "plain", "plain", "plain", "egg", "plain", "plain", "egg", "egg", "plain", "plain", "plain", "egg", "plain", "plain", "plain", "egg", "plain", "plain", "plain", "plain", "plain", "plain", "plain", "plain", "plain", "plain", "plain", "plain", "plain", "plain"], "errlog_a": "", "errlog_b": "", "start_time": 360, "start_moves": 40, "turn_count": 80, "result": 1, "reason": "EGGS_LAID", "trapdoors": [[3, 5], [3, 2]], "spawn_a": [0, 2], "spawn_b": [7, 2]}