{"pos": [[7, 6], [1, 5], [7, 5], [1, 6], [7, 6], [0, 6], [7, 5], [0, 7], [7, 4], [1, 7], [6, 4], [2, 7], [6, 5], [3, 7], [6, 6], [3, 6], [5, 6]], "a_eggs_laid": [1, 1, 1, 1, 1, 1, 1, 1, 1, 1, 1, 1, 2, 2, 2, 2, 3], "b_eggs_laid": [0, 1, 1, 1, 1, 2, 2, 2, 2, 5, 5, 5, 5, 6, 6, 6, 6], "a_turds_left": [5, 5, 5, 5, 5, 5, 5, 5, 5, 5, 5, 5, 5, 5, 5, 5, 5], "b_turds_left": [5, 5, 5, 4, 4, 4, 4, 4, 4, 4, 4, 4, 4, 4, 4, 4, 4], "a_time_left": [359.9919066000002, 359.9919066000002, 359.98764949999895, 359.98764949999895, 359.98372440000094, 359.98372440000094, 359.9832726999957, 359.9832726999957, 359.98283059999085, 359.98283059999085, 359.9771704999948, 359.9771704999948, 359.96905879999395, 359.96905879999395, 359.9657762999923, 359.9657762999923, 359.96087789999], "b_time_left": [360, 359.9990653999994, 359.9990653999994, 349.9881599, 349.9881599, 339.97194899999886, 339.97194899999886, 329.9676563999965, 329.9676563999965, 319.93867709999904, 319.93867709999904, 309.9294507000013, 309.9294507000013, 299.9291306000014, 299.9291306000014, 289.92898219999915, 289.92898219999915], "a_moves_left": [39, 39, 38, 38, 37, 37, 36, 36, 35, 35, 34, 34, 33, 33, 32, 32, 31], "b_moves_left": [40, 39, 39, 38, 38, 37, 37, 36, 36, 35, 35, 34, 34, 33, 33, 32, 32], "trapdoor_triggered": [0, 0, 0, 0, 0, 0, 0, 0, 0, 0, 0, 0, 0, 0, 0, 0, 0], "left_behind": ["egg", "egg", "plain", "turd", "plain", "egg", "plain", "plain", "plain", "egg", "plain", "plain", "egg", "egg", "plain", "plain", "egg"], "errlog_a": "", "errlog_b": "Timeout", "start_time": 360, "start_moves": 40, "turn_count": 17, "result": 0, "reason": "CODE_CRASH", "trapdoors": [[3, 3], [3, 2]], "spawn_a": [7, 5], "spawn_b": [0, 5]}