{"pos": [[1, 2], [6, 2], [1, 3], [6, 1], [1, 4], [6, 0], [2, 4], [7, 0], [3, 4], [6, 0], [0, 2], [5, 0], [1, 2], [4, 0], [2, 2], [3, 0], [3, 2], [2, 0], [4, 2], [1, 0], [4, 3], [2, 0], [5, 3], [2, 1], [5, 4], [1, 1], [5, 5], [1, 2], [0, 2], [1, 1], [0, 1], [1, 0], [1, 1], [2, 0], [0, 1], [3, 0], [0, 0], [4, 0], [0, 1], [4, 1], [0, 0], [5, 1], [0, 1], [5, 2], [0, 0], [5, 1], [0, 1], [6, 1], [0, 0], [6, 0], [0, 1], [7, 0], [0, 0], [6, 0]], "a_eggs_laid": [1, 1, 1, 1, 2, 2, 2, 2, 3, 3, 3, 3, 3, 3, 3, 3, 4, 4, 4, 4, 5, 5, 5, 5, 6, 6, 6, 6, 7, 7, 7, 7, 7, 7, 7, 7, 7, 7, 10, 10, 10, 10, 10, 10, 10, 10, 10, 10, 10, 10, 10, 10, 10, 10], "b_eggs_laid": [0, 1, 1, 1, 1, 2, 2, 2, 2, 5, 5, 9, 9, 10, 10, 10, 10, 11, 11, 11, 11, 12, 12, 12, 12, 13, 13, 13, 13, 18, 18, 18, 18, 18, 18, 18, 18, 18, 18, 18, 18, 19, 19, 19, 19, 20, 20, 20, 20, 20, 20, 20, 20, 20], "a_turds_left": [5, 5, 5, 5, 5, 5, 5, 5, 5, 5, 5, 5, 5, 5, 5, 5, 5, 5, 4, 4, 4, 4, 4, 4, 4, 4, 4, 4, 4, 4, 4, 4, 4, 4, 3, 3, 3, 3, 3, 3, 3, 3, 3, 3, 3, 3, 3, 3, 3, 3, 3, 3, 3, 3], "b_turds_left": [5, 5, 5, 4, 4, 4, 4, 4, 4, 4, 4, 4, 4, 4, 4, 4, 4, 4, 4, 4, 4, 4, 4, 4, 4, 4, 4, 4, 4, 4, 4, 4, 4, 4, 4, 4, 4, 4, 4, 3, 3, 3, 3, 3, 3, 3, 3, 3, 3, 3, 3, 3, 3, 3], "a_time_left": [357.44739180000033, 357.44739180000033, 354.8959099999993, 354.8959099999993, 352.3447104000006, 352.3447104000006, 349.7931079000009, 349.7931079000009, 347.2418338999996, 347.2418338999996, 344.69091630000185, 344.69091630000185, 342.1398282000009, 342.1398282000009, 339.58890820000306, 339.58890820000306, 337.0374740000043, 337.0374740000043, 334.4861550000023, 334.4861550000023, 330.2316901000013, 330.2316901000013, 325.9780169000005, 325.9780169000005, 321.7255045999991, 321.7255045999991, 317.47237219999806, 317.47237219999806, 313.2191639999983, 313.2191639999983, 313.20848029999615, 313.20848029999615, 313.2002042999957, 313.2002042999957, 313.19599079999534, 313.19599079999534, 308.9445486999939, 308.9445486999939, 304.6934512999942, 304.6934512999942, 304.6927209999958, 304.6927209999958, 300.44155119999414, 300.44155119999414, 300.44089419999364, 300.44089419999364, 296.189959599993, 296.189959599993, 296.18940859999566, 296.18940859999566, 290.2380314999973, 290.2380314999973, 290.23753029999716, 290.23753029999716], "b_time_left": [360, 359.99546869999904, 359.99546869999904, 349.9937648999985, 349.9937648999985, 339.9908707999966, 339.9908707999966, 329.9884415999986, 329.9884415999986, 319.9875721999997, 319.9875721999997, 309.98406890000115, 309.98406890000115, 299.9837191000006, 299.9837191000006, 289.9834007000027, 289.9834007000027, 279.9831011000024, 279.9831011000024, 269.9803077000033, 269.9803077000033, 259.97598250000374, 259.97598250000374, 249.97538370000257, 249.97538370000257, 239.9736862000027, 239.9736862000027, 230.28674520000277, 230.28674520000277, 220.28637580000213, 220.28637580000213, 220.23698980000336, 220.23698980000336, 219.95922820000123, 219.95922820000123, 219.95540670000264, 219.95540670000264, 210.422855300003, 210.422855300003, 210.31587750000108, 210.31587750000108, 210.0282361999998, 210.0282361999998, 210.00168309999935, 210.00168309999935, 209.86627470000167, 209.86627470000167, 209.86330770000131, 209.86330770000131, 209.60309340000094, 209.60309340000094, 209.59936540000126, 209.59936540000126, 209.56359050000174], "a_moves_left": [39, 39, 38, 38, 37, 37, 36, 36, 35, 35, 34, 34, 33, 33, 32, 32, 31, 31, 30, 30, 29, 29, 28, 28, 27, 27, 26, 26, 25, 25, 24, 24, 23, 23, 22, 22, 21, 21, 20, 20, 19, 19, 18, 18, 17, 17, 16, 16, 15, 15, 14, 14, 13, 13], "b_moves_left": [40, 39, 39, 38, 38, 37, 37, 36, 36, 35, 35, 34, 34, 33, 33, 32, 32, 31, 31, 30, 30, 29, 29, 28, 28, 27, 27, 26, 26, 25, 25, 24, 24, 23, 23, 22, 22, 21, 21, 20, 20, 19, 19, 18, 18, 17, 17, 16, 16, 15, 15, 14, 14, 13], "trapdoor_triggered": [0, 0, 0, 0, 0, 0, 0, 0, 0, 0, 1, 0, 0, 0, 0, 0, 0, 0, 0, 0, 0, 0, 0, 0, 0, 0, 0, 0, 1, 0, 0, 0, 0, 0, 0, 0, 0, 0, 0, 0, 0, 0, 0, 0, 0, 0, 0, 0, 0, 0, 0, 0, 0, 0], "left_behind": ["egg", "egg", "plain", "turd", "egg", "egg", "plain", "plain", "egg", "egg", "plain", "plain", "plain", "egg", "plain", "plain", "egg", "egg", "turd", "plain", "egg", "egg", "plain", "plain", "egg", "egg", "plain", "plain", "egg", "egg", "plain", "plain", "plain", "plain", "turd", "plain", "plain", "plain", "egg", "turd", "plain", "egg", "plain", "plain", "plain", "egg", "plain", "plain", "plain", "plain", "plain", "plain", "plain", "plain"], "errlog_a": "Timeout", "errlog_b": "", "start_time": 360, "start_moves": 40, "turn_count": 54, "result": 1, "reason": "CODE_CRASH", "trapdoors": [[4, 4], [4, 5]], "spawn_a": [0, 2], "spawn_b": [7, 2]}