{"pos": [[7, 2], [1, 3], [7, 1], [1, 2], [7, 0], [1, 1], [6, 0], [2, 1], [6, 1], [2, 2], [6, 2], [2, 3], [6, 1], [3, 3], [5, 1], [4, 3], [5, 0], [5, 3], [4, 0], [6, 3], [4, 1], [6, 4], [4, 2], [6, 5], [4, 1], [6, 4], [3, 1], [5, 4], [3, 0], [5, 5], [2, 0], [5, 6], [3, 0], [6, 6], [3, 1], [7, 6], [3, 0], [7, 7], [3, 1], [6, 7], [3, 0], [5, 7], [3, 1], [4, 7], [3, 0], [3, 7], [3, 1], [3, 6], [3, 0], [4, 6], [3, 1], [4, 5], [4, 1], [3, 5], [5, 1], [2, 5], [6, 1], [2, 6], [7, 1], [1, 6], [6, 1], [1, 7], [7, 1], [0, 7], [6, 1], [1, 7], [7, 1], [2, 7], [6, 1], [3, 7], [7, 1], [2, 7], [6, 1], [2, 6], [7, 1], [1, 6], [6, 1], [1, 5], [7, 1], [1, 4]], "a_eggs_laid": [1, 1, 1, 1, 2, 2, 2, 2, 3, 3, 3, 3, 4, 4, 4, 4, 5, 5, 5, 5, 6, 6, 6, 6, 7, 7, 7, 7, 8, 8, 8, 8, 9, 9, 9, 9, 9, 9, 9, 9, 9, 9, 9, 9, 9, 9, 9, 9, 9, 9, 9, 9, 9, 9, 9, 9, 9, 9, 9, 9, 9, 9, 9, 9, 9, 9, 9, 9, 9, 9, 9, 9, 9, 9, 9, 9, 9, 9, 9, 9], "b_eggs_laid": [0, 1, 1, 1, 1, 2, 2, 2, 2, 3, 3, 3, 3, 4, 4, 4, 4, 5, 5, 5, 5, 6, 6, 6, 6, 7, 7, 7, 7, 8, 8, 8, 8, 9, 9, 9, 9, 10, 10, 10, 10, 11, 11, 11, 11, 12, 12, 12, 12, 13, 13, 13, 13, 14, 14, 14, 14, 15, 15, 15, 15, 16, 16, 16, 16, 19, 19, 19, 19, 20, 20, 20, 20, 20, 20, 20, 20, 20, 20, 20], "a_turds_left": [5, 5, 4, 4, 4, 4, 4, 4, 4, 4, 3, 3, 3, 3, 3, 3, 3, 3, 3, 3, 3, 3, 2, 2, 2, 2, 2, 2, 2, 2, 2, 2, 2, 2, 2, 2, 2, 2, 2, 2, 2, 2, 2, 2, 2, 2, 2, 2, 2, 2, 2, 2, 2, 2, 2, 2, 2, 2, 2, 2, 2, 2, 2, 2, 2, 2, 2, 2, 2, 2, 2, 2, 2, 2, 2, 2, 2, 2, 2, 2], "b_turds_left": [5, 5, 5, 4, 4, 4, 4, 3, 3, 3, 3, 2, 2, 2, 2, 1, 1, 1, 1, 0, 0, 0, 0, 0, 0, 0, 0, 0, 0, 0, 0, 0, 0, 0, 0, 0, 0, 0, 0, 0, 0, 0, 0, 0, 0, 0, 0, 0, 0, 0, 0, 0, 0, 0, 0, 0, 0, 0, 0, 0, 0, 0, 0, 0, 0, 0, 0, 0, 0, 0, 0, 0, 0, 0, 0, 0, 0, 0, 0, 0], "a_time_left": [359.9968527000019, 359.9968527000019, 359.9946744999979, 359.9946744999979, 359.9926595999932, 359.9926595999932, 359.9901641999895, 359.9901641999895, 359.9869544999892, 359.9869544999892, 359.98459059999004, 359.98459059999004, 359.98146379999525, 359.98146379999525, 359.97949989999324, 359.97949989999324, 359.97635899999295, 359.97635899999295, 359.9741504999911, 359.9741504999911, 359.9702557999917, 359.9702557999917, 359.9679655999862, 359.9679655999862, 359.9660345999873, 359.9660345999873, 359.9646417999902, 359.9646417999902, 359.96216679998906, 359.96216679998906, 359.96042569998826, 359.96042569998826, 359.9583200999841, 359.9583200999841, 359.95498909998423, 359.95498909998423, 359.9529283999873, 359.9529283999873, 359.95028179998917, 359.95028179998917, 359.94893069998943, 359.94893069998943, 359.94705659999454, 359.94705659999454, 359.94562869999936, 359.94562869999936, 359.943546100003, 359.943546100003, 359.94190260000323, 359.94190260000323, 359.9389660000015, 359.9389660000015, 359.9376582000041, 359.9376582000041, 359.93594070000836, 359.93594070000836, 359.934287700009, 359.934287700009, 359.9325854000126, 359.9325854000126, 359.93107930001133, 359.93107930001133, 359.92763370001194, 359.92763370001194, 359.92543440001464, 359.92543440001464, 359.9237362000131, 359.9237362000131, 359.9219956000161, 359.9219956000161, 359.9199492000116, 359.9199492000116, 359.9180815000145, 359.9180815000145, 359.9164288000102, 359.9164288000102, 359.91455320001114, 359.91455320001114, 359.9126865000144, 359.9126865000144], "b_time_left": [360, 359.9989811999985, 359.9989811999985, 349.99791910000204, 349.99791910000204, 339.9969010000059, 339.9969010000059, 329.990776000006, 329.990776000006, 319.98811560001195, 319.98811560001195, 309.98606380001, 309.98606380001, 299.9858194000117, 299.9858194000117, 289.98451020001085, 289.98451020001085, 279.98420970000734, 279.98420970000734, 269.9837018000035, 269.9837018000035, 259.98324819999834, 259.98324819999834, 259.7527048999982, 259.7527048999982, 249.7516828999942, 249.7516828999942, 239.75144219999493, 239.75144219999493, 229.75085749999562, 229.75085749999562, 219.7505635999987, 219.7505635999987, 219.18028219999542, 219.18028219999542, 218.51632339999196, 218.51632339999196, 218.47458839999308, 218.47458839999308, 218.10596159999113, 218.10596159999113, 218.10006539998722, 218.10006539998722, 217.59291329998814, 217.59291329998814, 217.58670899998833, 217.58670899998833, 216.65068609998707, 216.65068609998707, 216.64143339999282, 216.64143339999282, 216.15751839999575, 216.15751839999575, 215.56541450000077, 215.56541450000077, 214.73886630000197, 214.73886630000197, 214.04011150000588, 214.04011150000588, 213.00726820000273, 213.00726820000273, 212.46545460000198, 212.46545460000198, 211.79678910000075, 211.79678910000075, 211.55720219999785, 211.55720219999785, 211.55690989999857, 211.55690989999857, 211.06837300000188, 211.06837300000188, 210.99554029999854, 210.99554029999854, 210.8757992999963, 210.8757992999963, 210.80634889999055, 210.80634889999055, 210.5228006999896, 210.5228006999896, 209.58778589998838], "a_moves_left": [39, 39, 38, 38, 37, 37, 36, 36, 35, 35, 34, 34, 33, 33, 32, 32, 31, 31, 30, 30, 29, 29, 28, 28, 27, 27, 26, 26, 25, 25, 24, 24, 23, 23, 22, 22, 21, 21, 20, 20, 19, 19, 18, 18, 17, 17, 16, 16, 15, 15, 14, 14, 13, 13, 12, 12, 11, 11, 10, 10, 9, 9, 8, 8, 7, 7, 6, 6, 5, 5, 4, 4, 3, 3, 2, 2, 1, 1, 0, 0], "b_moves_left": [40, 39, 39, 38, 38, 37, 37, 36, 36, 35, 35, 34, 34, 33, 33, 32, 32, 31, 31, 30, 30, 29, 29, 28, 28, 27, 27, 26, 26, 25, 25, 24, 24, 23, 23, 22, 22, 21, 21, 20, 20, 19, 19, 18, 18, 17, 17, 16, 16, 15, 15, 14, 14, 13, 13, 12, 12, 11, 11, 10, 10, 9, 9, 8, 8, 7, 7, 6, 6, 5, 5, 4, 4, 3, 3, 2, 2, 1, 1, 0], "trapdoor_triggered": [0, 0, 0, 0, 0, 0, 0, 0, 0, 0, 0, 0, 0, 0, 0, 0, 0, 0, 0, 0, 0, 0, 0, 0, 0, 0, 0, 0, 0, 0, 0, 0, 0, 0, 0, 0, 0, 0, 0, 0, 0, 0, 0, 0, 0, 0, 0, 0, 0, 0, 0, 0, 0, 0, 0, 0, 0, 0, 0, 0, 0, 0, 0, 0, 0, 0, 0, 0, 0, 0, 0, 0, 0, 0, 0, 0, 0, 0, 0, 0], "left_behind": ["egg", "egg", "turd", "turd", "egg", "egg", "plain", "turd", "egg", "egg", "turd", "turd", "egg", "egg", "plain", "turd", "egg", "egg", "plain", "turd", "egg", "egg", "turd", "plain", "egg", "egg", "plain", "plain", "egg", "egg", "plain", "plain", "egg", "egg", "plain", "plain", "plain", "egg", "plain", "plain", "plain", "egg", "plain", "plain", "plain", "egg", "plain", "plain", "plain", "egg", "plain", "plain", "plain", "egg", "plain", "plain", "plain", "egg", "plain", "plain", "plain", "egg", "plain", "plain", "plain", "egg", "plain", "plain", "plain", "egg", "plain", "plain", "plain", "plain", "plain", "plain", "plain", "plain", "plain", "plain"], "errlog_a": "", "errlog_b": "", "start_time": 360, "start_moves": 40, "turn_count": 80, "result": 1, "reason": "EGGS_LAID", "trapdoors": [[4, 4], [3, 4]], "spawn_a": [7, 3], "spawn_b": [0, 3]}