{"pos": [[1, 2], [6, 2], [1, 1], [6, 3], [1, 0], [6, 4], [2, 0], [6, 5], [1, 0], [7, 5], [0, 0], [7, 6], [0, 1], [6, 6], [0, 0], [6, 7], [0, 1], [5, 7], [1, 1], [4, 7], [2, 1], [5, 7], [3, 1], [5, 6], [3, 0], [5, 5], [4, 0], [5, 4], [5, 0], [5, 3], [5, 1], [5, 2], [4, 1], [6, 2], [4, 2], [6, 1], [4, 1], [6, 0], [4, 0]], "a_eggs_laid": [1, 1, 1, 1, 2, 2, 2, 2, 3, 3, 3, 3, 6, 6, 6, 6, 6, 6, 6, 6, 6, 6, 6, 6, 7, 7, 7, 7, 8, 8, 8, 8, 9, 9, 9, 9, 10, 10, 10], "b_eggs_laid": [0, 1, 1, 1, 1, 2, 2, 2, 2, 3, 3, 3, 3, 4, 4, 4, 4, 5, 5, 5, 5, 6, 6, 6, 6, 7, 7, 7, 7, 8, 8, 8, 8, 9, 9, 9, 9, 10, 10], "a_turds_left": [5, 5, 4, 4, 4, 4, 4, 4, 4, 4, 4, 4, 4, 4, 4, 4, 4, 4, 4, 4, 4, 4, 3, 3, 3, 3, 3, 3, 3, 3, 3, 3, 3, 3, 3, 3, 3, 3, 3], "b_turds_left": [5, 5, 5, 4, 4, 4, 4, 4, 4, 4, 4, 3, 3, 3, 3, 2, 2, 2, 2, 1, 1, 1, 1, 1, 1, 1, 1, 0, 0, 0, 0, 0, 0, 0, 0, 0, 0, 0, 0], "a_time_left": [359.9997352999635, 359.9997352999635, 356.59852180001326, 356.59852180001326, 356.59826990007423, 356.59826990007423, 353.1974807002116, 353.1974807002116, 353.19719520024955, 353.19719520024955, 349.7962360002566, 349.7962360002566, 349.7957878001034, 349.7957878001034, 349.7952313001733, 349.7952313001733, 346.3945932001807, 346.3945932001807, 346.3941425003577, 346.3941425003577, 341.2934071002528, 341.2934071002528, 336.1927924002521, 336.1927924002521, 331.092339000199, 331.092339000199, 325.9918479002081, 325.9918479002081, 320.8913813000545, 320.8913813000545, 315.79079440026544, 315.79079440026544, 315.78203340037726, 315.78203340037726, 310.68140410026535, 310.68140410026535, 305.5808818002697, 305.5808818002697, 305.5802407001611], "b_time_left": [360, 359.99975570011884, 359.99975570011884, 356.59862050018273, 356.59862050018273, 356.59837420028634, 356.59837420028634, 353.19754210021347, 353.19754210021347, 353.19730090000667, 353.19730090000667, 349.7966668999288, 349.7966668999288, 349.7963040000759, 349.7963040000759, 346.39556510024704, 346.39556510024704, 346.3953106002882, 346.3953106002882, 342.9947927002795, 342.9947927002795, 342.9945594002493, 342.9945594002493, 337.8939748003613, 337.8939748003613, 332.7932565002702, 332.7932565002702, 327.6926814003382, 327.6926814003382, 322.59213580028154, 322.59213580028154, 322.5874447003007, 322.5874447003007, 322.5825672002975, 322.5825672002975, 322.5796855003573, 322.5796855003573, 322.5784599003382, 322.5784599003382], "a_moves_left": [39, 39, 38, 38, 37, 37, 36, 36, 35, 35, 34, 34, 33, 33, 32, 32, 31, 31, 30, 30, 29, 29, 28, 28, 27, 27, 26, 26, 25, 25, 24, 24, 23, 23, 22, 22, 21, 21, 20], "b_moves_left": [40, 39, 39, 38, 38, 37, 37, 36, 36, 35, 35, 34, 34, 33, 33, 32, 32, 31, 31, 30, 30, 29, 29, 28, 28, 27, 27, 26, 26, 25, 25, 24, 24, 23, 23, 22, 22, 21, 21], "trapdoor_triggered": [0, 0, 0, 0, 0, 0, 0, 0, 0, 0, 0, 0, 0, 0, 0, 0, 0, 0, 0, 0, 0, 0, 0, 0, 0, 0, 0, 0, 0, 0, 0, 0, 0, 0, 0, 0, 0, 0, 0], "left_behind": ["egg", "egg", "turd", "turd", "egg", "egg", "plain", "plain", "egg", "egg", "plain", "turd", "egg", "egg", "plain", "turd", "plain", "egg", "plain", "turd", "plain", "egg", "turd", "plain", "egg", "egg", "plain", "turd", "egg", "egg", "plain", "plain", "egg", "egg", "plain", "plain", "egg", "egg", "plain"], "errlog_a": "", "errlog_b": "Traceback (most recent call last):\n  File \"C:\\Users\\litte\\Downloads\\dist\\engine\\player_process.py\", line 283, in run_player_process\n    player_move = player.play(\n        temp_board, trapdoor_samples, time_left_func\n    )\n  File \"C:\\Users\\litte\\Downloads\\dist\\3600-agents\\JohnXina5\\agent.py\", line 217, in play\n    val, move = self.minimax(state, 3, float('-inf'), float('inf'), True)\n                ~~~~~~~~~~~~^^^^^^^^^^^^^^^^^^^^^^^^^^^^^^^^^^^^^^^^^^^^^\n  File \"C:\\Users\\litte\\Downloads\\dist\\3600-agents\\JohnXina5\\agent.py\", line 360, in minimax\n    eval_val, _ = self.minimax(new_state, depth - 1, alpha, beta, False)\n                  ~~~~~~~~~~~~^^^^^^^^^^^^^^^^^^^^^^^^^^^^^^^^^^^^^^^^^^\n  File \"C:\\Users\\litte\\Downloads\\dist\\3600-agents\\JohnXina5\\agent.py\", line 373, in minimax\n    eval_val, _ = self.minimax(new_state, depth - 1, alpha, beta, True)\n                  ~~~~~~~~~~~~^^^^^^^^^^^^^^^^^^^^^^^^^^^^^^^^^^^^^^^^^\n  File \"C:\\Users\\litte\\Downloads\\dist\\3600-agents\\JohnXina5\\agent.py\", line 343, in minimax\n    risk = self.tracker.get_risk(next_loc)\n  File \"C:\\Users\\litte\\Downloads\\dist\\3600-agents\\JohnXina5\\agent.py\", line 73, in get_risk\n    return self.even_probs[r, c]\n           ~~~~~~~~~~~~~~~^^^^^^\nIndexError: index 8 is out of bounds for axis 0 with size 8\n", "start_time": 360, "start_moves": 40, "turn_count": 39, "result": 0, "reason": "CODE_CRASH", "trapdoors": [[2, 4], [3, 2]], "spawn_a": [0, 2], "spawn_b": [7, 2]}