{"pos": [[7, 4], [1, 5], [7, 3], [1, 6], [7, 2], [0, 6], [7, 1], [0, 7], [7, 0], [1, 7], [6, 0], [2, 7], [6, 1], [3, 7], [6, 2]], "a_eggs_laid": [1, 1, 1, 1, 2, 2, 2, 2, 3, 3, 3, 3, 4, 4, 4], "b_eggs_laid": [0, 1, 1, 1, 1, 2, 2, 2, 2, 5, 5, 5, 5, 6, 6], "a_turds_left": [5, 5, 4, 4, 4, 4, 3, 3, 3, 3, 2, 2, 2, 2, 1], "b_turds_left": [5, 5, 5, 4, 4, 4, 4, 4, 4, 4, 4, 4, 4, 4, 4], "a_time_left": [359.9976019999958, 359.9976019999958, 359.99586359999375, 359.99586359999375, 359.9941553999961, 359.9941553999961, 359.99218409999594, 359.99218409999594, 359.9902851000006, 359.9902851000006, 359.9890226999996, 359.9890226999996, 359.98595829999977, 359.98595829999977, 359.9841996999967], "b_time_left": [360, 359.9986519000013, 359.9986519000013, 349.9787584000005, 349.9787584000005, 339.9783416000064, 339.9783416000064, 329.97390040000755, 329.97390040000755, 320.5351651000092, 320.5351651000092, 310.5263216000094, 310.5263216000094, 300.5249545000115, 300.5249545000115], "a_moves_left": [39, 39, 38, 38, 37, 37, 36, 36, 35, 35, 34, 34, 33, 33, 32], "b_moves_left": [40, 39, 39, 38, 38, 37, 37, 36, 36, 35, 35, 34, 34, 33, 33], "trapdoor_triggered": [0, 0, 0, 0, 0, 0, 0, 0, 0, 0, 0, 0, 0, 0, 0], "left_behind": ["egg", "egg", "turd", "turd", "egg", "egg", "turd", "plain", "egg", "egg", "turd", "plain", "egg", "egg", "turd"], "errlog_a": "", "errlog_b": "Timeout", "start_time": 360, "start_moves": 40, "turn_count": 15, "result": 0, "reason": "CODE_CRASH", "trapdoors": [[5, 5], [4, 3]], "spawn_a": [7, 5], "spawn_b": [0, 5]}