{"pos": [[0, 1], [6, 2], [1, 1], [6, 1], [1, 0], [7, 1], [2, 0], [7, 0], [3, 0], [6, 0], [4, 0], [5, 0], [4, 1], [5, 1], [3, 1], [4, 1], [3, 0], [5, 1], [3, 1], [5, 2], [3, 2], [4, 2], [0, 2], [3, 2], [1, 2], [2, 2], [1, 3], [1, 2], [1, 4], [2, 2], [1, 5], [2, 1], [1, 4], [2, 2], [2, 4], [2, 3], [0, 2], [7, 2], [0, 3], [7, 3], [0, 4], [6, 3], [0, 3], [6, 4], [1, 3], [6, 5], [1, 4], [6, 6], [1, 3], [5, 6], [1, 4], [4, 6], [1, 3], [3, 6], [1, 4], [2, 6], [1, 3], [1, 6], [1, 4], [0, 6], [1, 3], [0, 7], [1, 4], [1, 7], [1, 3], [2, 7], [1, 4], [3, 7], [1, 3], [4, 7], [1, 4], [5, 7], [1, 3], [6, 7], [1, 4], [7, 7], [1, 3], [7, 6], [1, 4], [7, 5]], "a_eggs_laid": [1, 1, 1, 1, 2, 2, 2, 2, 3, 3, 3, 3, 4, 4, 4, 4, 5, 5, 5, 5, 5, 5, 5, 5, 5, 5, 5, 5, 6, 6, 6, 6, 7, 7, 7, 7, 8, 8, 12, 12, 12, 12, 13, 13, 13, 13, 13, 13, 13, 13, 13, 13, 13, 13, 13, 13, 13, 13, 13, 13, 13, 13, 13, 13, 13, 13, 13, 13, 13, 13, 13, 13, 13, 13, 13, 13, 13, 13, 13, 13], "b_eggs_laid": [0, 1, 1, 1, 1, 2, 2, 2, 2, 5, 5, 5, 5, 6, 6, 6, 6, 7, 7, 7, 7, 8, 8, 12, 12, 13, 13, 13, 13, 14, 14, 14, 14, 15, 15, 15, 15, 20, 20, 20, 20, 20, 20, 21, 21, 21, 21, 22, 22, 22, 22, 23, 23, 23, 23, 24, 24, 24, 24, 25, 25, 25, 25, 28, 28, 28, 28, 29, 29, 29, 29, 30, 30, 30, 30, 31, 31, 31, 31, 32], "a_turds_left": [5, 5, 5, 5, 5, 5, 5, 5, 5, 5, 5, 5, 5, 5, 5, 5, 5, 5, 5, 5, 5, 5, 5, 5, 5, 5, 5, 5, 5, 5, 4, 4, 4, 4, 4, 4, 4, 4, 4, 4, 3, 3, 3, 3, 3, 3, 3, 3, 3, 3, 3, 3, 3, 3, 3, 3, 3, 3, 3, 3, 3, 3, 3, 3, 3, 3, 3, 3, 3, 3, 3, 3, 3, 3, 3, 3, 3, 3, 3, 3], "b_turds_left": [5, 5, 5, 4, 4, 4, 4, 4, 4, 4, 4, 4, 4, 4, 4, 4, 4, 4, 4, 3, 3, 3, 3, 3, 3, 3, 3, 2, 2, 2, 2, 2, 2, 2, 2, 2, 2, 2, 2, 2, 2, 2, 2, 2, 2, 1, 1, 1, 1, 0, 0, 0, 0, 0, 0, 0, 0, 0, 0, 0, 0, 0, 0, 0, 0, 0, 0, 0, 0, 0, 0, 0, 0, 0, 0, 0, 0, 0, 0, 0], "a_time_left": [359.99985939999897, 359.99985939999897, 356.79719320000004, 356.79719320000004, 356.7969238000005, 356.7969238000005, 353.5951692000017, 353.5951692000017, 353.5948959000016, 353.5948959000016, 353.47971520000283, 353.47971520000283, 353.4794808000079, 353.4794808000079, 353.4718286000061, 353.4718286000061, 353.4714649000016, 353.4714649000016, 353.4701367999951, 353.4701367999951, 353.46818730000086, 353.46818730000086, 353.4661320000014, 353.4661320000014, 353.4627276999963, 353.4627276999963, 353.40818559999025, 353.40818559999025, 353.40790799999377, 353.40790799999377, 353.3498760999937, 353.3498760999937, 353.34955039999477, 353.34955039999477, 353.3364190999928, 353.3364190999928, 353.33595459999196, 353.33595459999196, 353.21642389999033, 353.21642389999033, 353.09271849998913, 353.09271849998913, 353.0921507999883, 353.0921507999883, 353.0918630999877, 353.0918630999877, 353.09021089998714, 353.09021089998714, 353.08898589998716, 353.08898589998716, 353.0877163999903, 353.0877163999903, 353.0863607999854, 353.0863607999854, 353.0851003999851, 353.0851003999851, 353.0837810999801, 353.0837810999801, 353.0822048999835, 353.0822048999835, 353.08097059998545, 353.08097059998545, 353.07931879998796, 353.07931879998796, 353.078085599991, 353.078085599991, 353.0767760999952, 353.0767760999952, 353.0755549999958, 353.0755549999958, 353.07323879999603, 353.07323879999603, 353.07199849999597, 353.07199849999597, 353.0707433999996, 353.0707433999996, 353.0695063000021, 353.0695063000021, 353.0681246000022, 353.0681246000022], "b_time_left": [360, 359.9992321000027, 359.9992321000027, 349.99665850000747, 349.99665850000747, 339.9965561000063, 339.9965561000063, 329.9953547000114, 329.9953547000114, 319.9788512000159, 319.9788512000159, 309.9777454000141, 309.9777454000141, 299.9773499000148, 299.9773499000148, 289.95637850001367, 289.95637850001367, 289.73663590000797, 289.73663590000797, 279.73528340000485, 279.73528340000485, 269.73368240000855, 269.73368240000855, 259.70948140000837, 259.70948140000837, 249.70213110000623, 249.70213110000623, 239.70121200000722, 239.70121200000722, 239.6749650000056, 239.6749650000056, 239.52566370000568, 239.52566370000568, 239.50095280000824, 239.50095280000824, 229.21189070001128, 229.21189070001128, 219.20772650001163, 219.20772650001163, 209.2053947000095, 209.2053947000095, 199.2055942000079, 199.2055942000079, 198.8779032000093, 198.8779032000093, 198.6740964000055, 198.6740964000055, 198.35336440000538, 198.35336440000538, 198.0330685000008, 198.0330685000008, 197.6735922000007, 197.6735922000007, 197.53628640000534, 197.53628640000534, 197.09866120000515, 197.09866120000515, 196.95583240000997, 196.95583240000997, 196.64296640000975, 196.64296640000975, 196.53959180000675, 196.53959180000675, 196.36748170000646, 196.36748170000646, 196.31257270000788, 196.31257270000788, 196.00015740000526, 196.00015740000526, 195.9470693000112, 195.9470693000112, 195.64005140000518, 195.64005140000518, 195.5878490000032, 195.5878490000032, 195.35311270000238, 195.35311270000238, 195.30015220000496, 195.30015220000496, 195.09655360000033], "a_moves_left": [39, 39, 38, 38, 37, 37, 36, 36, 35, 35, 34, 34, 33, 33, 32, 32, 31, 31, 30, 30, 29, 29, 28, 28, 27, 27, 26, 26, 25, 25, 24, 24, 23, 23, 22, 22, 21, 21, 20, 20, 19, 19, 18, 18, 17, 17, 16, 16, 15, 15, 14, 14, 13, 13, 12, 12, 11, 11, 10, 10, 9, 9, 8, 8, 7, 7, 6, 6, 5, 5, 4, 4, 3, 3, 2, 2, 1, 1, 0, 0], "b_moves_left": [40, 39, 39, 38, 38, 37, 37, 36, 36, 35, 35, 34, 34, 33, 33, 32, 32, 31, 31, 30, 30, 29, 29, 28, 28, 27, 27, 26, 26, 25, 25, 24, 24, 23, 23, 22, 22, 21, 21, 20, 20, 19, 19, 18, 18, 17, 17, 16, 16, 15, 15, 14, 14, 13, 13, 12, 12, 11, 11, 10, 10, 9, 9, 8, 8, 7, 7, 6, 6, 5, 5, 4, 4, 3, 3, 2, 2, 1, 1, 0], "trapdoor_triggered": [0, 0, 0, 0, 0, 0, 0, 0, 0, 0, 0, 0, 0, 0, 0, 0, 0, 0, 0, 0, 0, 0, 1, 0, 0, 0, 0, 0, 0, 0, 0, 0, 0, 0, 0, 0, 1, 1, 0, 0, 0, 0, 0, 0, 0, 0, 0, 0, 0, 0, 0, 0, 0, 0, 0, 0, 0, 0, 0, 0, 0, 0, 0, 0, 0, 0, 0, 0, 0, 0, 0, 0, 0, 0, 0, 0, 0, 0, 0, 0], "left_behind": ["egg", "egg", "plain", "turd", "egg", "egg", "plain", "plain", "egg", "egg", "plain", "plain", "egg", "egg", "plain", "plain", "egg", "egg", "plain", "turd", "plain", "egg", "plain", "plain", "plain", "egg", "plain", "turd", "egg", "egg", "turd", "plain", "egg", "egg", "plain", "plain", "egg", "egg", "plain", "plain", "turd", "plain", "egg", "egg", "plain", "turd", "plain", "egg", "plain", "turd", "plain", "egg", "plain", "plain", "plain", "egg", "plain", "plain", "plain", "egg", "plain", "plain", "plain", "egg", "plain", "plain", "plain", "egg", "plain", "plain", "plain", "egg", "plain", "plain", "plain", "egg", "plain", "plain", "plain", "egg"], "errlog_a": "", "errlog_b": "", "start_time": 360, "start_moves": 40, "turn_count": 80, "result": 1, "reason": "EGGS_LAID", "trapdoors": [[3, 3], [3, 4]], "spawn_a": [0, 2], "spawn_b": [7, 2]}