{"pos": [[0, 5], [6, 4], [1, 5], [6, 3], [2, 5], [6, 2], [3, 5], [6, 1], [3, 4], [6, 0], [3, 3], [7, 0], [0, 4], [6, 0], [0, 3], [5, 0], [1, 3], [4, 0], [1, 2], [4, 1], [1, 1], [3, 1], [1, 2], [3, 0], [2, 2], [2, 0], [1, 2], [1, 0], [0, 2], [0, 0], [0, 3], [0, 1], [0, 4], [0, 0], [1, 4], [1, 0], [2, 4], [2, 0], [3, 4], [2, 1], [0, 4], [3, 1], [0, 5], [3, 2], [0, 6], [4, 2], [0, 7], [7, 4], [1, 7], [7, 5], [2, 7], [6, 5], [3, 7], [7, 5], [4, 7], [7, 6], [5, 7], [7, 7], [4, 7], [6, 7], [4, 6], [7, 7], [4, 5], [7, 6], [5, 5], [6, 6], [4, 5], [5, 6], [0, 4], [6, 6], [0, 5], [6, 7], [0, 4], [6, 6], [0, 5], [6, 5], [0, 4], [7, 5], [0, 5], [7, 6]], "a_eggs_laid": [1, 1, 1, 1, 2, 2, 2, 2, 3, 3, 3, 3, 4, 4, 4, 4, 4, 4, 5, 5, 5, 5, 6, 6, 6, 6, 7, 7, 7, 7, 8, 8, 8, 8, 8, 8, 8, 8, 9, 9, 9, 9, 9, 9, 9, 9, 10, 10, 14, 14, 15, 15, 15, 15, 16, 16, 16, 16, 17, 17, 17, 17, 18, 18, 18, 18, 19, 19, 19, 19, 19, 19, 19, 19, 19, 19, 19, 19, 19, 19], "b_eggs_laid": [0, 1, 1, 1, 1, 2, 2, 2, 2, 3, 3, 3, 3, 10, 10, 10, 10, 11, 11, 11, 11, 12, 12, 12, 12, 13, 13, 13, 13, 14, 14, 14, 14, 15, 15, 15, 15, 15, 15, 15, 15, 20, 20, 20, 20, 21, 21, 21, 21, 21, 21, 21, 21, 22, 22, 22, 22, 23, 23, 23, 23, 24, 24, 24, 24, 24, 24, 24, 24, 29, 29, 29, 29, 29, 29, 29, 29, 29, 29, 29], "a_turds_left": [5, 5, 5, 5, 5, 5, 5, 5, 5, 5, 5, 5, 5, 5, 5, 5, 5, 5, 5, 5, 4, 4, 4, 4, 4, 4, 4, 4, 4, 4, 4, 4, 3, 3, 3, 3, 2, 2, 2, 2, 1, 1, 1, 1, 1, 1, 1, 1, 1, 1, 1, 1, 1, 1, 1, 1, 0, 0, 0, 0, 0, 0, 0, 0, 0, 0, 0, 0, 0, 0, 0, 0, 0, 0, 0, 0, 0, 0, 0, 0], "b_turds_left": [5, 5, 5, 4, 4, 4, 4, 3, 3, 3, 3, 3, 3, 3, 3, 3, 3, 3, 3, 3, 3, 3, 3, 3, 3, 3, 3, 3, 3, 3, 3, 2, 2, 2, 2, 2, 2, 2, 2, 2, 2, 2, 2, 1, 1, 1, 1, 0, 0, 0, 0, 0, 0, 0, 0, 0, 0, 0, 0, 0, 0, 0, 0, 0, 0, 0, 0, 0, 0, 0, 0, 0, 0, 0, 0, 0, 0, 0, 0, 0], "a_time_left": [357.44831420000264, 357.44831420000264, 354.8973284000058, 354.8973284000058, 352.3458490000048, 352.3458490000048, 349.79407960000754, 349.79407960000754, 347.24230260000695, 347.24230260000695, 344.6908785000087, 344.6908785000087, 342.13897080000606, 342.13897080000606, 339.58524120000584, 339.58524120000584, 337.03382230000716, 337.03382230000716, 334.4817515000068, 334.4817515000068, 330.2299730000086, 330.2299730000086, 330.14764710000964, 330.14764710000964, 325.89517500000875, 325.89517500000875, 325.84267890000774, 325.84267890000774, 325.83823200000916, 325.83823200000916, 325.8333736000095, 325.8333736000095, 325.8318054000083, 325.8318054000083, 321.5808904000114, 321.5808904000114, 317.32940130001225, 317.32940130001225, 313.0775348000134, 313.0775348000134, 308.8260937000159, 308.8260937000159, 304.5727172000152, 304.5727172000152, 300.317629400015, 300.317629400015, 296.0639271000182, 296.0639271000182, 291.8125500000169, 291.8125500000169, 285.857276000017, 285.857276000017, 279.89923610002006, 279.89923610002006, 273.9455945000227, 273.9455945000227, 267.99078450002344, 267.99078450002344, 267.96265470002254, 267.96265470002254, 267.9560722000242, 267.9560722000242, 262.0017367000255, 262.0017367000255, 256.04643710002347, 256.04643710002347, 256.0337256000239, 256.0337256000239, 256.01862030002303, 256.01862030002303, 250.06435820002298, 250.06435820002298, 250.06251720002183, 250.06251720002183, 244.11005970002225, 244.11005970002225, 244.10877990002336, 244.10877990002336, 238.1517021000218, 238.1517021000218], "b_time_left": [360, 359.9987844999996, 359.9987844999996, 349.9680093999996, 349.9680093999996, 339.93460100000084, 339.93460100000084, 329.916344199999, 329.916344199999, 319.91580989999784, 319.91580989999784, 309.91514269999607, 309.91514269999607, 299.90870249999716, 299.90870249999716, 289.8914014999973, 289.8914014999973, 279.8834924999974, 279.8834924999974, 269.87166539999816, 269.87166539999816, 259.8712893999982, 259.8712893999982, 249.87050399999862, 249.87050399999862, 239.86982109999735, 239.86982109999735, 229.86856819999593, 229.86856819999593, 219.86806239999714, 219.86806239999714, 219.76296639999782, 219.76296639999782, 219.7229430999978, 219.7229430999978, 219.67237919999752, 219.67237919999752, 209.93095969999922, 209.93095969999922, 199.93061889999808, 199.93061889999808, 190.59534770000027, 190.59534770000027, 181.0228055999978, 181.0228055999978, 171.02206869999645, 171.02206869999645, 161.01978639999652, 161.01978639999652, 151.0184455999988, 151.0184455999988, 141.0173532000008, 141.0173532000008, 131.01156679999985, 131.01156679999985, 131.01078280000002, 131.01078280000002, 121.00820659999954, 121.00820659999954, 111.00740059999953, 111.00740059999953, 101.76593549999961, 101.76593549999961, 101.76524779999818, 101.76524779999818, 101.76458999999886, 101.76458999999886, 92.53678889999719, 92.53678889999719, 92.0540482999968, 92.0540482999968, 92.04561589999503, 92.04561589999503, 91.77345359999526, 91.77345359999526, 91.77262819999669, 91.77262819999669, 91.35170649999782, 91.35170649999782, 91.3411019999985], "a_moves_left": [39, 39, 38, 38, 37, 37, 36, 36, 35, 35, 34, 34, 33, 33, 32, 32, 31, 31, 30, 30, 29, 29, 28, 28, 27, 27, 26, 26, 25, 25, 24, 24, 23, 23, 22, 22, 21, 21, 20, 20, 19, 19, 18, 18, 17, 17, 16, 16, 15, 15, 14, 14, 13, 13, 12, 12, 11, 11, 10, 10, 9, 9, 8, 8, 7, 7, 6, 6, 5, 5, 4, 4, 3, 3, 2, 2, 1, 1, 0, 0], "b_moves_left": [40, 39, 39, 38, 38, 37, 37, 36, 36, 35, 35, 34, 34, 33, 33, 32, 32, 31, 31, 30, 30, 29, 29, 28, 28, 27, 27, 26, 26, 25, 25, 24, 24, 23, 23, 22, 22, 21, 21, 20, 20, 19, 19, 18, 18, 17, 17, 16, 16, 15, 15, 14, 14, 13, 13, 12, 12, 11, 11, 10, 10, 9, 9, 8, 8, 7, 7, 6, 6, 5, 5, 4, 4, 3, 3, 2, 2, 1, 1, 0], "trapdoor_triggered": [0, 0, 0, 0, 0, 0, 0, 0, 0, 0, 0, 0, 1, 0, 0, 0, 0, 0, 0, 0, 0, 0, 0, 0, 0, 0, 0, 0, 0, 0, 0, 0, 0, 0, 0, 0, 0, 0, 0, 0, 1, 0, 0, 0, 0, 0, 0, 1, 0, 0, 0, 0, 0, 0, 0, 0, 0, 0, 0, 0, 0, 0, 0, 0, 0, 0, 0, 0, 1, 0, 0, 0, 0, 0, 0, 0, 0, 0, 0, 0], "left_behind": ["egg", "egg", "plain", "turd", "egg", "egg", "plain", "turd", "egg", "egg", "plain", "plain", "egg", "egg", "plain", "plain", "plain", "egg", "egg", "plain", "turd", "egg", "egg", "plain", "plain", "egg", "egg", "plain", "plain", "egg", "egg", "turd", "turd", "egg", "plain", "plain", "turd", "plain", "egg", "plain", "turd", "egg", "plain", "turd", "plain", "egg", "egg", "turd", "plain", "plain", "egg", "plain", "plain", "egg", "egg", "plain", "turd", "egg", "egg", "plain", "plain", "egg", "egg", "plain", "plain", "plain", "egg", "plain", "plain", "egg", "plain", "plain", "plain", "plain", "plain", "plain", "plain", "plain", "plain", "plain"], "errlog_a": "", "errlog_b": "", "start_time": 360, "start_moves": 40, "turn_count": 80, "result": 1, "reason": "EGGS_LAID", "trapdoors": [[4, 4], [4, 3]], "spawn_a": [0, 4], "spawn_b": [7, 4]}