{"pos": [[0, 3], [6, 4], [1, 3], [6, 3], [1, 2], [6, 2], [2, 2], [7, 2], [2, 1], [7, 1], [3, 1], [6, 1], [3, 0], [6, 0], [4, 0], [5, 0], [4, 1], [6, 0], [4, 2], [7, 0], [4, 1], [6, 0], [5, 1], [5, 0], [4, 1], [6, 0], [4, 2], [5, 0], [4, 3], [6, 0], [3, 3], [7, 0], [3, 2], [6, 0], [3, 3], [5, 0], [2, 3], [6, 0], [2, 4], [7, 0], [2, 3], [6, 0], [2, 2], [5, 0], [2, 3], [6, 0], [2, 4], [7, 0], [0, 4], [6, 0], [1, 4], [5, 0], [1, 5], [6, 0], [1, 4], [7, 0], [2, 4], [7, 1], [3, 4], [7, 2], [0, 4], [7, 1], [0, 5], [7, 2], [0, 6], [7, 3], [0, 5], [6, 3], [0, 4], [6, 4], [1, 4], [6, 5], [2, 4], [6, 6], [2, 3], [5, 6], [2, 2], [5, 7], [2, 1], [4, 7]], "a_eggs_laid": [1, 1, 1, 1, 2, 2, 2, 2, 3, 3, 3, 3, 4, 4, 4, 4, 5, 5, 5, 5, 6, 6, 6, 6, 7, 7, 7, 7, 7, 7, 7, 7, 8, 8, 8, 8, 8, 8, 8, 8, 9, 9, 9, 9, 9, 9, 9, 9, 9, 9, 9, 9, 9, 9, 10, 10, 10, 10, 10, 10, 10, 10, 10, 10, 10, 10, 11, 11, 11, 11, 11, 11, 11, 11, 11, 11, 11, 11, 11, 11], "b_eggs_laid": [0, 1, 1, 1, 1, 2, 2, 2, 2, 3, 3, 3, 3, 4, 4, 4, 4, 5, 5, 5, 5, 8, 8, 8, 8, 8, 8, 8, 8, 8, 8, 8, 8, 8, 8, 8, 8, 8, 8, 8, 8, 8, 8, 8, 8, 8, 8, 8, 8, 12, 12, 12, 12, 12, 12, 12, 12, 12, 12, 12, 12, 16, 16, 16, 16, 16, 16, 16, 16, 16, 16, 16, 16, 17, 17, 17, 17, 18, 18, 18], "a_turds_left": [5, 5, 5, 5, 5, 5, 4, 4, 4, 4, 4, 4, 4, 4, 3, 3, 3, 3, 2, 2, 2, 2, 2, 2, 2, 2, 2, 2, 2, 2, 1, 1, 1, 1, 0, 0, 0, 0, 0, 0, 0, 0, 0, 0, 0, 0, 0, 0, 0, 0, 0, 0, 0, 0, 0, 0, 0, 0, 0, 0, 0, 0, 0, 0, 0, 0, 0, 0, 0, 0, 0, 0, 0, 0, 0, 0, 0, 0, 0, 0], "b_turds_left": [5, 5, 5, 4, 4, 4, 4, 3, 3, 3, 3, 3, 3, 3, 3, 3, 3, 3, 3, 3, 3, 3, 3, 3, 3, 3, 3, 3, 3, 3, 3, 3, 3, 3, 3, 3, 3, 3, 3, 3, 3, 3, 3, 3, 3, 3, 3, 3, 3, 3, 3, 3, 3, 3, 3, 3, 3, 3, 3, 3, 3, 3, 3, 3, 3, 3, 3, 3, 3, 3, 3, 3, 3, 3, 3, 2, 2, 2, 2, 2], "a_time_left": [359.9986968000012, 359.9986968000012, 359.9970267999961, 359.9970267999961, 359.99446829999215, 359.99446829999215, 359.9921025999938, 359.9921025999938, 359.989385199995, 359.989385199995, 359.9869320999933, 359.9869320999933, 359.98113969999395, 359.98113969999395, 359.9771252999926, 359.9771252999926, 359.9731723999939, 359.9731723999939, 359.96951079999417, 359.96951079999417, 359.96668449998833, 359.96668449998833, 359.9643051999883, 359.9643051999883, 359.95977299998776, 359.95977299998776, 359.9564912999849, 359.9564912999849, 359.9533207999848, 359.9533207999848, 359.9508683999884, 359.9508683999884, 359.94840609998937, 359.94840609998937, 359.9456120999894, 359.9456120999894, 359.9437663999852, 359.9437663999852, 359.94124079998437, 359.94124079998437, 359.93722139998863, 359.93722139998863, 359.93489189998945, 359.93489189998945, 359.9294747999884, 359.9294747999884, 359.92679749998206, 359.92679749998206, 359.924667199979, 359.924667199979, 359.92255609997665, 359.92255609997665, 359.92083029997593, 359.92083029997593, 359.91831909997563, 359.91831909997563, 359.91553199997725, 359.91553199997725, 359.9128963999756, 359.9128963999756, 359.911017599974, 359.911017599974, 359.9087086999716, 359.9087086999716, 359.90669499996875, 359.90669499996875, 359.90430089997244, 359.90430089997244, 359.90384379996976, 359.90384379996976, 359.90198029997555, 359.90198029997555, 359.9000597999766, 359.9000597999766, 356.6960303999731, 356.6960303999731, 356.6938696999714, 356.6938696999714, 353.49041959996975, 353.49041959996975], "b_time_left": [360, 359.9993789, 359.9993789, 349.99843990000227, 349.99843990000227, 339.99754970000504, 339.99754970000504, 329.99713420000626, 329.99713420000626, 319.99686150000343, 319.99686150000343, 309.99641410000186, 309.99641410000186, 300.0274702000024, 300.0274702000024, 290.0266995999991, 290.0266995999991, 280.01311669999996, 280.01311669999996, 270.00986589999957, 270.00986589999957, 269.1984922999982, 269.1984922999982, 269.1934070999996, 269.1934070999996, 269.0367307999986, 269.0367307999986, 268.9587279999978, 268.9587279999978, 268.379219699993, 268.379219699993, 268.3760002999916, 268.3760002999916, 268.1854968999978, 268.1854968999978, 268.10465109999495, 268.10465109999495, 267.97811489999003, 267.97811489999003, 267.97158529999433, 267.97158529999433, 267.7787721999921, 267.7787721999921, 267.68765479999274, 267.68765479999274, 267.61676749999606, 267.61676749999606, 267.5182264999894, 267.5182264999894, 266.9709842999873, 266.9709842999873, 266.9655550999887, 266.9655550999887, 266.9650260999915, 266.9650260999915, 266.9639843999903, 266.9639843999903, 266.96345669998846, 266.96345669998846, 266.9626970999889, 266.9626970999889, 266.4311328999902, 266.4311328999902, 266.43031379998865, 266.43031379998865, 265.7151152999868, 265.7151152999868, 265.7076574999883, 265.7076574999883, 265.47024319999036, 265.47024319999036, 265.28590739999345, 265.28590739999345, 263.61006649999763, 263.61006649999763, 263.0398483999961, 263.0398483999961, 248.03905169999052, 248.03905169999052, 233.03870509998524], "a_moves_left": [39, 39, 38, 38, 37, 37, 36, 36, 35, 35, 34, 34, 33, 33, 32, 32, 31, 31, 30, 30, 29, 29, 28, 28, 27, 27, 26, 26, 25, 25, 24, 24, 23, 23, 22, 22, 21, 21, 20, 20, 19, 19, 18, 18, 17, 17, 16, 16, 15, 15, 14, 14, 13, 13, 12, 12, 11, 11, 10, 10, 9, 9, 8, 8, 7, 7, 6, 6, 5, 5, 4, 4, 3, 3, 2, 2, 1, 1, 0, 0], "b_moves_left": [40, 39, 39, 38, 38, 37, 37, 36, 36, 35, 35, 34, 34, 33, 33, 32, 32, 31, 31, 30, 30, 29, 29, 28, 28, 27, 27, 26, 26, 25, 25, 24, 24, 23, 23, 22, 22, 21, 21, 20, 20, 19, 19, 18, 18, 17, 17, 16, 16, 15, 15, 14, 14, 13, 13, 12, 12, 11, 11, 10, 10, 9, 9, 8, 8, 7, 7, 6, 6, 5, 5, 4, 4, 3, 3, 2, 2, 1, 1, 0], "trapdoor_triggered": [0, 0, 0, 0, 0, 0, 0, 0, 0, 0, 0, 0, 0, 0, 0, 0, 0, 0, 0, 0, 0, 0, 0, 0, 0, 0, 0, 0, 0, 0, 0, 0, 0, 0, 0, 0, 0, 0, 0, 0, 0, 0, 0, 0, 0, 0, 0, 0, 1, 0, 0, 0, 0, 0, 0, 0, 0, 0, 0, 0, 1, 0, 0, 0, 0, 0, 0, 0, 0, 0, 0, 0, 0, 0, 0, 0, 0, 0, 0, 0], "left_behind": ["egg", "egg", "plain", "turd", "egg", "egg", "turd", "turd", "egg", "egg", "plain", "plain", "egg", "egg", "turd", "plain", "egg", "egg", "turd", "plain", "egg", "egg", "plain", "plain", "egg", "plain", "plain", "plain", "plain", "plain", "turd", "plain", "egg", "plain", "turd", "plain", "plain", "plain", "plain", "plain", "egg", "plain", "plain", "plain", "plain", "plain", "plain", "plain", "plain", "plain", "plain", "plain", "plain", "plain", "egg", "plain", "plain", "plain", "plain", "plain", "plain", "plain", "plain", "plain", "plain", "plain", "egg", "plain", "plain", "plain", "plain", "plain", "plain", "egg", "plain", "turd", "plain", "egg", "plain", "plain"], "errlog_a": "", "errlog_b": "", "start_time": 360, "start_moves": 40, "turn_count": 80, "result": 1, "reason": "EGGS_LAID", "trapdoors": [[4, 4], [2, 5]], "spawn_a": [0, 4], "spawn_b": [7, 4]}