{"pos": [[0, 5], [6, 6], [0, 4], [6, 5], [0, 3], [6, 4], [0, 2], [6, 3], [0, 1], [6, 2], [1, 1], [6, 1], [1, 0], [7, 1], [2, 0], [7, 0], [2, 1], [6, 0], [3, 1], [5, 0], [3, 0], [6, 0], [4, 0], [7, 0], [4, 1], [7, 1], [5, 1], [7, 2], [4, 1], [7, 3], [4, 2], [7, 4], [4, 1], [7, 3], [4, 0], [6, 3], [4, 1], [5, 3], [4, 0], [5, 4], [4, 1], [5, 5], [4, 0], [5, 6], [4, 1], [4, 6], [4, 0], [4, 7], [4, 1], [3, 7], [4, 0], [3, 6], [4, 1], [2, 6], [5, 1], [2, 5], [4, 1], [1, 5], [5, 1], [1, 4], [4, 1], [1, 3], [5, 1], [1, 2], [4, 1], [1, 3], [5, 1], [0, 3], [4, 1], [1, 3], [5, 1], [2, 3], [4, 1], [2, 4], [5, 1], [3, 4], [4, 1], [3, 5], [5, 1], [3, 4]], "a_eggs_laid": [1, 1, 1, 1, 2, 2, 2, 2, 3, 3, 3, 3, 4, 4, 4, 4, 5, 5, 5, 5, 6, 6, 6, 6, 7, 7, 7, 7, 8, 8, 8, 8, 9, 9, 9, 9, 9, 9, 9, 9, 9, 9, 9, 9, 9, 9, 9, 9, 9, 9, 9, 9, 9, 9, 9, 9, 9, 9, 9, 9, 9, 9, 9, 9, 9, 9, 9, 9, 9, 9, 9, 9, 9, 9, 9, 9, 9, 9, 9, 9], "b_eggs_laid": [0, 1, 1, 1, 1, 2, 2, 2, 2, 3, 3, 3, 3, 4, 4, 4, 4, 7, 7, 7, 7, 8, 8, 8, 8, 8, 8, 8, 8, 9, 9, 9, 9, 10, 10, 10, 10, 10, 10, 10, 10, 11, 11, 11, 11, 12, 12, 12, 12, 13, 13, 13, 13, 14, 14, 14, 14, 15, 15, 15, 15, 16, 16, 16, 16, 17, 17, 17, 17, 18, 18, 18, 18, 18, 18, 18, 18, 18, 18, 18], "a_turds_left": [5, 5, 5, 5, 5, 5, 5, 5, 5, 5, 5, 5, 5, 5, 5, 5, 5, 5, 5, 5, 5, 5, 5, 5, 5, 5, 5, 5, 5, 5, 5, 5, 5, 5, 5, 5, 5, 5, 5, 5, 5, 5, 5, 5, 5, 5, 5, 5, 5, 5, 4, 4, 4, 4, 4, 4, 4, 4, 4, 4, 4, 4, 4, 4, 4, 4, 4, 4, 4, 4, 4, 4, 4, 4, 4, 4, 4, 4, 4, 4], "b_turds_left": [5, 5, 5, 4, 4, 4, 4, 3, 3, 3, 3, 2, 2, 2, 2, 2, 2, 2, 2, 2, 2, 2, 2, 2, 2, 2, 2, 2, 2, 2, 2, 2, 2, 2, 2, 2, 2, 2, 2, 1, 1, 1, 1, 0, 0, 0, 0, 0, 0, 0, 0, 0, 0, 0, 0, 0, 0, 0, 0, 0, 0, 0, 0, 0, 0, 0, 0, 0, 0, 0, 0, 0, 0, 0, 0, 0, 0, 0, 0, 0], "a_time_left": [359.9974527000013, 359.9974527000013, 359.9954499000014, 359.9954499000014, 359.99270100000285, 359.99270100000285, 359.99090000000433, 359.99090000000433, 359.9889115000042, 359.9889115000042, 359.9877198000031, 359.9877198000031, 359.98582629999873, 359.98582629999873, 359.9841388999994, 359.9841388999994, 359.98207930000353, 359.98207930000353, 359.9803774000029, 359.9803774000029, 359.9778091000044, 359.9778091000044, 359.9763529000047, 359.9763529000047, 359.9744778000022, 359.9744778000022, 359.9727139000024, 359.9727139000024, 359.9706201000008, 359.9706201000008, 359.96915609999996, 359.96915609999996, 359.9671335999956, 359.9671335999956, 359.9652494999973, 359.9652494999973, 359.96377389999543, 359.96377389999543, 359.9619859999948, 359.9619859999948, 359.96044339999935, 359.96044339999935, 359.95857489999617, 359.95857489999617, 359.95698069999344, 359.95698069999344, 359.9554120999892, 359.9554120999892, 359.9538388999863, 359.9538388999863, 359.95193399998243, 359.95193399998243, 359.9495571999796, 359.9495571999796, 359.9474846999801, 359.9474846999801, 359.94568719997915, 359.94568719997915, 359.9441521999761, 359.9441521999761, 359.9424851999793, 359.9424851999793, 359.9409059999816, 359.9409059999816, 359.9394654999778, 359.9394654999778, 359.9379275999745, 359.9379275999745, 359.9367118999726, 359.9367118999726, 359.9351663999769, 359.9351663999769, 359.93377669997426, 359.93377669997426, 359.93221849997644, 359.93221849997644, 359.9306032999739, 359.9306032999739, 359.9290788999788, 359.9290788999788], "b_time_left": [360, 359.99830649999785, 359.99830649999785, 349.99769090000336, 349.99769090000336, 339.9943643000006, 339.9943643000006, 329.99380389999715, 329.99380389999715, 319.9788619999963, 319.9788619999963, 309.97573399999237, 309.97573399999237, 299.97534889999224, 299.97534889999224, 289.9738331999906, 289.9738331999906, 279.9736227999965, 279.9736227999965, 269.9734494000004, 269.9734494000004, 260.5484992000056, 260.5484992000056, 260.49558980001166, 260.49558980001166, 250.49508550001337, 250.49508550001337, 240.48618350001198, 240.48618350001198, 230.48533610000595, 230.48533610000595, 220.48365210001066, 220.48365210001066, 220.18012500000623, 220.18012500000623, 220.11562940001022, 220.11562940001022, 219.96148960000573, 219.96148960000573, 218.61689900000783, 218.61689900000783, 218.55821560000913, 218.55821560000913, 217.5274216000107, 217.5274216000107, 217.46779770001012, 217.46779770001012, 216.27528050001274, 216.27528050001274, 216.18978330001846, 216.18978330001846, 215.25798390001728, 215.25798390001728, 214.75718790001702, 214.75718790001702, 214.41375830001925, 214.41375830001925, 213.997073500017, 213.997073500017, 213.71651590002148, 213.71651590002148, 213.38252790002298, 213.38252790002298, 213.10654590002378, 213.10654590002378, 212.93585430001986, 212.93585430001986, 212.93545220002125, 212.93545220002125, 212.82498510002188, 212.82498510002188, 212.8245411000171, 212.8245411000171, 212.82402070001262, 212.82402070001262, 212.82332830000814, 212.82332830000814, 212.82283820000885, 212.82283820000885, 212.70567070000834], "a_moves_left": [39, 39, 38, 38, 37, 37, 36, 36, 35, 35, 34, 34, 33, 33, 32, 32, 31, 31, 30, 30, 29, 29, 28, 28, 27, 27, 26, 26, 25, 25, 24, 24, 23, 23, 22, 22, 21, 21, 20, 20, 19, 19, 18, 18, 17, 17, 16, 16, 15, 15, 14, 14, 13, 13, 12, 12, 11, 11, 10, 10, 9, 9, 8, 8, 7, 7, 6, 6, 5, 5, 4, 4, 3, 3, 2, 2, 1, 1, 0, 0], "b_moves_left": [40, 39, 39, 38, 38, 37, 37, 36, 36, 35, 35, 34, 34, 33, 33, 32, 32, 31, 31, 30, 30, 29, 29, 28, 28, 27, 27, 26, 26, 25, 25, 24, 24, 23, 23, 22, 22, 21, 21, 20, 20, 19, 19, 18, 18, 17, 17, 16, 16, 15, 15, 14, 14, 13, 13, 12, 12, 11, 11, 10, 10, 9, 9, 8, 8, 7, 7, 6, 6, 5, 5, 4, 4, 3, 3, 2, 2, 1, 1, 0], "trapdoor_triggered": [0, 0, 0, 0, 0, 0, 0, 0, 0, 0, 0, 0, 0, 0, 0, 0, 0, 0, 0, 0, 0, 0, 0, 0, 0, 0, 0, 0, 0, 0, 0, 0, 0, 0, 0, 0, 0, 0, 0, 0, 0, 0, 0, 0, 0, 0, 0, 0, 0, 0, 0, 0, 0, 0, 0, 0, 0, 0, 0, 0, 0, 0, 0, 0, 0, 0, 0, 0, 0, 0, 0, 0, 0, 0, 0, 0, 0, 0, 0, 0], "left_behind": ["egg", "egg", "plain", "turd", "egg", "egg", "plain", "turd", "egg", "egg", "plain", "turd", "egg", "egg", "plain", "plain", "egg", "egg", "plain", "plain", "egg", "egg", "plain", "plain", "egg", "plain", "plain", "plain", "egg", "egg", "plain", "plain", "egg", "egg", "plain", "plain", "plain", "plain", "plain", "turd", "plain", "egg", "plain", "turd", "plain", "egg", "plain", "plain", "plain", "egg", "turd", "plain", "plain", "egg", "plain", "plain", "plain", "egg", "plain", "plain", "plain", "egg", "plain", "plain", "plain", "egg", "plain", "plain", "plain", "egg", "plain", "plain", "plain", "plain", "plain", "plain", "plain", "plain", "plain", "plain"], "errlog_a": "", "errlog_b": "", "start_time": 360, "start_moves": 40, "turn_count": 80, "result": 1, "reason": "EGGS_LAID", "trapdoors": [[3, 3], [4, 5]], "spawn_a": [0, 6], "spawn_b": [7, 6]}