{"pos": [[1, 4], [6, 4], [2, 4], [6, 3], [3, 4], [6, 2], [4, 4], [6, 1], [4, 3], [6, 0], [5, 3], [7, 0], [4, 3], [6, 0], [4, 2], [5, 0], [3, 2], [4, 0], [2, 2], [3, 0], [0, 4], [2, 0], [0, 3], [1, 0], [1, 3], [1, 1], [1, 4], [1, 2], [1, 5], [1, 1], [2, 5], [2, 1], [3, 5], [1, 1], [4, 5], [0, 1], [0, 4], [1, 1]], "a_eggs_laid": [1, 1, 1, 1, 2, 2, 2, 2, 3, 3, 3, 3, 4, 4, 4, 4, 5, 5, 5, 5, 6, 6, 6, 6, 6, 6, 7, 7, 7, 7, 8, 8, 8, 8, 9, 9, 9, 9], "b_eggs_laid": [0, 1, 1, 1, 1, 2, 2, 2, 2, 3, 3, 3, 3, 6, 6, 6, 6, 7, 7, 7, 7, 12, 12, 12, 12, 13, 13, 13, 13, 14, 14, 14, 14, 15, 15, 15, 15, 20], "a_turds_left": [5, 5, 5, 5, 5, 5, 5, 5, 5, 5, 5, 5, 5, 5, 5, 5, 5, 5, 4, 4, 4, 4, 4, 4, 3, 3, 3, 3, 2, 2, 2, 2, 1, 1, 1, 1, 1, 1], "b_turds_left": [5, 5, 5, 4, 4, 4, 4, 3, 3, 3, 3, 3, 3, 3, 3, 3, 3, 3, 3, 2, 2, 2, 2, 1, 1, 1, 1, 1, 1, 1, 1, 1, 1, 1, 1, 1, 1, 1], "a_time_left": [357.4424230000004, 357.4424230000004, 354.8892842999994, 354.8892842999994, 352.3366576999979, 352.3366576999979, 349.78413830000136, 349.78413830000136, 347.2311231999993, 347.2311231999993, 344.67729359999794, 344.67729359999794, 342.1246199999987, 342.1246199999987, 339.57280689999607, 339.57280689999607, 337.01931369999875, 337.01931369999875, 334.4675428999981, 334.4675428999981, 330.2128509999966, 330.2128509999966, 325.9614390999959, 325.9614390999959, 321.70846949999395, 321.70846949999395, 321.5164689999947, 321.5164689999947, 321.4975367999941, 321.4975367999941, 317.24469369999497, 317.24469369999497, 312.9917944999943, 312.9917944999943, 308.7380445999952, 308.7380445999952, 304.48445579999316, 304.48445579999316], "b_time_left": [360, 359.9981654999974, 359.9981654999974, 349.96442099999695, 349.96442099999695, 339.96047559999715, 339.96047559999715, 329.9480342999959, 329.9480342999959, 320.11409549999735, 320.11409549999735, 310.1134018999983, 310.1134018999983, 300.10954729999867, 300.10954729999867, 290.64978600000177, 290.64978600000177, 280.6371433000022, 280.6371433000022, 270.6355668000033, 270.6355668000033, 260.6346214000041, 260.6346214000041, 250.6301375000039, 250.6301375000039, 240.62852680000287, 240.62852680000287, 230.62783200000558, 230.62783200000558, 220.62508980000712, 220.62508980000712, 210.62189670000953, 210.62189670000953, 200.99404160000995, 200.99404160000995, 190.99351150000803, 190.99351150000803, 181.38485150000997], "a_moves_left": [39, 39, 38, 38, 37, 37, 36, 36, 35, 35, 34, 34, 33, 33, 32, 32, 31, 31, 30, 30, 29, 29, 28, 28, 27, 27, 26, 26, 25, 25, 24, 24, 23, 23, 22, 22, 21, 21], "b_moves_left": [40, 39, 39, 38, 38, 37, 37, 36, 36, 35, 35, 34, 34, 33, 33, 32, 32, 31, 31, 30, 30, 29, 29, 28, 28, 27, 27, 26, 26, 25, 25, 24, 24, 23, 23, 22, 22, 21], "trapdoor_triggered": [0, 0, 0, 0, 0, 0, 0, 0, 0, 0, 0, 0, 0, 0, 0, 0, 0, 0, 0, 0, 1, 0, 0, 0, 0, 0, 0, 0, 0, 0, 0, 0, 0, 0, 0, 0, 1, 0], "left_behind": ["egg", "egg", "plain", "turd", "egg", "egg", "plain", "turd", "egg", "egg", "plain", "plain", "egg", "egg", "plain", "plain", "egg", "egg", "turd", "turd", "egg", "egg", "plain", "turd", "turd", "egg", "egg", "plain", "turd", "egg", "egg", "plain", "turd", "egg", "egg", "plain", "plain", "egg"], "errlog_a": "Timeout", "errlog_b": "", "start_time": 360, "start_moves": 40, "turn_count": 38, "result": 1, "reason": "CODE_CRASH", "trapdoors": [[5, 5], [2, 3]], "spawn_a": [0, 4], "spawn_b": [7, 4]}