{"pos": [[1, 4], [6, 4], [2, 4], [6, 5], [3, 4], [6, 6], [3, 3]], "a_eggs_laid": [1, 1, 1, 1, 2, 2, 2], "b_eggs_laid": [0, 1, 1, 1, 1, 2, 2], "a_turds_left": [5, 5, 5, 5, 5, 5, 5], "b_turds_left": [5, 5, 5, 4, 4, 4, 4], "a_time_left": [357.4478134000019, 357.4478134000019, 354.8967478000013, 354.8967478000013, 352.34589760000017, 352.34589760000017, 349.7937330999994], "b_time_left": [360, 359.996719499999, 359.996719499999, 349.9953041999979, 349.9953041999979, 339.9774619999989, 339.9774619999989], "a_moves_left": [39, 39, 38, 38, 37, 37, 36], "b_moves_left": [40, 39, 39, 38, 38, 37, 37], "trapdoor_triggered": [0, 0, 0, 0, 0, 0, 0], "left_behind": ["egg", "egg", "plain", "turd", "egg", "egg", "plain"], "errlog_a": "", "errlog_b": "Timeout", "start_time": 360, "start_moves": 40, "turn_count": 7, "result": 0, "reason": "CODE_CRASH", "trapdoors": [[3, 5], [2, 5]], "spawn_a": [0, 4], "spawn_b": [7, 4]}