{"pos": [[7, 0], [1, 1], [6, 0], [1, 2], [7, 0], [1, 3], [7, 1], [1, 4], [7, 2], [1, 5], [6, 2], [0, 5], [6, 1], [0, 6], [5, 1], [0, 7], [5, 0], [1, 7], [4, 0], [2, 7], [5, 0], [3, 7], [5, 1], [3, 6], [5, 2], [4, 6], [4, 2], [5, 6], [4, 1], [5, 5], [3, 1], [6, 5], [3, 0], [7, 5], [2, 0], [7, 6], [3, 0], [7, 7], [3, 1], [6, 7], [3, 2], [5, 7], [4, 2], [4, 7], [5, 2], [4, 6], [5, 3]], "a_eggs_laid": [1, 1, 1, 1, 2, 2, 2, 2, 2, 2, 2, 2, 3, 3, 3, 3, 4, 4, 4, 4, 5, 5, 5, 5, 5, 5, 5, 5, 6, 6, 6, 6, 7, 7, 7, 7, 8, 8, 8, 8, 8, 8, 8, 8, 8, 8, 8], "b_eggs_laid": [0, 1, 1, 1, 1, 2, 2, 2, 2, 3, 3, 3, 3, 4, 4, 4, 4, 7, 7, 7, 7, 8, 8, 8, 8, 9, 9, 9, 9, 10, 10, 10, 10, 11, 11, 11, 11, 12, 12, 12, 12, 13, 13, 13, 13, 14, 14], "a_turds_left": [5, 5, 5, 5, 5, 5, 5, 5, 5, 5, 5, 5, 5, 5, 5, 5, 5, 5, 5, 5, 5, 5, 5, 5, 5, 5, 5, 5, 5, 5, 4, 4, 4, 4, 3, 3, 3, 3, 3, 3, 3, 3, 2, 2, 2, 2, 1], "b_turds_left": [5, 5, 5, 4, 4, 4, 4, 3, 3, 3, 3, 2, 2, 2, 2, 2, 2, 2, 2, 1, 1, 1, 1, 1, 1, 1, 1, 1, 1, 1, 1, 1, 1, 1, 1, 0, 0, 0, 0, 0, 0, 0, 0, 0, 0, 0, 0], "a_time_left": [359.9996037000019, 359.9996037000019, 356.7976751000024, 356.7976751000024, 356.79723009999725, 356.79723009999725, 356.79679519999627, 356.79679519999627, 353.59127669999725, 353.59127669999725, 350.3854480999944, 350.3854480999944, 350.3849677999897, 350.3849677999897, 347.17856829999073, 347.17856829999073, 347.1778501999943, 347.1778501999943, 343.972220299991, 343.972220299991, 343.97179619998496, 343.97179619998496, 343.9710578999802, 343.9710578999802, 338.3668771999801, 338.3668771999801, 332.7599988999791, 332.7599988999791, 332.75955309998244, 332.75955309998244, 327.15245589998085, 327.15245589998085, 327.15195269998367, 327.15195269998367, 321.549022999985, 321.549022999985, 321.54865019998397, 321.54865019998397, 321.5481158999828, 321.5481158999828, 321.5405129999781, 321.5405129999781, 321.53162049998355, 321.53162049998355, 321.5278336999836, 321.5278336999836, 321.18933819998347], "b_time_left": [360, 359.99918310000066, 359.99918310000066, 349.975110600004, 349.975110600004, 349.5528010000053, 349.5528010000053, 339.5408418000079, 339.5408418000079, 329.5350033000068, 329.5350033000068, 319.5295896000098, 319.5295896000098, 309.5152072000128, 309.5152072000128, 299.51238420001755, 299.51238420001755, 289.98055260002, 289.98055260002, 279.98023840002134, 279.98023840002134, 279.51119750002545, 279.51119750002545, 269.5077347000188, 269.5077347000188, 259.5074584000249, 259.5074584000249, 249.50453900002321, 249.50453900002321, 239.50339970002096, 239.50339970002096, 229.5030605000211, 229.5030605000211, 220.03779230001965, 220.03779230001965, 219.834949400014, 219.834949400014, 219.5806311000124, 219.5806311000124, 209.58049920001213, 209.58049920001213, 199.58037290001084, 199.58037290001084, 189.57971770001313, 189.57971770001313, 179.57911690001492, 179.57911690001492], "a_moves_left": [39, 39, 38, 38, 37, 37, 36, 36, 35, 35, 34, 34, 33, 33, 32, 32, 31, 31, 30, 30, 29, 29, 28, 28, 27, 27, 26, 26, 25, 25, 24, 24, 23, 23, 22, 22, 21, 21, 20, 20, 19, 19, 18, 18, 17, 17, 16], "b_moves_left": [40, 39, 39, 38, 38, 37, 37, 36, 36, 35, 35, 34, 34, 33, 33, 32, 32, 31, 31, 30, 30, 29, 29, 28, 28, 27, 27, 26, 26, 25, 25, 24, 24, 23, 23, 22, 22, 21, 21, 20, 20, 19, 19, 18, 18, 17, 17], "trapdoor_triggered": [0, 0, 0, 0, 0, 0, 0, 0, 0, 0, 0, 0, 0, 0, 0, 0, 0, 0, 0, 0, 0, 0, 0, 0, 0, 0, 0, 0, 0, 0, 0, 0, 0, 0, 0, 0, 0, 0, 0, 0, 0, 0, 0, 0, 0, 0, 0], "left_behind": ["egg", "egg", "plain", "turd", "egg", "egg", "plain", "turd", "plain", "egg", "plain", "turd", "egg", "egg", "plain", "plain", "egg", "egg", "plain", "turd", "egg", "egg", "plain", "plain", "plain", "egg", "plain", "plain", "egg", "egg", "turd", "plain", "egg", "egg", "turd", "turd", "egg", "egg", "plain", "plain", "plain", "egg", "turd", "plain", "plain", "egg", "turd"], "errlog_a": "", "errlog_b": "Timeout", "start_time": 360, "start_moves": 40, "turn_count": 47, "result": 0, "reason": "CODE_CRASH", "trapdoors": [[2, 2], [5, 4]], "spawn_a": [7, 1], "spawn_b": [0, 1]}