{"pos": [[0, 3], [6, 4], [1, 3], [6, 3], [1, 2], [6, 2], [2, 2], [7, 2], [2, 1], [7, 1], [3, 1], [7, 0], [3, 0], [6, 0], [2, 0], [5, 0], [2, 1], [5, 1], [1, 1], [5, 2], [1, 0], [5, 3], [0, 0], [5, 4], [1, 0], [5, 5], [1, 1], [5, 6], [1, 2], [5, 7], [0, 2], [4, 7], [0, 1], [3, 7], [0, 0], [2, 7], [1, 0], [1, 7], [1, 1], [0, 7], [1, 2], [0, 6], [1, 1], [1, 6], [0, 1], [0, 6], [0, 0], [0, 5]], "a_eggs_laid": [1, 1, 1, 1, 2, 2, 2, 2, 3, 3, 3, 3, 4, 4, 4, 4, 5, 5, 5, 5, 6, 6, 6, 6, 9, 9, 9, 9, 9, 9, 9, 9, 10, 10, 10, 10, 10, 10, 10, 10, 10, 10, 10, 10, 10, 10, 10, 10], "b_eggs_laid": [0, 1, 1, 1, 1, 2, 2, 2, 2, 3, 3, 3, 3, 6, 6, 6, 6, 7, 7, 7, 7, 8, 8, 8, 8, 9, 9, 9, 9, 10, 10, 10, 10, 11, 11, 11, 11, 12, 12, 12, 12, 15, 15, 15, 15, 16, 16, 16], "a_turds_left": [5, 5, 5, 5, 5, 5, 5, 5, 5, 5, 5, 5, 5, 5, 4, 4, 4, 4, 3, 3, 3, 3, 3, 3, 3, 3, 3, 3, 3, 3, 3, 3, 3, 3, 3, 3, 3, 3, 3, 3, 3, 3, 3, 3, 3, 3, 3, 3], "b_turds_left": [5, 5, 5, 4, 4, 4, 4, 3, 3, 3, 3, 2, 2, 2, 2, 2, 2, 2, 2, 1, 1, 1, 1, 0, 0, 0, 0, 0, 0, 0, 0, 0, 0, 0, 0, 0, 0, 0, 0, 0, 0, 0, 0, 0, 0, 0, 0, 0], "a_time_left": [359.99798700000247, 359.99798700000247, 357.44670269999915, 357.44670269999915, 357.4459652000005, 357.4459652000005, 354.8948894999994, 354.8948894999994, 354.89428690000204, 354.89428690000204, 352.34363360000134, 352.34363360000134, 352.34288290000404, 352.34288290000404, 349.7918428000048, 349.7918428000048, 349.79103240000404, 349.79103240000404, 347.2398047000097, 347.2398047000097, 347.2391706000126, 347.2391706000126, 342.988176200015, 342.988176200015, 342.9874791000111, 342.9874791000111, 342.9859443000096, 342.9859443000096, 338.7348356000148, 338.7348356000148, 334.48253130001103, 334.48253130001103, 334.48169230001076, 334.48169230001076, 334.48110510000697, 334.48110510000697, 330.23033280000527, 330.23033280000527, 330.2294735000105, 330.2294735000105, 325.9771608000083, 325.9771608000083, 325.9761831000069, 325.9761831000069, 321.72494810000353, 321.72494810000353, 321.7242000000042, 321.7242000000042], "b_time_left": [360, 359.9989199999982, 359.9989199999982, 349.9746574000019, 349.9746574000019, 339.9709390000062, 339.9709390000062, 329.9705821000025, 329.9705821000025, 319.97036110000045, 319.97036110000045, 310.033256799994, 310.033256799994, 300.0791284999941, 300.0791284999941, 290.3531052999897, 290.3531052999897, 280.35248129998945, 280.35248129998945, 270.77068369998597, 270.77068369998597, 260.77049749998696, 260.77049749998696, 250.77030869998998, 250.77030869998998, 250.39505649999046, 250.39505649999046, 240.39474439998594, 240.39474439998594, 230.3936841999821, 230.3936841999821, 220.39289089998056, 220.39289089998056, 220.06186699998216, 220.06186699998216, 219.4489299999841, 219.4489299999841, 219.30021869998745, 219.30021869998745, 218.51579739998851, 218.51579739998851, 218.4038634999888, 218.4038634999888, 217.6877920999832, 217.6877920999832, 217.67999599998438, 217.67999599998438, 217.32156279998162], "a_moves_left": [39, 39, 38, 38, 37, 37, 36, 36, 35, 35, 34, 34, 33, 33, 32, 32, 31, 31, 30, 30, 29, 29, 28, 28, 27, 27, 26, 26, 25, 25, 24, 24, 23, 23, 22, 22, 21, 21, 20, 20, 19, 19, 18, 18, 17, 17, 16, 16], "b_moves_left": [40, 39, 39, 38, 38, 37, 37, 36, 36, 35, 35, 34, 34, 33, 33, 32, 32, 31, 31, 30, 30, 29, 29, 28, 28, 27, 27, 26, 26, 25, 25, 24, 24, 23, 23, 22, 22, 21, 21, 20, 20, 19, 19, 18, 18, 17, 17, 16], "trapdoor_triggered": [0, 0, 0, 0, 0, 0, 0, 0, 0, 0, 0, 0, 0, 0, 0, 0, 0, 0, 0, 0, 0, 0, 0, 0, 0, 0, 0, 0, 0, 0, 0, 0, 0, 0, 0, 0, 0, 0, 0, 0, 0, 0, 0, 0, 0, 0, 0, 0], "left_behind": ["egg", "egg", "plain", "turd", "egg", "egg", "plain", "turd", "egg", "egg", "plain", "turd", "egg", "egg", "turd", "plain", "egg", "egg", "turd", "turd", "egg", "egg", "plain", "turd", "egg", "egg", "plain", "plain", "plain", "egg", "plain", "plain", "egg", "egg", "plain", "plain", "plain", "egg", "plain", "plain", "plain", "egg", "plain", "plain", "plain", "egg", "plain", "plain"], "errlog_a": "Timeout", "errlog_b": "", "start_time": 360, "start_moves": 40, "turn_count": 48, "result": 1, "reason": "CODE_CRASH", "trapdoors": [[3, 3], [4, 3]], "spawn_a": [0, 4], "spawn_b": [7, 4]}