{"pos": [[1, 4], [6, 4], [2, 4], [6, 5], [3, 4], [6, 6], [3, 3], [5, 6], [4, 3], [4, 6], [4, 2], [3, 6], [5, 2], [2, 6], [5, 3], [1, 6], [5, 2], [0, 6], [5, 1], [0, 7], [4, 1], [1, 7], [3, 1], [2, 7], [2, 1], [3, 7], [1, 1], [4, 7], [1, 2], [5, 7], [1, 3], [6, 7], [1, 4], [7, 7], [1, 5], [7, 6], [0, 5], [7, 5], [0, 6], [7, 4], [0, 5], [7, 3], [0, 4], [7, 2], [0, 3], [7, 1], [0, 2], [6, 1], [0, 1], [6, 0], [0, 0], [7, 0], [1, 0], [6, 0], [2, 0], [5, 0], [3, 0], [4, 0], [3, 1], [4, 1], [2, 1], [4, 0], [0, 4], [3, 0], [1, 4], [4, 0], [1, 3], [5, 0], [2, 3], [6, 0], [0, 4], [6, 1], [0, 3], [6, 2], [0, 2], [6, 3], [1, 2], [6, 2], [0, 4], [5, 2]], "a_eggs_laid": [1, 1, 1, 1, 2, 2, 2, 2, 3, 3, 3, 3, 4, 4, 4, 4, 5, 5, 5, 5, 6, 6, 6, 6, 7, 7, 7, 7, 8, 8, 8, 8, 9, 9, 9, 9, 10, 10, 10, 10, 11, 11, 11, 11, 11, 11, 11, 11, 12, 12, 12, 12, 15, 15, 15, 15, 16, 16, 16, 16, 16, 16, 16, 16, 16, 16, 16, 16, 16, 16, 16, 16, 16, 16, 16, 16, 16, 16, 16, 16], "b_eggs_laid": [0, 1, 1, 1, 1, 2, 2, 2, 2, 3, 3, 3, 3, 4, 4, 4, 4, 5, 5, 5, 5, 8, 8, 8, 8, 9, 9, 9, 9, 10, 10, 10, 10, 11, 11, 11, 11, 12, 12, 12, 12, 12, 12, 12, 12, 13, 13, 13, 13, 14, 14, 14, 14, 17, 17, 17, 17, 18, 18, 18, 18, 19, 19, 23, 23, 23, 23, 23, 23, 23, 23, 27, 27, 27, 27, 27, 27, 28, 28, 32], "a_turds_left": [5, 5, 5, 5, 5, 5, 5, 5, 5, 5, 4, 4, 4, 4, 4, 4, 4, 4, 4, 4, 4, 4, 4, 4, 4, 4, 4, 4, 4, 4, 4, 4, 4, 4, 4, 4, 4, 4, 4, 4, 4, 4, 4, 4, 4, 4, 4, 4, 4, 4, 4, 4, 4, 4, 3, 3, 3, 3, 3, 3, 3, 3, 2, 2, 2, 2, 2, 2, 2, 2, 2, 2, 2, 2, 2, 2, 2, 2, 1, 1], "b_turds_left": [5, 5, 5, 4, 4, 4, 4, 3, 3, 3, 3, 2, 2, 2, 2, 1, 1, 1, 1, 1, 1, 1, 1, 1, 1, 1, 1, 1, 1, 1, 1, 1, 1, 1, 1, 1, 1, 1, 1, 1, 1, 1, 1, 1, 1, 1, 1, 0, 0, 0, 0, 0, 0, 0, 0, 0, 0, 0, 0, 0, 0, 0, 0, 0, 0, 0, 0, 0, 0, 0, 0, 0, 0, 0, 0, 0, 0, 0, 0, 0], "a_time_left": [357.44766569999774, 357.44766569999774, 354.8968913999961, 354.8968913999961, 352.3454044999962, 352.3454044999962, 349.7941140999974, 349.7941140999974, 347.2418309999957, 347.2418309999957, 344.68925009999657, 344.68925009999657, 342.1376562999976, 342.1376562999976, 339.58599599999434, 339.58599599999434, 337.03421829999206, 337.03421829999206, 334.4830078999912, 334.4830078999912, 330.2315714999895, 330.2315714999895, 325.9794922999863, 325.9794922999863, 321.726841199983, 321.726841199983, 317.4748551999837, 317.4748551999837, 313.22302239998317, 313.22302239998317, 308.97151529998155, 308.97151529998155, 304.71952619998046, 304.71952619998046, 300.4678170999796, 300.4678170999796, 296.2160764999826, 296.2160764999826, 291.961794299983, 291.961794299983, 287.7084682999812, 287.7084682999812, 287.7066359999844, 287.7066359999844, 283.4504480999858, 283.4504480999858, 279.19795449998855, 279.19795449998855, 274.9449521999886, 274.9449521999886, 268.9916351999891, 268.9916351999891, 263.03712859998996, 263.03712859998996, 257.08430979998957, 257.08430979998957, 251.13080939999054, 251.13080939999054, 251.12945349999063, 251.12945349999063, 251.12444359999063, 251.12444359999063, 245.17327559999103, 245.17327559999103, 239.2218917999926, 239.2218917999926, 239.22105279999232, 239.22105279999232, 233.2692144999928, 233.2692144999928, 227.31792089999362, 227.31792089999362, 221.36625309999363, 221.36625309999363, 221.36551989999498, 221.36551989999498, 215.41429369999605, 215.41429369999605, 209.462933099996, 209.462933099996], "b_time_left": [360, 359.99867040000026, 359.99867040000026, 349.9983135000002, 349.9983135000002, 339.9957422000007, 339.9957422000007, 329.9692346000011, 329.9692346000011, 319.9112637000035, 319.9112637000035, 309.9109759000057, 309.9109759000057, 299.9096929000043, 299.9096929000043, 289.9042847000055, 289.9042847000055, 279.9016144000052, 279.9016144000052, 269.90092200000436, 269.90092200000436, 259.99419210000633, 259.99419210000633, 249.99184360000436, 249.99184360000436, 239.99162280000382, 239.99162280000382, 229.9912130000048, 229.9912130000048, 219.99089860000458, 219.99089860000458, 209.98999270000422, 209.98999270000422, 200.45187400000214, 200.45187400000214, 191.0301073000046, 191.0301073000046, 181.42422490000172, 181.42422490000172, 181.2737010000019, 181.2737010000019, 180.87483950000387, 180.87483950000387, 170.87438380000458, 170.87438380000458, 160.87299270000221, 160.87299270000221, 150.86893130000317, 150.86893130000317, 140.88593100000435, 140.88593100000435, 130.88550240000404, 130.88550240000404, 120.88491090000389, 120.88491090000389, 120.88404160000209, 120.88404160000209, 120.13136170000143, 120.13136170000143, 110.64975190000405, 110.64975190000405, 101.40891910000573, 101.40891910000573, 101.40837690000626, 101.40837690000626, 101.4076417000033, 101.4076417000033, 101.40725630000452, 101.40725630000452, 101.40671360000488, 101.40671360000488, 101.31524070000523, 101.31524070000523, 101.14656080000714, 101.14656080000714, 86.14632800000982, 86.14632800000982, 71.14605250001114, 71.14605250001114, 71.14538020001419], "a_moves_left": [39, 39, 38, 38, 37, 37, 36, 36, 35, 35, 34, 34, 33, 33, 32, 32, 31, 31, 30, 30, 29, 29, 28, 28, 27, 27, 26, 26, 25, 25, 24, 24, 23, 23, 22, 22, 21, 21, 20, 20, 19, 19, 18, 18, 17, 17, 16, 16, 15, 15, 14, 14, 13, 13, 12, 12, 11, 11, 10, 10, 9, 9, 8, 8, 7, 7, 6, 6, 5, 5, 4, 4, 3, 3, 2, 2, 1, 1, 0, 0], "b_moves_left": [40, 39, 39, 38, 38, 37, 37, 36, 36, 35, 35, 34, 34, 33, 33, 32, 32, 31, 31, 30, 30, 29, 29, 28, 28, 27, 27, 26, 26, 25, 25, 24, 24, 23, 23, 22, 22, 21, 21, 20, 20, 19, 19, 18, 18, 17, 17, 16, 16, 15, 15, 14, 14, 13, 13, 12, 12, 11, 11, 10, 10, 9, 9, 8, 8, 7, 7, 6, 6, 5, 5, 4, 4, 3, 3, 2, 2, 1, 1, 0], "trapdoor_triggered": [0, 0, 0, 0, 0, 0, 0, 0, 0, 0, 0, 0, 0, 0, 0, 0, 0, 0, 0, 0, 0, 0, 0, 0, 0, 0, 0, 0, 0, 0, 0, 0, 0, 0, 0, 0, 0, 0, 0, 0, 0, 0, 0, 0, 0, 0, 0, 0, 0, 0, 0, 0, 0, 0, 0, 0, 0, 0, 0, 0, 0, 0, 1, 0, 0, 0, 0, 0, 0, 0, 1, 0, 0, 0, 0, 0, 0, 0, 1, 0], "left_behind": ["egg", "egg", "plain", "turd", "egg", "egg", "plain", "turd", "egg", "egg", "turd", "turd", "egg", "egg", "plain", "turd", "egg", "egg", "plain", "plain", "egg", "egg", "plain", "plain", "egg", "egg", "plain", "plain", "egg", "egg", "plain", "plain", "egg", "egg", "plain", "plain", "egg", "egg", "plain", "plain", "egg", "plain", "plain", "plain", "plain", "egg", "plain", "turd", "egg", "egg", "plain", "plain", "egg", "egg", "turd", "plain", "egg", "egg", "plain", "plain", "plain", "egg", "turd", "plain", "plain", "plain", "plain", "plain", "plain", "plain", "plain", "plain", "plain", "plain", "plain", "plain", "plain", "egg", "turd", "plain"], "errlog_a": "", "errlog_b": "", "start_time": 360, "start_moves": 40, "turn_count": 80, "result": 1, "reason": "EGGS_LAID", "trapdoors": [[2, 2], [2, 5]], "spawn_a": [0, 4], "spawn_b": [7, 4]}