{"pos": [[7, 0], [1, 1], [6, 0], [1, 2], [6, 1], [1, 3], [5, 1], [1, 4], [5, 0], [1, 5], [4, 0], [1, 6], [4, 1], [1, 7], [4, 2], [0, 7], [4, 1], [1, 7], [3, 1], [2, 7], [3, 0], [3, 7], [2, 0], [4, 7], [3, 0], [5, 7], [3, 1], [6, 7], [7, 1], [7, 7], [7, 2], [7, 6], [7, 3], [6, 6], [7, 2], [6, 5], [7, 3], [6, 6], [6, 3], [5, 6], [6, 2], [5, 5], [6, 1], [4, 5], [6, 2], [3, 5], [5, 2], [2, 5], [5, 3], [2, 4], [5, 2], [3, 4], [5, 1], [3, 5], [4, 1], [3, 6], [4, 0], [4, 6], [3, 0], [5, 6], [2, 0], [5, 7], [3, 0], [6, 7], [3, 1], [7, 7], [7, 1], [7, 6], [7, 0], [7, 5], [6, 0], [7, 4], [6, 1], [7, 5], [6, 0], [7, 6], [6, 1], [6, 6], [6, 0], [6, 5]], "a_eggs_laid": [1, 1, 1, 1, 1, 1, 1, 1, 2, 2, 2, 2, 3, 3, 3, 3, 4, 4, 4, 4, 5, 5, 5, 5, 5, 5, 5, 5, 5, 5, 5, 5, 5, 5, 6, 6, 6, 6, 6, 6, 6, 6, 7, 7, 7, 7, 7, 7, 7, 7, 8, 8, 8, 8, 8, 8, 8, 8, 8, 8, 8, 8, 8, 8, 8, 8, 8, 8, 8, 8, 8, 8, 8, 8, 8, 8, 8, 8, 8, 8], "b_eggs_laid": [0, 1, 1, 1, 1, 2, 2, 2, 2, 3, 3, 3, 3, 4, 4, 4, 4, 7, 7, 7, 7, 8, 8, 8, 8, 9, 9, 9, 9, 14, 14, 14, 14, 15, 15, 15, 15, 16, 16, 16, 16, 17, 17, 17, 17, 18, 18, 18, 18, 19, 19, 19, 19, 20, 20, 20, 20, 21, 21, 21, 21, 21, 21, 21, 21, 21, 21, 25, 25, 25, 25, 25, 25, 26, 26, 26, 26, 26, 26, 26], "a_turds_left": [5, 5, 5, 5, 4, 4, 4, 4, 4, 4, 4, 4, 4, 4, 4, 4, 4, 4, 4, 4, 4, 4, 4, 4, 3, 3, 3, 3, 3, 3, 3, 3, 2, 2, 2, 2, 2, 2, 2, 2, 1, 1, 1, 1, 0, 0, 0, 0, 0, 0, 0, 0, 0, 0, 0, 0, 0, 0, 0, 0, 0, 0, 0, 0, 0, 0, 0, 0, 0, 0, 0, 0, 0, 0, 0, 0, 0, 0, 0, 0], "b_turds_left": [5, 5, 5, 4, 4, 4, 4, 3, 3, 3, 3, 2, 2, 2, 2, 2, 2, 2, 2, 2, 2, 2, 2, 2, 2, 2, 2, 1, 1, 1, 1, 1, 1, 1, 1, 1, 1, 1, 1, 1, 1, 1, 1, 0, 0, 0, 0, 0, 0, 0, 0, 0, 0, 0, 0, 0, 0, 0, 0, 0, 0, 0, 0, 0, 0, 0, 0, 0, 0, 0, 0, 0, 0, 0, 0, 0, 0, 0, 0, 0], "a_time_left": [359.99819240000215, 359.99819240000215, 359.99681480000436, 359.99681480000436, 359.9952604000064, 359.9952604000064, 359.99362430000474, 359.99362430000474, 359.9923739000078, 359.9923739000078, 359.9906172000119, 359.9906172000119, 359.987703900013, 359.987703900013, 357.9847074000136, 357.9847074000136, 357.98244350001914, 357.98244350001914, 355.97818900001585, 355.97818900001585, 355.97566670001834, 355.97566670001834, 351.9725604000196, 351.9725604000196, 351.96987860001536, 351.96987860001536, 351.96941490002064, 351.96941490002064, 347.96599100001913, 347.96599100001913, 343.96355000001495, 343.96355000001495, 339.959093100013, 339.959093100013, 339.95110220001516, 339.95110220001516, 339.94901510001364, 339.94901510001364, 339.94753620000847, 339.94753620000847, 335.9455977000034, 335.9455977000034, 335.9431027000028, 335.9431027000028, 331.9406270999971, 331.9406270999971, 327.9373634000003, 327.9373634000003, 323.9349527000013, 323.9349527000013, 323.9304664999945, 323.9304664999945, 323.9267073999945, 323.9267073999945, 320.7241453999959, 320.7241453999959, 320.7213769999944, 320.7213769999944, 317.51876469999115, 317.51876469999115, 317.51365229999647, 317.51365229999647, 317.5113949999941, 317.5113949999941, 317.511130999992, 317.511130999992, 314.3088230999856, 314.3088230999856, 311.1055697999909, 311.1055697999909, 311.10329299998557, 311.10329299998557, 311.10131299998466, 311.10131299998466, 311.09910729998956, 311.09910729998956, 311.09850399998686, 311.09850399998686, 311.09552799998346, 311.09552799998346], "b_time_left": [360, 359.9990300999998, 359.9990300999998, 349.99644409999746, 349.99644409999746, 339.9962916000004, 339.9962916000004, 329.99588070000027, 329.99588070000027, 319.9925646000047, 319.9925646000047, 309.9877859000044, 309.9877859000044, 299.95654849999846, 299.95654849999846, 289.94535840000026, 289.94535840000026, 279.94495050000114, 279.94495050000114, 270.04518030000327, 270.04518030000327, 260.0449299000029, 260.0449299000029, 250.04372820000572, 250.04372820000572, 249.14181620000454, 249.14181620000454, 246.80214480000723, 246.80214480000723, 236.79757580000296, 236.79757580000296, 226.79703160000645, 226.79703160000645, 216.7990443000017, 216.7990443000017, 206.79704180000408, 206.79704180000408, 196.79503250000562, 196.79503250000562, 186.79480870000407, 186.79480870000407, 176.79449160000513, 176.79449160000513, 176.58268630000384, 176.58268630000384, 166.58163230000355, 166.58163230000355, 156.57909150000341, 156.57909150000341, 146.57871729999897, 146.57871729999897, 146.34002460000193, 146.34002460000193, 145.08886340000026, 145.08886340000026, 145.08125250000012, 145.08125250000012, 143.87051789999532, 143.87051789999532, 143.74398839999776, 143.74398839999776, 143.5445314000026, 143.5445314000026, 143.44446120000066, 143.44446120000066, 142.87763540000014, 142.87763540000014, 142.7762864000033, 142.7762864000033, 141.5479806000003, 141.5479806000003, 141.1528588000001, 141.1528588000001, 140.8989392000003, 140.8989392000003, 140.89850060000026, 140.89850060000026, 140.51672160000453, 140.51672160000453, 140.41747840000608], "a_moves_left": [39, 39, 38, 38, 37, 37, 36, 36, 35, 35, 34, 34, 33, 33, 32, 32, 31, 31, 30, 30, 29, 29, 28, 28, 27, 27, 26, 26, 25, 25, 24, 24, 23, 23, 22, 22, 21, 21, 20, 20, 19, 19, 18, 18, 17, 17, 16, 16, 15, 15, 14, 14, 13, 13, 12, 12, 11, 11, 10, 10, 9, 9, 8, 8, 7, 7, 6, 6, 5, 5, 4, 4, 3, 3, 2, 2, 1, 1, 0, 0], "b_moves_left": [40, 39, 39, 38, 38, 37, 37, 36, 36, 35, 35, 34, 34, 33, 33, 32, 32, 31, 31, 30, 30, 29, 29, 28, 28, 27, 27, 26, 26, 25, 25, 24, 24, 23, 23, 22, 22, 21, 21, 20, 20, 19, 19, 18, 18, 17, 17, 16, 16, 15, 15, 14, 14, 13, 13, 12, 12, 11, 11, 10, 10, 9, 9, 8, 8, 7, 7, 6, 6, 5, 5, 4, 4, 3, 3, 2, 2, 1, 1, 0], "trapdoor_triggered": [0, 0, 0, 0, 0, 0, 0, 0, 0, 0, 0, 0, 0, 0, 0, 0, 0, 0, 0, 0, 0, 0, 0, 0, 0, 0, 0, 0, 1, 0, 0, 0, 0, 0, 0, 0, 0, 0, 0, 0, 0, 0, 0, 0, 0, 0, 0, 0, 0, 0, 0, 0, 0, 0, 0, 0, 0, 0, 0, 0, 0, 0, 0, 0, 0, 0, 1, 0, 0, 0, 0, 0, 0, 0, 0, 0, 0, 0, 0, 0], "left_behind": ["egg", "egg", "plain", "turd", "turd", "egg", "plain", "turd", "egg", "egg", "plain", "turd", "egg", "egg", "plain", "plain", "egg", "egg", "plain", "plain", "egg", "egg", "plain", "plain", "turd", "egg", "plain", "turd", "plain", "egg", "plain", "plain", "turd", "egg", "egg", "plain", "plain", "egg", "plain", "plain", "turd", "egg", "egg", "turd", "turd", "egg", "plain", "plain", "plain", "egg", "egg", "plain", "plain", "egg", "plain", "plain", "plain", "egg", "plain", "plain", "plain", "plain", "plain", "plain", "plain", "plain", "plain", "plain", "plain", "plain", "plain", "plain", "plain", "egg", "plain", "plain", "plain", "plain", "plain", "plain"], "errlog_a": "", "errlog_b": "", "start_time": 360, "start_moves": 40, "turn_count": 80, "result": 1, "reason": "EGGS_LAID", "trapdoors": [[4, 4], [3, 2]], "spawn_a": [7, 1], "spawn_b": [0, 1]}