{"pos": [[7, 0], [1, 1], [6, 0], [1, 2], [6, 1], [1, 3], [5, 1], [1, 4], [5, 0], [1, 5], [4, 0], [0, 5], [4, 1], [0, 6], [4, 2], [0, 7], [4, 1], [1, 7], [3, 1], [2, 7], [3, 0], [3, 7], [2, 0], [3, 6], [3, 0], [4, 6], [2, 0], [5, 6], [3, 0], [6, 6], [3, 1], [6, 5], [3, 2], [6, 4], [7, 1], [6, 3], [6, 1], [6, 2], [6, 0], [7, 2], [6, 1], [6, 2], [6, 0], [5, 2], [5, 0], [6, 2], [4, 0], [7, 2], [4, 1], [7, 3], [4, 0], [7, 4], [5, 0], [7, 5], [6, 0], [7, 6], [6, 1], [7, 7]], "a_eggs_laid": [1, 1, 1, 1, 1, 1, 1, 1, 2, 2, 2, 2, 3, 3, 3, 3, 4, 4, 4, 4, 5, 5, 5, 5, 5, 5, 5, 5, 5, 5, 5, 5, 5, 5, 5, 5, 5, 5, 5, 5, 5, 5, 5, 5, 5, 5, 5, 5, 5, 5, 5, 5, 5, 5, 5, 5, 5, 5], "b_eggs_laid": [0, 1, 1, 1, 1, 2, 2, 2, 2, 3, 3, 3, 3, 4, 4, 4, 4, 7, 7, 7, 7, 8, 8, 8, 8, 9, 9, 9, 9, 10, 10, 10, 10, 11, 11, 15, 15, 16, 16, 16, 16, 17, 17, 17, 17, 18, 18, 18, 18, 18, 18, 18, 18, 19, 19, 19, 19, 20], "a_turds_left": [5, 5, 5, 5, 4, 4, 4, 4, 4, 4, 4, 4, 4, 4, 4, 4, 4, 4, 4, 4, 4, 4, 4, 4, 3, 3, 3, 3, 3, 3, 2, 2, 2, 2, 1, 1, 1, 1, 1, 1, 1, 1, 1, 1, 1, 1, 0, 0, 0, 0, 0, 0, 0, 0, 0, 0, 0, 0], "b_turds_left": [5, 5, 5, 4, 4, 4, 4, 3, 3, 3, 3, 2, 2, 2, 2, 1, 1, 1, 1, 1, 1, 1, 1, 1, 1, 1, 1, 0, 0, 0, 0, 0, 0, 0, 0, 0, 0, 0, 0, 0, 0, 0, 0, 0, 0, 0, 0, 0, 0, 0, 0, 0, 0, 0, 0, 0, 0, 0], "a_time_left": [359.9974230000007, 359.9974230000007, 359.99555279999913, 359.99555279999913, 359.9927155000041, 359.9927155000041, 359.9914760000029, 359.9914760000029, 359.9882365000012, 359.9882365000012, 359.98594279999816, 359.98594279999816, 359.9826163999969, 359.9826163999969, 357.9796872000006, 357.9796872000006, 357.9767850999997, 357.9767850999997, 355.97357320000447, 355.97357320000447, 355.970731100002, 355.970731100002, 351.96713470000395, 351.96713470000395, 351.96517070000846, 351.96517070000846, 351.96216030000505, 351.96216030000505, 351.9580996000077, 351.9580996000077, 347.9545160000125, 347.9545160000125, 343.95185010001296, 343.95185010001296, 339.9482776000077, 339.9482776000077, 335.9447889000148, 335.9447889000148, 335.82379610001954, 335.82379610001954, 335.82076340002095, 335.82076340002095, 335.67284370002744, 335.67284370002744, 335.6714923000327, 335.6714923000327, 331.66982910002844, 331.66982910002844, 327.66846960002295, 327.66846960002295, 327.66726740002196, 327.66726740002196, 324.4659195000204, 324.4659195000204, 324.4647411000187, 324.4647411000187, 324.463513300012, 324.463513300012], "b_time_left": [360, 359.9982985999959, 359.9982985999959, 350.5031151999938, 350.5031151999938, 340.5026783999929, 340.5026783999929, 330.47475279999344, 330.47475279999344, 320.4735722999976, 320.4735722999976, 311.16432489999715, 311.16432489999715, 301.16165940000064, 301.16165940000064, 291.1573622000069, 291.1573622000069, 281.1566911000118, 281.1566911000118, 271.1523838000139, 271.1523838000139, 261.14999100001296, 261.14999100001296, 251.14960520001478, 251.14960520001478, 250.1350810000149, 250.1350810000149, 246.694842300014, 246.694842300014, 246.68320800001675, 246.68320800001675, 236.68130920001568, 236.68130920001568, 226.7632216000202, 226.7632216000202, 216.76287430002412, 216.76287430002412, 206.76251570002933, 206.76251570002933, 197.42977200002497, 197.42977200002497, 187.429417500025, 187.429417500025, 178.21674600002734, 178.21674600002734, 178.14295820002735, 178.14295820002735, 178.09624610003084, 178.09624610003084, 177.95960830002878, 177.95960830002878, 177.63464250003017, 177.63464250003017, 177.29413040002692, 177.29413040002692, 167.2939775000268, 167.2939775000268, 157.69905900002777], "a_moves_left": [39, 39, 38, 38, 37, 37, 36, 36, 35, 35, 34, 34, 33, 33, 32, 32, 31, 31, 30, 30, 29, 29, 28, 28, 27, 27, 26, 26, 25, 25, 24, 24, 23, 23, 22, 22, 21, 21, 20, 20, 19, 19, 18, 18, 17, 17, 16, 16, 15, 15, 14, 14, 13, 13, 12, 12, 11, 11], "b_moves_left": [40, 39, 39, 38, 38, 37, 37, 36, 36, 35, 35, 34, 34, 33, 33, 32, 32, 31, 31, 30, 30, 29, 29, 28, 28, 27, 27, 26, 26, 25, 25, 24, 24, 23, 23, 22, 22, 21, 21, 20, 20, 19, 19, 18, 18, 17, 17, 16, 16, 15, 15, 14, 14, 13, 13, 12, 12, 11], "trapdoor_triggered": [0, 0, 0, 0, 0, 0, 0, 0, 0, 0, 0, 0, 0, 0, 0, 0, 0, 0, 0, 0, 0, 0, 0, 0, 0, 0, 0, 0, 0, 0, 0, 0, 0, 0, 1, 0, 0, 0, 0, 0, 0, 0, 0, 0, 0, 0, 0, 0, 0, 0, 0, 0, 0, 0, 0, 0, 0, 0], "left_behind": ["egg", "egg", "plain", "turd", "turd", "egg", "plain", "turd", "egg", "egg", "plain", "turd", "egg", "egg", "plain", "turd", "egg", "egg", "plain", "plain", "egg", "egg", "plain", "plain", "turd", "egg", "plain", "turd", "plain", "egg", "turd", "plain", "plain", "egg", "turd", "plain", "plain", "egg", "plain", "plain", "plain", "egg", "plain", "plain", "plain", "egg", "turd", "plain", "plain", "plain", "plain", "plain", "plain", "egg", "plain", "plain", "plain", "egg"], "errlog_a": "Timeout", "errlog_b": "", "start_time": 360, "start_moves": 40, "turn_count": 58, "result": 1, "reason": "CODE_CRASH", "trapdoors": [[3, 3], [2, 3]], "spawn_a": [7, 1], "spawn_b": [0, 1]}