{"pos": [[7, 0], [0, 2], [6, 0], [0, 3], [7, 0], [0, 4], [6, 0], [0, 5], [6, 1], [0, 6], [5, 1], [0, 7], [5, 0], [0, 6], [4, 0], [1, 6], [3, 0], [1, 7], [2, 0], [2, 7], [3, 0], [2, 6], [3, 1], [3, 6], [2, 1], [4, 6], [2, 2], [5, 6], [2, 3], [5, 5], [3, 3], [5, 4], [3, 2], [6, 4], [4, 2], [6, 3], [4, 3], [7, 3], [7, 1], [7, 2], [7, 0], [7, 3], [6, 0], [7, 4], [7, 0], [7, 5], [6, 0], [7, 6], [6, 1], [7, 7], [6, 2], [6, 7], [5, 2], [5, 7], [5, 3], [4, 7], [4, 3], [4, 6], [7, 1], [0, 1], [7, 0], [0, 0], [6, 0], [1, 0], [7, 0], [0, 0], [6, 0], [1, 0], [6, 1], [0, 0], [7, 1], [0, 1], [7, 0]], "a_eggs_laid": [1, 1, 1, 1, 2, 2, 2, 2, 2, 2, 2, 2, 3, 3, 3, 3, 4, 4, 4, 4, 5, 5, 5, 5, 6, 6, 6, 6, 7, 7, 7, 7, 8, 8, 8, 8, 9, 9, 9, 9, 9, 9, 9, 9, 9, 9, 9, 9, 9, 9, 9, 9, 10, 10, 10, 10, 11, 11, 11, 11, 15, 15, 15, 15, 15, 15, 15, 15, 15, 15, 15, 15, 15], "b_eggs_laid": [0, 1, 1, 1, 1, 2, 2, 2, 2, 3, 3, 3, 3, 6, 6, 6, 6, 7, 7, 7, 7, 8, 8, 8, 8, 9, 9, 9, 9, 10, 10, 10, 10, 11, 11, 11, 11, 12, 12, 16, 16, 16, 16, 16, 16, 17, 17, 17, 17, 18, 18, 18, 18, 19, 19, 19, 19, 20, 20, 24, 24, 24, 24, 24, 24, 25, 25, 25, 25, 25, 25, 25, 25], "a_turds_left": [5, 5, 4, 4, 4, 4, 4, 4, 4, 4, 3, 3, 3, 3, 2, 2, 2, 2, 1, 1, 1, 1, 1, 1, 1, 1, 0, 0, 0, 0, 0, 0, 0, 0, 0, 0, 0, 0, 0, 0, 0, 0, 0, 0, 0, 0, 0, 0, 0, 0, 0, 0, 0, 0, 0, 0, 0, 0, 0, 0, 0, 0, 0, 0, 0, 0, 0, 0, 0, 0, 0, 0, 0], "b_turds_left": [5, 5, 5, 4, 4, 4, 4, 4, 4, 4, 4, 4, 4, 4, 4, 3, 3, 3, 3, 2, 2, 2, 2, 2, 2, 2, 2, 2, 2, 2, 2, 1, 1, 1, 1, 1, 1, 1, 1, 0, 0, 0, 0, 0, 0, 0, 0, 0, 0, 0, 0, 0, 0, 0, 0, 0, 0, 0, 0, 0, 0, 0, 0, 0, 0, 0, 0, 0, 0, 0, 0, 0, 0], "a_time_left": [359.9986888000276, 359.9986888000276, 356.5948967000004, 356.5948967000004, 356.5943274998572, 356.5943274998572, 356.5934410998598, 356.5934410998598, 353.1926669999957, 353.1926669999957, 349.74061119998805, 349.74061119998805, 349.7401966000907, 349.7401966000907, 346.326296800049, 346.326296800049, 346.32590660010464, 346.32590660010464, 342.91386790014803, 342.91386790014803, 342.9133573002182, 342.9133573002182, 337.74254030012526, 337.74254030012526, 332.58738030004315, 332.58738030004315, 327.46347389998846, 327.46347389998846, 322.344725899864, 322.344725899864, 317.2197763998993, 317.2197763998993, 312.117233999772, 312.117233999772, 307.01427419972606, 307.01427419972606, 301.9120412997436, 301.9120412997436, 296.809980499791, 296.809980499791, 296.80897389980964, 296.80897389980964, 296.80797829991207, 296.80797829991207, 296.8067028999794, 296.8067028999794, 296.8053049999289, 296.8053049999289, 296.8041594000533, 296.8041594000533, 290.0026918000076, 290.0026918000076, 283.2017942001112, 283.2017942001112, 276.39893130003475, 276.39893130003475, 269.59728069999255, 269.59728069999255, 262.7943975001108, 262.7943975001108, 262.7932949999813, 262.7932949999813, 262.7922249000985, 262.7922249000985, 262.7911844002083, 262.7911844002083, 262.7900274002459, 262.7900274002459, 262.7889772001654, 262.7889772001654, 262.7875827001408, 262.7875827001408, 262.7855089001823], "b_time_left": [360, 359.9990548999049, 359.9990548999049, 356.5890550001059, 356.5890550001059, 356.5883887000382, 356.5883887000382, 353.1765316000674, 353.1765316000674, 353.1759205001872, 353.1759205001872, 349.7233854001388, 349.7233854001388, 349.72284170007333, 349.72284170007333, 346.3161483001895, 346.3161483001895, 346.31551790004596, 346.31551790004596, 342.86920440010726, 342.86920440010726, 342.8688081, 342.8688081, 337.72960350010544, 337.72960350010544, 332.61977470014244, 332.61977470014244, 327.51018930017017, 327.51018930017017, 322.3434631000273, 322.3434631000273, 317.2421693999786, 317.2421693999786, 312.1399679998867, 312.1399679998867, 307.03689259989187, 307.03689259989187, 307.0126542998478, 307.0126542998478, 307.00257719983347, 307.00257719983347, 307.00067689991556, 307.00067689991556, 301.8992884999607, 301.8992884999607, 296.7972377000842, 296.7972377000842, 291.6944077000953, 291.6944077000953, 286.5930065999273, 286.5930065999273, 279.79049289994873, 279.79049289994873, 272.9846803001128, 272.9846803001128, 266.1822326001711, 266.1822326001711, 259.3801496003289, 259.3801496003289, 252.57028170046397, 252.57028170046397, 245.76863200054504, 245.76863200054504, 238.9669146006927, 238.9669146006927, 232.1650979006663, 232.1650979006663, 232.16400220082141, 232.16400220082141, 221.8749623009935, 221.8749623009935, 221.87367300107144, 221.87367300107144], "a_moves_left": [39, 39, 38, 38, 37, 37, 36, 36, 35, 35, 34, 34, 33, 33, 32, 32, 31, 31, 30, 30, 29, 29, 28, 28, 27, 27, 26, 26, 25, 25, 24, 24, 23, 23, 22, 22, 21, 21, 20, 20, 19, 19, 18, 18, 17, 17, 16, 16, 15, 15, 14, 14, 13, 13, 12, 12, 11, 11, 10, 10, 9, 9, 8, 8, 7, 7, 6, 6, 5, 5, 4, 4, 3], "b_moves_left": [40, 39, 39, 38, 38, 37, 37, 36, 36, 35, 35, 34, 34, 33, 33, 32, 32, 31, 31, 30, 30, 29, 29, 28, 28, 27, 27, 26, 26, 25, 25, 24, 24, 23, 23, 22, 22, 21, 21, 20, 20, 19, 19, 18, 18, 17, 17, 16, 16, 15, 15, 14, 14, 13, 13, 12, 12, 11, 11, 10, 10, 9, 9, 8, 8, 7, 7, 6, 6, 5, 5, 4, 4], "trapdoor_triggered": [0, 0, 0, 0, 0, 0, 0, 0, 0, 0, 0, 0, 0, 0, 0, 0, 0, 0, 0, 0, 0, 0, 0, 0, 0, 0, 0, 0, 0, 0, 0, 0, 0, 0, 0, 0, 0, 0, 1, 0, 0, 0, 0, 0, 0, 0, 0, 0, 0, 0, 0, 0, 0, 0, 0, 0, 0, 0, 1, 1, 0, 0, 0, 0, 0, 0, 0, 0, 0, 0, 0, 0, 0], "left_behind": ["egg", "egg", "turd", "turd", "egg", "egg", "plain", "plain", "plain", "egg", "turd", "plain", "egg", "egg", "turd", "turd", "egg", "egg", "turd", "turd", "egg", "egg", "plain", "plain", "egg", "egg", "turd", "plain", "egg", "egg", "plain", "turd", "egg", "egg", "plain", "plain", "egg", "egg", "plain", "turd", "plain", "plain", "plain", "plain", "plain", "egg", "plain", "plain", "plain", "egg", "plain", "plain", "egg", "egg", "plain", "plain", "egg", "egg", "plain", "plain", "plain", "plain", "plain", "plain", "plain", "egg", "plain", "plain", "plain", "plain", "plain", "plain", "plain"], "errlog_a": "", "errlog_b": "Timeout", "start_time": 360, "start_moves": 40, "turn_count": 73, "result": 0, "reason": "TIMEOUT", "trapdoors": [[4, 4], [4, 5]], "spawn_a": [7, 1], "spawn_b": [0, 1]}