{"pos": [[0, 1], [6, 2], [1, 1], [6, 1], [1, 0]], "a_eggs_laid": [1, 1, 1, 1, 2], "b_eggs_laid": [0, 1, 1, 1, 1], "a_turds_left": [5, 5, 4, 4, 4], "b_turds_left": [5, 5, 5, 4, 4], "a_time_left": [359.9957179000048, 359.9957179000048, 359.9937823000073, 359.9937823000073, 359.98956010000256], "b_time_left": [360, 359.99805120000383, 359.99805120000383, 349.99749529999826, 349.99749529999826], "a_moves_left": [39, 39, 38, 38, 37], "b_moves_left": [40, 39, 39, 38, 38], "trapdoor_triggered": [0, 0, 0, 0, 0], "left_behind": ["egg", "egg", "turd", "turd", "egg"], "errlog_a": "", "errlog_b": "Timeout", "start_time": 360, "start_moves": 40, "turn_count": 5, "result": 0, "reason": "TIMEOUT", "trapdoors": [[4, 4], [3, 4]], "spawn_a": [0, 2], "spawn_b": [7, 2]}