{"pos": [[0, 5], [6, 6], [0, 4], [6, 5], [0, 3], [6, 4], [0, 2], [6, 3], [0, 1], [6, 2], [1, 1], [6, 1], [1, 0], [6, 0], [2, 0], [5, 0], [3, 0], [4, 0], [3, 1], [4, 1], [3, 2], [4, 2], [3, 3], [3, 2], [0, 6], [4, 2], [1, 6], [7, 6], [1, 5], [7, 5], [1, 4], [7, 4], [2, 4], [7, 3], [3, 4], [7, 2], [4, 4], [7, 1], [4, 5], [7, 0], [3, 5], [7, 1], [3, 6], [7, 2], [4, 6], [6, 2], [4, 7], [5, 2], [5, 7], [5, 3], [4, 7], [5, 4], [4, 6], [7, 6], [4, 5], [7, 7], [0, 6], [6, 7], [0, 5], [7, 7], [0, 6], [7, 6], [1, 6], [7, 5], [2, 6], [7, 4], [2, 5], [7, 3], [2, 4], [7, 2], [2, 3], [6, 2], [2, 2], [6, 1], [2, 1], [6, 0], [2, 0], [5, 0], [3, 0], [4, 0]], "a_eggs_laid": [1, 1, 1, 1, 2, 2, 2, 2, 3, 3, 3, 3, 4, 4, 4, 4, 5, 5, 5, 5, 6, 6, 6, 6, 7, 7, 7, 7, 11, 11, 12, 12, 12, 12, 13, 13, 13, 13, 14, 14, 14, 14, 15, 15, 15, 15, 16, 16, 16, 16, 17, 17, 17, 17, 21, 21, 21, 21, 21, 21, 21, 21, 21, 21, 21, 21, 22, 22, 22, 22, 22, 22, 22, 22, 23, 23, 23, 23, 23, 23], "b_eggs_laid": [0, 1, 1, 1, 1, 2, 2, 2, 2, 3, 3, 3, 3, 4, 4, 4, 4, 5, 5, 5, 5, 6, 6, 6, 6, 11, 11, 11, 11, 11, 11, 11, 11, 12, 12, 12, 12, 13, 13, 13, 13, 16, 16, 16, 16, 16, 16, 16, 16, 17, 17, 17, 17, 18, 18, 18, 18, 22, 22, 23, 23, 23, 23, 23, 23, 23, 23, 23, 23, 23, 23, 23, 23, 23, 23, 23, 23, 23, 23, 23], "a_turds_left": [5, 5, 5, 5, 5, 5, 5, 5, 5, 5, 5, 5, 5, 5, 5, 5, 5, 5, 5, 5, 5, 5, 5, 5, 5, 5, 5, 5, 5, 5, 5, 5, 5, 5, 5, 5, 5, 5, 5, 5, 5, 5, 5, 5, 5, 5, 5, 5, 5, 5, 5, 5, 5, 5, 5, 5, 5, 5, 5, 5, 5, 5, 5, 5, 5, 5, 5, 5, 5, 5, 5, 5, 5, 5, 5, 5, 5, 5, 5, 5], "b_turds_left": [5, 5, 5, 4, 4, 4, 4, 3, 3, 3, 3, 2, 2, 2, 2, 2, 2, 2, 2, 2, 2, 2, 2, 2, 2, 2, 2, 2, 2, 2, 2, 2, 2, 2, 2, 2, 2, 2, 2, 2, 2, 2, 2, 2, 2, 2, 2, 2, 2, 2, 2, 1, 1, 1, 1, 1, 1, 1, 1, 1, 1, 1, 1, 1, 1, 1, 1, 1, 1, 1, 1, 1, 1, 1, 1, 1, 1, 1, 1, 1], "a_time_left": [359.9961269999985, 359.9961269999985, 359.992714400003, 359.992714400003, 359.98990900000354, 359.98990900000354, 359.98717760000727, 359.98717760000727, 359.9831154000058, 359.9831154000058, 359.98040690000926, 359.98040690000926, 359.9770621000134, 359.9770621000134, 359.9725574000113, 359.9725574000113, 359.964844500013, 359.964844500013, 359.9633878000095, 359.9633878000095, 359.96083540000836, 359.96083540000836, 359.9577407000106, 359.9577407000106, 359.9554408000113, 359.9554408000113, 359.95139390000986, 359.95139390000986, 359.9448475000099, 359.9448475000099, 359.94071860000986, 359.94071860000986, 359.9379375000135, 359.9379375000135, 359.93296050001663, 359.93296050001663, 359.92603050001344, 359.92603050001344, 359.91957970001386, 359.91957970001386, 359.9106660000107, 359.9106660000107, 359.9027061000088, 359.9027061000088, 359.89571470000374, 359.89571470000374, 359.8892202000061, 359.8892202000061, 359.88340500000777, 359.88340500000777, 359.8795695000081, 359.8795695000081, 359.8774401000046, 359.8774401000046, 359.8738680000097, 359.8738680000097, 359.8711498000048, 359.8711498000048, 359.86781230000634, 359.86781230000634, 359.8648571000085, 359.8648571000085, 359.8612945000132, 359.8612945000132, 359.8577178000123, 359.8577178000123, 359.8511834000092, 359.8511834000092, 359.84596630001033, 359.84596630001033, 359.8423462000137, 359.8423462000137, 359.8383054000078, 359.8383054000078, 359.83535730000585, 359.83535730000585, 359.8292578000037, 359.8292578000037, 359.8262684000001, 359.8262684000001], "b_time_left": [360, 359.9991885000054, 359.9991885000054, 349.99428910001006, 349.99428910001006, 339.99302950000856, 339.99302950000856, 329.9896562000067, 329.9896562000067, 320.6732455000092, 320.6732455000092, 310.672312700015, 310.672312700015, 300.65621390001616, 300.65621390001616, 290.6295724000156, 290.6295724000156, 280.62876280001365, 280.62876280001365, 270.62510990001465, 270.62510990001465, 260.363087200014, 260.363087200014, 250.3619801000168, 250.3619801000168, 240.35834870002145, 240.35834870002145, 230.35801850001735, 230.35801850001735, 220.35680910001247, 220.35680910001247, 210.3522362000149, 210.3522362000149, 200.3513953000147, 200.3513953000147, 190.35085230001278, 190.35085230001278, 180.34829990001163, 180.34829990001163, 170.34804820000863, 170.34804820000863, 160.34781030000886, 160.34781030000886, 160.26086770000984, 160.26086770000984, 159.13493610001024, 159.13493610001024, 149.13173400001688, 149.13173400001688, 139.1307848000215, 139.1307848000215, 129.1304368000201, 129.1304368000201, 119.77649140002177, 119.77649140002177, 110.57477680002194, 110.57477680002194, 100.9932918000195, 100.9932918000195, 100.84518940001726, 100.84518940001726, 100.84462020001229, 100.84462020001229, 100.4291079000177, 100.4291079000177, 100.42615300002217, 100.42615300002217, 100.21698360002483, 100.21698360002483, 100.16128090002894, 100.16128090002894, 99.66607160003332, 99.66607160003332, 99.59987620003812, 99.59987620003812, 99.17602340003941, 99.17602340003941, 99.06267770003615, 99.06267770003615, 98.5477993000386], "a_moves_left": [39, 39, 38, 38, 37, 37, 36, 36, 35, 35, 34, 34, 33, 33, 32, 32, 31, 31, 30, 30, 29, 29, 28, 28, 27, 27, 26, 26, 25, 25, 24, 24, 23, 23, 22, 22, 21, 21, 20, 20, 19, 19, 18, 18, 17, 17, 16, 16, 15, 15, 14, 14, 13, 13, 12, 12, 11, 11, 10, 10, 9, 9, 8, 8, 7, 7, 6, 6, 5, 5, 4, 4, 3, 3, 2, 2, 1, 1, 0, 0], "b_moves_left": [40, 39, 39, 38, 38, 37, 37, 36, 36, 35, 35, 34, 34, 33, 33, 32, 32, 31, 31, 30, 30, 29, 29, 28, 28, 27, 27, 26, 26, 25, 25, 24, 24, 23, 23, 22, 22, 21, 21, 20, 20, 19, 19, 18, 18, 17, 17, 16, 16, 15, 15, 14, 14, 13, 13, 12, 12, 11, 11, 10, 10, 9, 9, 8, 8, 7, 7, 6, 6, 5, 5, 4, 4, 3, 3, 2, 2, 1, 1, 0], "trapdoor_triggered": [0, 0, 0, 0, 0, 0, 0, 0, 0, 0, 0, 0, 0, 0, 0, 0, 0, 0, 0, 0, 0, 0, 0, 0, 1, 0, 0, 1, 0, 0, 0, 0, 0, 0, 0, 0, 0, 0, 0, 0, 0, 0, 0, 0, 0, 0, 0, 0, 0, 0, 0, 0, 0, 1, 0, 0, 1, 0, 0, 0, 0, 0, 0, 0, 0, 0, 0, 0, 0, 0, 0, 0, 0, 0, 0, 0, 0, 0, 0, 0], "left_behind": ["egg", "egg", "plain", "turd", "egg", "egg", "plain", "turd", "egg", "egg", "plain", "turd", "egg", "egg", "plain", "plain", "egg", "egg", "plain", "plain", "egg", "egg", "plain", "plain", "egg", "egg", "plain", "plain", "plain", "plain", "egg", "plain", "plain", "egg", "egg", "plain", "plain", "egg", "egg", "plain", "plain", "egg", "egg", "plain", "plain", "plain", "egg", "plain", "plain", "egg", "egg", "turd", "plain", "egg", "plain", "plain", "plain", "plain", "plain", "egg", "plain", "plain", "plain", "plain", "plain", "plain", "egg", "plain", "plain", "plain", "plain", "plain", "plain", "plain", "egg", "plain", "plain", "plain", "plain", "plain"], "errlog_a": "", "errlog_b": "", "start_time": 360, "start_moves": 40, "turn_count": 80, "result": 2, "reason": "EGGS_LAID", "trapdoors": [[5, 5], [4, 3]], "spawn_a": [0, 6], "spawn_b": [7, 6]}