{"pos": [[7, 2], [1, 3], [6, 2], [1, 4], [6, 1], [1, 5], [6, 0], [0, 5], [5, 0], [0, 6], [5, 1], [0, 7], [5, 0], [1, 7], [4, 0], [2, 7], [4, 1], [3, 7], [4, 2], [3, 6], [4, 1], [3, 5], [3, 1], [2, 5], [3, 0], [3, 5], [2, 0], [4, 5], [2, 1], [5, 5], [2, 2], [6, 5], [2, 1], [6, 4], [1, 1], [7, 4], [1, 0], [6, 4], [0, 0], [6, 3], [0, 1], [5, 3], [0, 2], [5, 4], [0, 1], [5, 5], [0, 0], [5, 6], [1, 0], [5, 7], [1, 1], [6, 7], [2, 1], [7, 7], [2, 0], [7, 6], [3, 0], [7, 7], [4, 0], [6, 7], [5, 0], [5, 7], [6, 0], [4, 7], [6, 1], [4, 6], [7, 1], [4, 5], [7, 0], [4, 4], [7, 1], [3, 4], [7, 2], [4, 4], [7, 1], [4, 3], [6, 1], [3, 3], [6, 0], [0, 3]], "a_eggs_laid": [1, 1, 1, 1, 2, 2, 2, 2, 3, 3, 3, 3, 4, 4, 4, 4, 5, 5, 5, 5, 6, 6, 6, 6, 7, 7, 7, 7, 8, 8, 8, 8, 9, 9, 9, 9, 10, 10, 10, 10, 13, 13, 13, 13, 14, 14, 14, 14, 14, 14, 14, 14, 14, 14, 14, 14, 14, 14, 14, 14, 14, 14, 14, 14, 14, 14, 14, 14, 15, 15, 15, 15, 15, 15, 15, 15, 15, 15, 15, 15], "b_eggs_laid": [0, 1, 1, 1, 1, 2, 2, 2, 2, 3, 3, 3, 3, 6, 6, 6, 6, 7, 7, 7, 7, 8, 8, 8, 8, 9, 9, 9, 9, 10, 10, 10, 10, 11, 11, 11, 11, 12, 12, 12, 12, 13, 13, 13, 13, 14, 14, 14, 14, 15, 15, 15, 15, 16, 16, 16, 16, 17, 17, 17, 17, 17, 17, 17, 17, 18, 18, 18, 18, 18, 18, 18, 18, 19, 19, 19, 19, 20, 20, 20], "a_turds_left": [5, 5, 5, 5, 5, 5, 5, 5, 5, 5, 5, 5, 5, 5, 5, 5, 5, 5, 5, 5, 5, 5, 4, 4, 4, 4, 4, 4, 4, 4, 3, 3, 3, 3, 3, 3, 3, 3, 2, 2, 2, 2, 1, 1, 1, 1, 1, 1, 1, 1, 1, 1, 1, 1, 1, 1, 1, 1, 0, 0, 0, 0, 0, 0, 0, 0, 0, 0, 0, 0, 0, 0, 0, 0, 0, 0, 0, 0, 0, 0], "b_turds_left": [5, 5, 5, 4, 4, 4, 4, 3, 3, 3, 3, 3, 3, 3, 3, 2, 2, 2, 2, 2, 2, 2, 2, 2, 2, 2, 2, 1, 1, 1, 1, 1, 1, 1, 1, 1, 1, 1, 1, 1, 1, 1, 1, 0, 0, 0, 0, 0, 0, 0, 0, 0, 0, 0, 0, 0, 0, 0, 0, 0, 0, 0, 0, 0, 0, 0, 0, 0, 0, 0, 0, 0, 0, 0, 0, 0, 0, 0, 0, 0], "a_time_left": [359.9978986999995, 359.9978986999995, 359.99644129999797, 359.99644129999797, 359.9931030000007, 359.9931030000007, 359.99010109999654, 359.99010109999654, 359.9868471999944, 359.9868471999944, 359.9842166999879, 359.9842166999879, 359.9803860999891, 359.9803860999891, 359.97794669998257, 359.97794669998257, 359.97401269998227, 359.97401269998227, 359.9714509999758, 359.9714509999758, 359.96820619997743, 359.96820619997743, 359.9669769999746, 359.9669769999746, 359.9634436999695, 359.9634436999695, 359.9611760999687, 359.9611760999687, 359.9570281999695, 359.9570281999695, 355.95259759996407, 355.95259759996407, 355.9494427999671, 355.9494427999671, 351.94435359996714, 351.94435359996714, 351.9415399999634, 351.9415399999634, 351.93942589996004, 351.93942589996004, 351.93725519996224, 351.93725519996224, 347.9348184999617, 347.9348184999617, 347.93381489995954, 347.93381489995954, 347.9320517999586, 347.9320517999586, 347.92919649995747, 347.92919649995747, 347.92797029995563, 347.92797029995563, 343.12631819995295, 343.12631819995295, 343.124683799957, 343.124683799957, 338.3228864999546, 338.3228864999546, 338.3204512999582, 338.3204512999582, 335.11862579995795, 335.11862579995795, 335.1173824999569, 335.1173824999569, 331.9154721999512, 331.9154721999512, 328.7134321999474, 328.7134321999474, 328.7124689999546, 328.7124689999546, 328.71116229995823, 328.71116229995823, 325.5094282999562, 325.5094282999562, 325.5081922999525, 325.5081922999525, 322.3066658999596, 322.3066658999596, 322.30548919995636, 322.30548919995636], "b_time_left": [360, 359.9992001999999, 359.9992001999999, 349.998310899995, 349.998310899995, 339.99153300000035, 339.99153300000035, 329.98692769999616, 329.98692769999616, 320.7500077999939, 320.7500077999939, 310.74981339999795, 310.74981339999795, 300.7478275999965, 300.7478275999965, 290.7448450000011, 290.7448450000011, 280.71370460000617, 280.71370460000617, 271.05052430000796, 271.05052430000796, 261.05000840000866, 261.05000840000866, 251.0495934000137, 251.0495934000137, 241.0482680000132, 241.0482680000132, 231.04568200001086, 231.04568200001086, 221.04222230001324, 221.04222230001324, 211.03483710001456, 211.03483710001456, 201.73367740001413, 201.73367740001413, 191.7257878000164, 191.7257878000164, 182.44014960002096, 182.44014960002096, 173.10543900002085, 173.10543900002085, 163.10284980002325, 163.10284980002325, 162.94440980001673, 162.94440980001673, 162.50341900001513, 162.50341900001513, 162.44795130001876, 162.44795130001876, 161.98624070001824, 161.98624070001824, 161.88669870001468, 161.88669870001468, 161.5118532000124, 161.5118532000124, 161.08453020001616, 161.08453020001616, 161.07934570001817, 161.07934570001817, 161.0790620000189, 161.0790620000189, 160.8588572000226, 160.8588572000226, 150.85862400002225, 150.85862400002225, 141.4902469000226, 141.4902469000226, 141.44440470002155, 141.44440470002155, 141.2092514000251, 141.2092514000251, 140.69976500002667, 140.69976500002667, 140.61372070002835, 140.61372070002835, 140.61343660002603, 140.61343660002603, 140.30252580002707, 140.30252580002707, 139.83587050002825], "a_moves_left": [39, 39, 38, 38, 37, 37, 36, 36, 35, 35, 34, 34, 33, 33, 32, 32, 31, 31, 30, 30, 29, 29, 28, 28, 27, 27, 26, 26, 25, 25, 24, 24, 23, 23, 22, 22, 21, 21, 20, 20, 19, 19, 18, 18, 17, 17, 16, 16, 15, 15, 14, 14, 13, 13, 12, 12, 11, 11, 10, 10, 9, 9, 8, 8, 7, 7, 6, 6, 5, 5, 4, 4, 3, 3, 2, 2, 1, 1, 0, 0], "b_moves_left": [40, 39, 39, 38, 38, 37, 37, 36, 36, 35, 35, 34, 34, 33, 33, 32, 32, 31, 31, 30, 30, 29, 29, 28, 28, 27, 27, 26, 26, 25, 25, 24, 24, 23, 23, 22, 22, 21, 21, 20, 20, 19, 19, 18, 18, 17, 17, 16, 16, 15, 15, 14, 14, 13, 13, 12, 12, 11, 11, 10, 10, 9, 9, 8, 8, 7, 7, 6, 6, 5, 5, 4, 4, 3, 3, 2, 2, 1, 1, 0], "trapdoor_triggered": [0, 0, 0, 0, 0, 0, 0, 0, 0, 0, 0, 0, 0, 0, 0, 0, 0, 0, 0, 0, 0, 0, 0, 0, 0, 0, 0, 0, 0, 0, 0, 0, 0, 0, 0, 0, 0, 0, 0, 0, 0, 0, 0, 0, 0, 0, 0, 0, 0, 0, 0, 0, 0, 0, 0, 0, 0, 0, 0, 0, 0, 0, 0, 0, 0, 0, 0, 0, 0, 0, 0, 0, 0, 0, 0, 0, 0, 0, 0, 1], "left_behind": ["egg", "egg", "plain", "turd", "egg", "egg", "plain", "turd", "egg", "egg", "plain", "plain", "egg", "egg", "plain", "turd", "egg", "egg", "plain", "plain", "egg", "egg", "turd", "plain", "egg", "egg", "plain", "turd", "egg", "egg", "turd", "plain", "egg", "egg", "plain", "plain", "egg", "egg", "turd", "plain", "egg", "egg", "turd", "turd", "egg", "egg", "plain", "plain", "plain", "egg", "plain", "plain", "plain", "egg", "plain", "plain", "plain", "egg", "turd", "plain", "plain", "plain", "plain", "plain", "plain", "egg", "plain", "plain", "egg", "plain", "plain", "plain", "plain", "egg", "plain", "plain", "plain", "egg", "plain", "plain"], "errlog_a": "", "errlog_b": "", "start_time": 360, "start_moves": 40, "turn_count": 80, "result": 1, "reason": "EGGS_LAID", "trapdoors": [[2, 4], [3, 2]], "spawn_a": [7, 3], "spawn_b": [0, 3]}