{"pos": [[7, 2], [1, 3], [7, 1], [1, 2], [7, 0], [1, 1], [6, 0], [2, 1], [6, 1], [2, 2], [6, 2], [2, 3], [6, 1], [3, 3], [5, 1], [4, 3], [5, 0], [4, 2], [4, 0], [4, 1], [5, 0], [3, 1], [6, 0], [3, 0], [6, 1], [2, 0], [7, 1], [1, 0], [6, 1], [0, 0], [7, 1], [0, 1], [6, 1], [0, 2], [6, 0], [1, 2], [6, 1], [2, 2], [6, 0], [3, 2], [6, 1], [3, 1], [6, 0], [2, 1], [6, 1], [2, 0], [6, 0], [3, 0], [6, 1], [3, 1], [6, 0], [4, 1], [6, 1], [4, 2], [6, 0], [5, 2], [6, 1], [5, 3], [6, 0], [6, 3], [6, 1], [6, 4], [6, 0], [7, 4], [6, 1], [7, 5], [6, 0], [7, 6], [6, 1], [7, 7], [6, 0], [6, 7], [6, 1], [5, 7], [6, 0], [5, 6], [6, 1], [5, 7], [6, 0], [4, 7]], "a_eggs_laid": [1, 1, 1, 1, 2, 2, 2, 2, 3, 3, 3, 3, 4, 4, 4, 4, 5, 5, 5, 5, 6, 6, 6, 6, 6, 6, 6, 6, 6, 6, 6, 6, 6, 6, 6, 6, 6, 6, 6, 6, 6, 6, 6, 6, 6, 6, 6, 6, 6, 6, 6, 6, 6, 6, 6, 6, 6, 6, 6, 6, 6, 6, 6, 6, 6, 6, 6, 6, 6, 6, 6, 6, 6, 6, 6, 6, 6, 6, 6, 6], "b_eggs_laid": [0, 1, 1, 1, 1, 2, 2, 2, 2, 3, 3, 3, 3, 4, 4, 4, 4, 5, 5, 5, 5, 6, 6, 6, 6, 7, 7, 7, 7, 8, 8, 8, 8, 9, 9, 9, 9, 9, 9, 9, 9, 10, 10, 10, 10, 10, 10, 10, 10, 10, 10, 10, 10, 10, 10, 10, 10, 11, 11, 11, 11, 12, 12, 12, 12, 13, 13, 13, 13, 14, 14, 14, 14, 15, 15, 15, 15, 16, 16, 16], "a_turds_left": [5, 5, 4, 4, 4, 4, 4, 4, 4, 4, 3, 3, 3, 3, 3, 3, 3, 3, 3, 3, 3, 3, 3, 3, 3, 3, 3, 3, 3, 3, 3, 3, 3, 3, 3, 3, 3, 3, 3, 3, 3, 3, 3, 3, 3, 3, 3, 3, 3, 3, 3, 3, 3, 3, 3, 3, 3, 3, 3, 3, 3, 3, 3, 3, 3, 3, 3, 3, 3, 3, 3, 3, 3, 3, 3, 3, 3, 3, 3, 3], "b_turds_left": [5, 5, 5, 4, 4, 4, 4, 3, 3, 3, 3, 2, 2, 2, 2, 2, 2, 2, 2, 1, 1, 1, 1, 1, 1, 1, 1, 1, 1, 1, 1, 0, 0, 0, 0, 0, 0, 0, 0, 0, 0, 0, 0, 0, 0, 0, 0, 0, 0, 0, 0, 0, 0, 0, 0, 0, 0, 0, 0, 0, 0, 0, 0, 0, 0, 0, 0, 0, 0, 0, 0, 0, 0, 0, 0, 0, 0, 0, 0, 0], "a_time_left": [359.9962340999991, 359.9962340999991, 359.99426539999695, 359.99426539999695, 359.9912497999976, 359.9912497999976, 359.98967779999657, 359.98967779999657, 359.9865725999989, 359.9865725999989, 359.98418039999524, 359.98418039999524, 359.9811810999963, 359.9811810999963, 359.97990779999236, 359.97990779999236, 359.9774033999929, 359.9774033999929, 359.975400599993, 359.975400599993, 359.9735608999981, 359.9735608999981, 359.9710419999974, 359.9710419999974, 359.9695799999972, 359.9695799999972, 359.9682717999967, 359.9682717999967, 359.9663406999971, 359.9663406999971, 359.9646556000007, 359.9646556000007, 359.96228800000245, 359.96228800000245, 359.9607807000066, 359.9607807000066, 359.9591803000076, 359.9591803000076, 359.9573798000056, 359.9573798000056, 359.955715600001, 359.955715600001, 359.9536583000008, 359.9536583000008, 359.95222069999727, 359.95222069999727, 359.9508308000004, 359.9508308000004, 359.9492864999993, 359.9492864999993, 359.9473788999967, 359.9473788999967, 359.94611719999375, 359.94611719999375, 359.9434312999947, 359.9434312999947, 359.94206889999623, 359.94206889999623, 359.940156699995, 359.940156699995, 359.93819779999467, 359.93819779999467, 359.9365806999922, 359.9365806999922, 359.93434159999015, 359.93434159999015, 359.9327673999869, 359.9327673999869, 359.93150469998363, 359.93150469998363, 359.9290928999835, 359.9290928999835, 359.9265333999865, 359.9265333999865, 359.9229420999909, 359.9229420999909, 359.92152299999, 359.92152299999, 359.9191116999864, 359.9191116999864], "b_time_left": [360, 359.998983700003, 359.998983700003, 349.9934074000048, 349.9934074000048, 339.9774192000041, 339.9774192000041, 329.95730280000134, 329.95730280000134, 319.95618079999986, 319.95618079999986, 309.95546509999986, 309.95546509999986, 300.6351622000002, 300.6351622000002, 290.6240975999972, 290.6240975999972, 280.6237387000001, 280.6237387000001, 270.6231134000045, 270.6231134000045, 270.4768449000039, 270.4768449000039, 269.3563998000027, 269.3563998000027, 268.8572568000018, 268.8572568000018, 268.41849200000433, 268.41849200000433, 268.16369100000156, 268.16369100000156, 267.75415060000523, 267.75415060000523, 267.5988081000105, 267.5988081000105, 267.54206050001085, 267.54206050001085, 267.5255118000132, 267.5255118000132, 267.1402800000142, 267.1402800000142, 266.90579240001534, 266.90579240001534, 266.8416952000189, 266.8416952000189, 266.74483300001884, 266.74483300001884, 266.68267680001736, 266.68267680001736, 266.658854300018, 266.658854300018, 266.655347600019, 266.655347600019, 266.63844340002106, 266.63844340002106, 266.34570840001834, 266.34570840001834, 266.1805098000186, 266.1805098000186, 265.52288000001863, 265.52288000001863, 265.30102180001995, 265.30102180001995, 264.1283466000168, 264.1283466000168, 263.83084760001657, 263.83084760001657, 262.5781057000204, 262.5781057000204, 262.1127635000157, 262.1127635000157, 261.4530142000149, 261.4530142000149, 261.0129011000172, 261.0129011000172, 259.4854127000144, 259.4854127000144, 258.8927443000139, 258.8927443000139, 258.89217820001795], "a_moves_left": [39, 39, 38, 38, 37, 37, 36, 36, 35, 35, 34, 34, 33, 33, 32, 32, 31, 31, 30, 30, 29, 29, 28, 28, 27, 27, 26, 26, 25, 25, 24, 24, 23, 23, 22, 22, 21, 21, 20, 20, 19, 19, 18, 18, 17, 17, 16, 16, 15, 15, 14, 14, 13, 13, 12, 12, 11, 11, 10, 10, 9, 9, 8, 8, 7, 7, 6, 6, 5, 5, 4, 4, 3, 3, 2, 2, 1, 1, 0, 0], "b_moves_left": [40, 39, 39, 38, 38, 37, 37, 36, 36, 35, 35, 34, 34, 33, 33, 32, 32, 31, 31, 30, 30, 29, 29, 28, 28, 27, 27, 26, 26, 25, 25, 24, 24, 23, 23, 22, 22, 21, 21, 20, 20, 19, 19, 18, 18, 17, 17, 16, 16, 15, 15, 14, 14, 13, 13, 12, 12, 11, 11, 10, 10, 9, 9, 8, 8, 7, 7, 6, 6, 5, 5, 4, 4, 3, 3, 2, 2, 1, 1, 0], "trapdoor_triggered": [0, 0, 0, 0, 0, 0, 0, 0, 0, 0, 0, 0, 0, 0, 0, 0, 0, 0, 0, 0, 0, 0, 0, 0, 0, 0, 0, 0, 0, 0, 0, 0, 0, 0, 0, 0, 0, 0, 0, 0, 0, 0, 0, 0, 0, 0, 0, 0, 0, 0, 0, 0, 0, 0, 0, 0, 0, 0, 0, 0, 0, 0, 0, 0, 0, 0, 0, 0, 0, 0, 0, 0, 0, 0, 0, 0, 0, 0, 0, 0], "left_behind": ["egg", "egg", "turd", "turd", "egg", "egg", "plain", "turd", "egg", "egg", "turd", "turd", "egg", "egg", "plain", "plain", "egg", "egg", "plain", "turd", "egg", "egg", "plain", "plain", "plain", "egg", "plain", "plain", "plain", "egg", "plain", "turd", "plain", "egg", "plain", "plain", "plain", "plain", "plain", "plain", "plain", "egg", "plain", "plain", "plain", "plain", "plain", "plain", "plain", "plain", "plain", "plain", "plain", "plain", "plain", "plain", "plain", "egg", "plain", "plain", "plain", "egg", "plain", "plain", "plain", "egg", "plain", "plain", "plain", "egg", "plain", "plain", "plain", "egg", "plain", "plain", "plain", "egg", "plain", "plain"], "errlog_a": "", "errlog_b": "", "start_time": 360, "start_moves": 40, "turn_count": 80, "result": 1, "reason": "EGGS_LAID", "trapdoors": [[4, 4], [3, 4]], "spawn_a": [7, 3], "spawn_b": [0, 3]}