{"pos": [[1, 4], [6, 4], [0, 4], [6, 5], [0, 5], [6, 6], [1, 5], [5, 6], [2, 5], [4, 6], [3, 5], [4, 7], [3, 4], [3, 7], [3, 3], [2, 7], [4, 3], [1, 7], [5, 3], [0, 7], [5, 2], [0, 6], [4, 2], [0, 5], [0, 4], [0, 6], [1, 4], [1, 6], [1, 3], [1, 7], [2, 3], [2, 7], [2, 2], [1, 7], [0, 4], [0, 7], [0, 3], [0, 6], [0, 2], [0, 5], [1, 2], [0, 6], [1, 1], [0, 7], [2, 1], [1, 7], [3, 1], [1, 6], [0, 4], [0, 6], [1, 4], [0, 7], [0, 4], [1, 7], [0, 3], [1, 6], [0, 2], [0, 6], [0, 1], [0, 7], [0, 0], [1, 7], [1, 0], [1, 6]], "a_eggs_laid": [1, 1, 1, 1, 1, 1, 1, 1, 2, 2, 2, 2, 3, 3, 3, 3, 4, 4, 4, 4, 5, 5, 5, 5, 6, 6, 6, 6, 6, 6, 7, 7, 7, 7, 8, 8, 8, 8, 8, 8, 9, 9, 9, 9, 10, 10, 10, 10, 11, 11, 11, 11, 11, 11, 11, 11, 11, 11, 11, 11, 11, 11, 14, 14], "b_eggs_laid": [0, 1, 1, 5, 5, 6, 6, 6, 6, 7, 7, 7, 7, 8, 8, 8, 8, 9, 9, 9, 9, 12, 12, 12, 12, 17, 17, 17, 17, 18, 18, 18, 18, 18, 18, 22, 22, 22, 22, 22, 22, 22, 22, 22, 22, 22, 22, 22, 22, 26, 26, 26, 26, 30, 30, 30, 30, 30, 30, 30, 30, 30, 30, 30], "a_turds_left": [5, 5, 5, 5, 5, 5, 5, 5, 5, 5, 4, 4, 4, 4, 3, 3, 3, 3, 3, 3, 3, 3, 3, 3, 3, 3, 3, 3, 2, 2, 2, 2, 1, 1, 1, 1, 1, 1, 0, 0, 0, 0, 0, 0, 0, 0, 0, 0, 0, 0, 0, 0, 0, 0, 0, 0, 0, 0, 0, 0, 0, 0, 0, 0], "b_turds_left": [5, 5, 5, 4, 4, 4, 4, 3, 3, 3, 3, 3, 3, 3, 3, 2, 2, 2, 2, 2, 2, 2, 2, 2, 2, 2, 2, 2, 2, 2, 2, 2, 2, 2, 2, 2, 2, 2, 2, 2, 2, 2, 2, 2, 2, 2, 2, 2, 2, 2, 2, 2, 2, 2, 2, 2, 2, 2, 2, 2, 2, 2, 2, 2], "a_time_left": [357.4473508999981, 357.4473508999981, 354.8951298999964, 354.8951298999964, 352.3432874999962, 352.3432874999962, 349.79166679999616, 349.79166679999616, 347.2396348999973, 347.2396348999973, 344.6889050999962, 344.6889050999962, 342.13739579999674, 342.13739579999674, 339.5865399999966, 339.5865399999966, 337.0357670999947, 337.0357670999947, 334.4849102999942, 334.4849102999942, 330.2323782999956, 330.2323782999956, 325.9806260999976, 325.9806260999976, 321.7283366999982, 321.7283366999982, 321.69667299999855, 321.69667299999855, 321.68223560000115, 321.68223560000115, 317.4308020999997, 317.4308020999997, 313.1795631999994, 313.1795631999994, 308.92824819999805, 308.92824819999805, 304.67659779999667, 304.67659779999667, 300.42546689999654, 300.42546689999654, 296.16721759999564, 296.16721759999564, 291.91645139999673, 291.91645139999673, 287.6649683999967, 287.6649683999967, 283.4138089999942, 283.4138089999942, 279.1615767999938, 279.1615767999938, 279.1597536999943, 279.1597536999943, 273.20833799999673, 273.20833799999673, 273.2075781999956, 273.2075781999956, 273.20708969999396, 273.20708969999396, 267.25613799999337, 267.25613799999337, 261.30509289999463, 261.30509289999463, 255.35362249999525, 255.35362249999525], "b_time_left": [360, 359.9985302999994, 359.9985302999994, 349.99810929999876, 349.99810929999876, 339.99531469999783, 339.99531469999783, 329.9780185999989, 329.9780185999989, 319.9765458999973, 319.9765458999973, 309.9690082999987, 309.9690082999987, 299.9649393999971, 299.9649393999971, 289.9641590999963, 289.9641590999963, 279.9639055999978, 279.9639055999978, 270.66783999999825, 270.66783999999825, 260.6671205999992, 260.6671205999992, 250.66254860000117, 250.66254860000117, 240.79395120000117, 240.79395120000117, 231.17126819999976, 231.17126819999976, 221.80696519999765, 221.80696519999765, 221.76364919999833, 221.76364919999833, 221.52356529999815, 221.52356529999815, 221.47464399999808, 221.47464399999808, 221.2050765999993, 221.2050765999993, 221.2032478000001, 221.2032478000001, 221.12427270000262, 221.12427270000262, 221.12234010000248, 221.12234010000248, 220.86860800000068, 220.86860800000068, 220.8665058000006, 220.8665058000006, 220.76796079999986, 220.76796079999986, 220.72508080000262, 220.72508080000262, 220.7056186000009, 220.7056186000009, 220.64806180000232, 220.64806180000232, 220.46939059999931, 220.46939059999931, 220.4675010000028, 220.4675010000028, 220.19060330000502, 220.19060330000502, 220.18871440000294], "a_moves_left": [39, 39, 38, 38, 37, 37, 36, 36, 35, 35, 34, 34, 33, 33, 32, 32, 31, 31, 30, 30, 29, 29, 28, 28, 27, 27, 26, 26, 25, 25, 24, 24, 23, 23, 22, 22, 21, 21, 20, 20, 19, 19, 18, 18, 17, 17, 16, 16, 15, 15, 14, 14, 13, 13, 12, 12, 11, 11, 10, 10, 9, 9, 8, 8], "b_moves_left": [40, 39, 39, 38, 38, 37, 37, 36, 36, 35, 35, 34, 34, 33, 33, 32, 32, 31, 31, 30, 30, 29, 29, 28, 28, 27, 27, 26, 26, 25, 25, 24, 24, 23, 23, 22, 22, 21, 21, 20, 20, 19, 19, 18, 18, 17, 17, 16, 16, 15, 15, 14, 14, 13, 13, 12, 12, 11, 11, 10, 10, 9, 9, 8], "trapdoor_triggered": [0, 0, 1, 0, 0, 0, 0, 0, 0, 0, 0, 0, 0, 0, 0, 0, 0, 0, 0, 0, 0, 0, 0, 0, 1, 0, 0, 0, 0, 0, 0, 0, 0, 0, 1, 0, 0, 0, 0, 0, 0, 0, 0, 0, 0, 0, 0, 0, 1, 0, 0, 0, 1, 0, 0, 0, 0, 0, 0, 0, 0, 0, 0, 0], "left_behind": ["egg", "egg", "plain", "turd", "plain", "egg", "plain", "turd", "egg", "egg", "turd", "plain", "egg", "egg", "turd", "turd", "egg", "egg", "plain", "plain", "egg", "egg", "plain", "plain", "egg", "egg", "plain", "plain", "turd", "egg", "egg", "plain", "turd", "plain", "egg", "plain", "plain", "plain", "turd", "plain", "egg", "plain", "plain", "plain", "egg", "plain", "plain", "plain", "egg", "plain", "plain", "plain", "plain", "plain", "plain", "plain", "plain", "plain", "plain", "plain", "plain", "plain", "egg", "plain"], "errlog_a": "Timeout", "errlog_b": "", "start_time": 360, "start_moves": 40, "turn_count": 64, "result": 1, "reason": "CODE_CRASH", "trapdoors": [[2, 4], [3, 2]], "spawn_a": [0, 4], "spawn_b": [7, 4]}