{"pos": [[7, 0], [1, 1], [6, 0], [1, 2], [5, 0], [1, 3], [5, 1], [1, 4], [5, 2], [1, 5], [4, 2], [1, 6], [4, 3], [1, 7], [4, 4], [0, 7], [3, 4], [1, 7], [3, 5], [2, 7], [3, 6], [3, 7], [4, 6], [3, 6], [5, 6], [2, 6], [6, 6], [2, 5], [6, 5], [2, 4], [5, 5], [2, 3], [7, 1], [2, 2], [7, 2], [2, 1], [6, 2], [2, 2], [6, 1], [3, 2], [6, 0], [3, 1], [5, 0], [3, 0], [4, 0], [2, 0], [4, 1], [1, 0], [3, 1], [2, 0], [4, 1], [1, 0], [4, 0], [0, 0], [5, 0], [0, 1], [5, 1], [0, 2], [5, 2], [0, 3], [5, 3], [0, 2], [7, 1], [1, 2], [7, 2], [2, 2]], "a_eggs_laid": [1, 1, 1, 1, 2, 2, 2, 2, 3, 3, 3, 3, 4, 4, 4, 4, 5, 5, 5, 5, 6, 6, 6, 6, 7, 7, 7, 7, 8, 8, 8, 8, 9, 9, 9, 9, 9, 9, 10, 10, 10, 10, 10, 10, 10, 10, 11, 11, 11, 11, 11, 11, 11, 11, 11, 11, 11, 11, 11, 11, 11, 11, 12, 12, 12, 12], "b_eggs_laid": [0, 1, 1, 1, 1, 2, 2, 2, 2, 3, 3, 3, 3, 4, 4, 4, 4, 7, 7, 7, 7, 8, 8, 8, 8, 9, 9, 9, 9, 10, 10, 10, 10, 15, 15, 15, 15, 16, 16, 16, 16, 17, 17, 17, 17, 18, 18, 18, 18, 19, 19, 19, 19, 19, 19, 19, 19, 19, 19, 19, 19, 20, 20, 24, 24, 24], "a_turds_left": [5, 5, 5, 5, 5, 5, 5, 5, 5, 5, 5, 5, 5, 5, 5, 5, 5, 5, 5, 5, 5, 5, 5, 5, 5, 5, 4, 4, 4, 4, 4, 4, 4, 4, 4, 4, 4, 4, 4, 4, 4, 4, 4, 4, 4, 4, 4, 4, 3, 3, 2, 2, 2, 2, 2, 2, 2, 2, 2, 2, 2, 2, 2, 2, 2, 2], "b_turds_left": [5, 5, 5, 4, 4, 4, 4, 3, 3, 3, 3, 2, 2, 2, 2, 2, 2, 2, 2, 2, 2, 2, 2, 2, 2, 2, 2, 1, 1, 1, 1, 0, 0, 0, 0, 0, 0, 0, 0, 0, 0, 0, 0, 0, 0, 0, 0, 0, 0, 0, 0, 0, 0, 0, 0, 0, 0, 0, 0, 0, 0, 0, 0, 0, 0, 0], "a_time_left": [357.4475913999995, 357.4475913999995, 354.89655420000054, 354.89655420000054, 352.3454810000003, 352.3454810000003, 349.79418310000256, 349.79418310000256, 347.24162850000357, 347.24162850000357, 344.6905545000045, 344.6905545000045, 342.138125700003, 342.138125700003, 339.5872855000016, 339.5872855000016, 337.0350188000011, 337.0350188000011, 334.4841382000013, 334.4841382000013, 330.23237040000095, 330.23237040000095, 328.76240379999945, 328.76240379999945, 328.4533073999992, 328.4533073999992, 324.2017892999975, 324.2017892999975, 319.95019639999737, 319.95019639999737, 315.6978357000007, 315.6978357000007, 311.44491990000097, 311.44491990000097, 307.19125409999833, 307.19125409999833, 302.93965379999645, 302.93965379999645, 298.68722049999633, 298.68722049999633, 298.6851686999944, 298.6851686999944, 294.4327164999959, 294.4327164999959, 293.94487889999436, 293.94487889999436, 293.9076433999944, 293.9076433999944, 289.6566315999953, 289.6566315999953, 289.65300549999665, 289.65300549999665, 289.6524061999953, 289.6524061999953, 283.7007979999944, 283.7007979999944, 283.6998897999947, 283.6998897999947, 277.7491202999954, 277.7491202999954, 271.79795609999564, 271.79795609999564, 265.84549159999733, 265.84549159999733, 259.8946460999978, 259.8946460999978], "b_time_left": [360, 359.99896770000123, 359.99896770000123, 350.1886752999999, 350.1886752999999, 340.1864335999999, 340.1864335999999, 330.1862299000022, 330.1862299000022, 320.15181040000243, 320.15181040000243, 310.1460240000015, 310.1460240000015, 300.59730630000195, 300.59730630000195, 290.99294640000153, 290.99294640000153, 280.98627840000336, 280.98627840000336, 270.77731880000283, 270.77731880000283, 260.77664760000334, 260.77664760000334, 250.77548640000532, 250.77548640000532, 240.77525620000233, 240.77525620000233, 230.76953630000207, 230.76953630000207, 220.95626440000342, 220.95626440000342, 210.94595890000346, 210.94595890000346, 200.9437257000027, 200.9437257000027, 190.9424545000038, 190.9424545000038, 181.35419760000514, 181.35419760000514, 181.1853197000055, 181.1853197000055, 171.6839171000065, 171.6839171000065, 162.46557750000648, 162.46557750000648, 152.4653901000056, 152.4653901000056, 143.08775750000495, 143.08775750000495, 142.75641160000305, 142.75641160000305, 142.68931610000436, 142.68931610000436, 142.6888730000028, 142.6888730000028, 142.68846979999944, 142.68846979999944, 142.68779679999716, 142.68779679999716, 133.342871199995, 133.342871199995, 123.72242619999452, 123.72242619999452, 123.65313049999531, 123.65313049999531, 123.33341679999648], "a_moves_left": [39, 39, 38, 38, 37, 37, 36, 36, 35, 35, 34, 34, 33, 33, 32, 32, 31, 31, 30, 30, 29, 29, 28, 28, 27, 27, 26, 26, 25, 25, 24, 24, 23, 23, 22, 22, 21, 21, 20, 20, 19, 19, 18, 18, 17, 17, 16, 16, 15, 15, 14, 14, 13, 13, 12, 12, 11, 11, 10, 10, 9, 9, 8, 8, 7, 7], "b_moves_left": [40, 39, 39, 38, 38, 37, 37, 36, 36, 35, 35, 34, 34, 33, 33, 32, 32, 31, 31, 30, 30, 29, 29, 28, 28, 27, 27, 26, 26, 25, 25, 24, 24, 23, 23, 22, 22, 21, 21, 20, 20, 19, 19, 18, 18, 17, 17, 16, 16, 15, 15, 14, 14, 13, 13, 12, 12, 11, 11, 10, 10, 9, 9, 8, 8, 7], "trapdoor_triggered": [0, 0, 0, 0, 0, 0, 0, 0, 0, 0, 0, 0, 0, 0, 0, 0, 0, 0, 0, 0, 0, 0, 0, 0, 0, 0, 0, 0, 0, 0, 0, 0, 1, 0, 0, 0, 0, 0, 0, 0, 0, 0, 0, 0, 0, 0, 0, 0, 0, 0, 0, 0, 0, 0, 0, 0, 0, 0, 0, 0, 0, 0, 1, 0, 0, 0], "left_behind": ["egg", "egg", "plain", "turd", "egg", "egg", "plain", "turd", "egg", "egg", "plain", "turd", "egg", "egg", "plain", "plain", "egg", "egg", "plain", "plain", "egg", "egg", "plain", "plain", "egg", "egg", "turd", "turd", "egg", "egg", "plain", "turd", "egg", "egg", "plain", "plain", "plain", "egg", "egg", "plain", "plain", "egg", "plain", "plain", "plain", "egg", "egg", "plain", "turd", "egg", "turd", "plain", "plain", "plain", "plain", "plain", "plain", "plain", "plain", "plain", "plain", "egg", "egg", "plain", "plain", "plain"], "errlog_a": "Timeout", "errlog_b": "", "start_time": 360, "start_moves": 40, "turn_count": 66, "result": 1, "reason": "CODE_CRASH", "trapdoors": [[3, 3], [5, 4]], "spawn_a": [7, 1], "spawn_b": [0, 1]}