{"pos": [[6, 1], [0, 0], [6, 2], [1, 0], [6, 3], [1, 1], [6, 4], [1, 2]], "a_eggs_laid": [1, 1, 1, 1, 2, 2, 2, 2], "b_eggs_laid": [0, 1, 1, 1, 1, 2, 2, 2], "a_turds_left": [5, 5, 4, 4, 4, 4, 3, 3], "b_turds_left": [5, 5, 5, 5, 5, 5, 5, 5], "a_time_left": [359.99845059999643, 359.99845059999643, 349.992150099999, 349.992150099999, 339.9796051000012, 339.9796051000012, 329.97916430000623, 329.97916430000623], "b_time_left": [360, 359.9987676000019, 359.9987676000019, 357.8725465000025, 357.8725465000025, 357.8711345000047, 357.8711345000047, 355.743918900007], "a_moves_left": [39, 39, 38, 38, 37, 37, 36, 36], "b_moves_left": [40, 39, 39, 38, 38, 37, 37, 36], "trapdoor_triggered": [0, 0, 0, 0, 0, 0, 0, 0], "left_behind": ["egg", "egg", "turd", "plain", "egg", "egg", "turd", "plain"], "errlog_a": "Timeout", "errlog_b": "", "start_time": 360, "start_moves": 40, "turn_count": 8, "result": 1, "reason": "TIMEOUT", "trapdoors": [[4, 2], [3, 2]], "spawn_a": [7, 1], "spawn_b": [0, 1]}