{"pos": [[1, 2], [7, 1], [1, 1], [6, 1], [1, 0], [6, 0], [0, 0], [5, 0], [1, 0], [4, 0], [2, 0], [4, 1], [2, 1], [4, 0], [3, 1], [4, 1], [3, 0], [5, 1], [4, 0], [5, 2], [3, 0], [5, 1], [2, 0], [5, 0], [1, 0], [5, 1], [0, 0], [5, 0], [0, 1], [5, 1], [1, 1], [5, 0], [1, 0], [5, 1], [2, 0], [5, 0], [3, 0], [5, 1], [4, 0], [4, 1], [3, 0], [4, 2], [2, 0], [3, 2], [1, 0], [3, 3], [0, 0], [2, 3], [0, 1], [2, 4], [1, 1], [1, 4], [1, 0], [1, 5], [2, 0], [2, 5], [3, 0], [2, 4], [4, 0], [2, 5], [3, 0], [1, 5], [3, 1], [0, 5], [3, 0], [0, 4], [3, 1], [0, 3], [2, 1], [0, 4], [0, 2], [1, 4], [0, 1], [0, 4], [1, 1], [1, 4], [1, 0], [2, 4], [2, 0], [3, 4]], "a_eggs_laid": [1, 1, 1, 1, 2, 2, 2, 2, 5, 5, 5, 5, 6, 6, 6, 6, 7, 7, 7, 7, 8, 8, 8, 8, 8, 8, 8, 8, 8, 8, 8, 8, 8, 8, 8, 8, 8, 8, 8, 8, 8, 8, 8, 8, 8, 8, 8, 8, 8, 8, 8, 8, 8, 8, 8, 8, 8, 8, 8, 8, 8, 8, 8, 8, 8, 8, 8, 8, 8, 8, 8, 8, 8, 8, 8, 8, 8, 8, 8, 8], "b_eggs_laid": [0, 1, 1, 1, 1, 2, 2, 2, 2, 3, 3, 3, 3, 4, 4, 4, 4, 4, 4, 4, 4, 5, 5, 5, 5, 5, 5, 5, 5, 5, 5, 5, 5, 5, 5, 5, 5, 5, 5, 5, 5, 5, 5, 5, 5, 6, 6, 6, 6, 7, 7, 7, 7, 8, 8, 8, 8, 9, 9, 9, 9, 9, 9, 9, 9, 10, 10, 10, 10, 11, 11, 15, 15, 15, 15, 15, 15, 15, 15, 15], "a_turds_left": [5, 5, 4, 4, 4, 4, 4, 4, 4, 4, 4, 4, 4, 4, 3, 3, 3, 3, 3, 3, 3, 3, 3, 3, 3, 3, 3, 3, 3, 3, 3, 3, 3, 3, 3, 3, 3, 3, 3, 3, 3, 3, 3, 3, 3, 3, 3, 3, 3, 3, 3, 3, 3, 3, 3, 3, 3, 3, 3, 3, 3, 3, 3, 3, 3, 3, 3, 3, 3, 3, 3, 3, 3, 3, 3, 3, 3, 3, 3, 3], "b_turds_left": [5, 5, 5, 5, 5, 5, 5, 5, 5, 5, 5, 5, 5, 5, 5, 5, 5, 5, 5, 5, 5, 5, 5, 5, 5, 5, 5, 5, 5, 5, 5, 5, 5, 5, 5, 5, 5, 5, 5, 5, 5, 5, 5, 4, 4, 4, 4, 3, 3, 3, 3, 2, 2, 2, 2, 1, 1, 1, 1, 1, 1, 1, 1, 1, 1, 1, 1, 0, 0, 0, 0, 0, 0, 0, 0, 0, 0, 0, 0, 0], "a_time_left": [359.9993831000029, 359.9993831000029, 349.99910269999964, 349.99910269999964, 339.9766690999968, 339.9766690999968, 329.97461239999393, 329.97461239999393, 319.9057337999984, 319.9057337999984, 309.90202449999924, 309.90202449999924, 299.8791280000005, 299.8791280000005, 290.02214329999697, 290.02214329999697, 279.97656619999907, 279.97656619999907, 269.9742650000044, 269.9742650000044, 259.9738459000073, 259.9738459000073, 259.88854430001084, 259.88854430001084, 259.5588131000113, 259.5588131000113, 259.47235570001067, 259.47235570001067, 259.30386200000794, 259.30386200000794, 259.22575330000836, 259.22575330000836, 259.1318814000115, 259.1318814000115, 259.129139200013, 259.129139200013, 259.0359056000161, 259.0359056000161, 259.0305119000186, 259.0305119000186, 258.8833910000176, 258.8833910000176, 258.88036680001824, 258.88036680001824, 258.5093938000209, 258.5093938000209, 258.50374270002067, 258.50374270002067, 258.135525000027, 258.135525000027, 258.1306466000242, 258.1306466000242, 257.47223490002943, 257.47223490002943, 257.46844020002754, 257.46844020002754, 256.70984400002635, 256.70984400002635, 256.61549490002653, 256.61549490002653, 256.5492322000209, 256.5492322000209, 256.5487244000251, 256.5487244000251, 256.0597554000269, 256.0597554000269, 256.05926080002246, 256.05926080002246, 256.0587528000251, 256.0587528000251, 256.0582144000291, 256.0582144000291, 256.05767530002777, 256.05767530002777, 255.9627336000267, 255.9627336000267, 255.75537150002492, 255.75537150002492, 255.6530243000234, 255.6530243000234], "b_time_left": [360, 359.9974710999959, 359.9974710999959, 359.9948624999961, 359.9948624999961, 359.9916133999941, 359.9916133999941, 359.9885338999957, 359.9885338999957, 359.9752886999995, 359.9752886999995, 359.9698663999952, 359.9698663999952, 359.96323599999596, 359.96323599999596, 359.9613715000014, 359.9613715000014, 359.95723920000455, 359.95723920000455, 359.95247820000804, 359.95247820000804, 359.94498090000707, 359.94498090000707, 359.93788470001164, 359.93788470001164, 359.93473990001075, 359.93473990001075, 359.9321486000117, 359.9321486000117, 359.93166240000573, 359.93166240000573, 359.92620760000136, 359.92620760000136, 359.9247327000048, 359.9247327000048, 359.91933060000156, 359.91933060000156, 359.91776850000315, 359.91776850000315, 359.91141770000104, 359.91141770000104, 359.90853490000154, 359.90853490000154, 359.90405340000143, 359.90405340000143, 359.89043970000057, 359.89043970000057, 359.8857674999963, 359.8857674999963, 359.87924089999433, 359.87924089999433, 359.87505459999375, 359.87505459999375, 359.86681799999496, 359.86681799999496, 359.864516499998, 359.864516499998, 359.86201379999693, 359.86201379999693, 359.86008889999357, 359.86008889999357, 359.8582361999943, 359.8582361999943, 359.85634579999896, 359.85634579999896, 359.8543133999992, 359.8543133999992, 359.8524436000007, 359.8524436000007, 359.8479535000006, 359.8479535000006, 359.8459307000012, 359.8459307000012, 359.8420283000014, 359.8420283000014, 359.84022489999916, 359.84022489999916, 359.83724059999804, 359.83724059999804, 359.8352234999984], "a_moves_left": [39, 39, 38, 38, 37, 37, 36, 36, 35, 35, 34, 34, 33, 33, 32, 32, 31, 31, 30, 30, 29, 29, 28, 28, 27, 27, 26, 26, 25, 25, 24, 24, 23, 23, 22, 22, 21, 21, 20, 20, 19, 19, 18, 18, 17, 17, 16, 16, 15, 15, 14, 14, 13, 13, 12, 12, 11, 11, 10, 10, 9, 9, 8, 8, 7, 7, 6, 6, 5, 5, 4, 4, 3, 3, 2, 2, 1, 1, 0, 0], "b_moves_left": [40, 39, 39, 38, 38, 37, 37, 36, 36, 35, 35, 34, 34, 33, 33, 32, 32, 31, 31, 30, 30, 29, 29, 28, 28, 27, 27, 26, 26, 25, 25, 24, 24, 23, 23, 22, 22, 21, 21, 20, 20, 19, 19, 18, 18, 17, 17, 16, 16, 15, 15, 14, 14, 13, 13, 12, 12, 11, 11, 10, 10, 9, 9, 8, 8, 7, 7, 6, 6, 5, 5, 4, 4, 3, 3, 2, 2, 1, 1, 0], "trapdoor_triggered": [0, 0, 0, 0, 0, 0, 0, 0, 0, 0, 0, 0, 0, 0, 0, 0, 0, 0, 0, 0, 0, 0, 0, 0, 0, 0, 0, 0, 0, 0, 0, 0, 0, 0, 0, 0, 0, 0, 0, 0, 0, 0, 0, 0, 0, 0, 0, 0, 0, 0, 0, 0, 0, 0, 0, 0, 0, 0, 0, 0, 0, 0, 0, 0, 0, 0, 0, 0, 0, 0, 1, 0, 0, 0, 0, 0, 0, 0, 0, 0], "left_behind": ["egg", "egg", "turd", "plain", "egg", "egg", "plain", "plain", "egg", "egg", "plain", "plain", "egg", "egg", "turd", "plain", "egg", "plain", "plain", "plain", "egg", "egg", "plain", "plain", "plain", "plain", "plain", "plain", "plain", "plain", "plain", "plain", "plain", "plain", "plain", "plain", "plain", "plain", "plain", "plain", "plain", "plain", "plain", "turd", "plain", "egg", "plain", "turd", "plain", "egg", "plain", "turd", "plain", "egg", "plain", "turd", "plain", "egg", "plain", "plain", "plain", "plain", "plain", "plain", "plain", "egg", "plain", "turd", "plain", "egg", "plain", "plain", "plain", "plain", "plain", "plain", "plain", "plain", "plain", "plain"], "errlog_a": "", "errlog_b": "", "start_time": 360, "start_moves": 40, "turn_count": 80, "result": 1, "reason": "EGGS_LAID", "trapdoors": [[2, 2], [4, 3]], "spawn_a": [0, 2], "spawn_b": [7, 2]}