{"pos": [[6, 1], [0, 0], [6, 2], [1, 0], [6, 3], [2, 0], [6, 4], [2, 1], [6, 5], [2, 0], [7, 5], [3, 0], [7, 6], [4, 0], [7, 7], [5, 0], [6, 7], [4, 0], [5, 7], [4, 1], [4, 7], [4, 0], [3, 7], [4, 1], [3, 6], [3, 1], [2, 6], [3, 2], [1, 6], [3, 1], [0, 6], [3, 2], [0, 5], [3, 3], [1, 5], [2, 3], [1, 4], [0, 1], [1, 3], [0, 2], [0, 3], [1, 2], [0, 2], [1, 1], [0, 3], [1, 2], [0, 4], [0, 1], [1, 4], [0, 0], [2, 4], [1, 0], [1, 4], [2, 0], [1, 5], [3, 0], [0, 5], [4, 0], [1, 5], [4, 1], [7, 1], [4, 2], [7, 2], [4, 3], [7, 3], [4, 2], [7, 4], [5, 2], [6, 4], [4, 2], [5, 4], [4, 1], [4, 4], [4, 2], [4, 5], [4, 1], [3, 5], [4, 2], [3, 6], [4, 1]], "a_eggs_laid": [1, 1, 1, 1, 2, 2, 2, 2, 3, 3, 3, 3, 4, 4, 4, 4, 7, 7, 7, 7, 8, 8, 8, 8, 9, 9, 9, 9, 10, 10, 10, 10, 11, 11, 11, 11, 12, 12, 16, 16, 17, 17, 17, 17, 18, 18, 18, 18, 23, 23, 23, 23, 24, 24, 24, 24, 24, 24, 24, 24, 24, 24, 24, 24, 24, 24, 25, 25, 25, 25, 25, 25, 25, 25, 26, 26, 26, 26, 27, 27], "b_eggs_laid": [0, 1, 1, 1, 1, 2, 2, 2, 2, 3, 3, 3, 3, 4, 4, 4, 4, 5, 5, 5, 5, 6, 6, 6, 6, 6, 6, 6, 6, 7, 7, 7, 7, 7, 7, 7, 7, 8, 8, 8, 8, 8, 8, 9, 9, 9, 9, 9, 9, 9, 9, 9, 9, 9, 9, 9, 9, 9, 9, 9, 9, 13, 13, 13, 13, 14, 14, 14, 14, 15, 15, 15, 15, 15, 15, 15, 15, 15, 15, 15], "a_turds_left": [5, 5, 4, 4, 4, 4, 3, 3, 3, 3, 2, 2, 2, 2, 2, 2, 2, 2, 2, 2, 2, 2, 1, 1, 1, 1, 1, 1, 1, 1, 0, 0, 0, 0, 0, 0, 0, 0, 0, 0, 0, 0, 0, 0, 0, 0, 0, 0, 0, 0, 0, 0, 0, 0, 0, 0, 0, 0, 0, 0, 0, 0, 0, 0, 0, 0, 0, 0, 0, 0, 0, 0, 0, 0, 0, 0, 0, 0, 0, 0], "b_turds_left": [5, 5, 5, 5, 5, 5, 5, 5, 5, 5, 5, 5, 5, 5, 5, 5, 5, 5, 5, 5, 5, 5, 5, 5, 5, 5, 5, 5, 5, 5, 5, 4, 4, 4, 4, 3, 3, 3, 3, 3, 3, 3, 3, 3, 3, 2, 2, 2, 2, 2, 2, 1, 1, 1, 1, 0, 0, 0, 0, 0, 0, 0, 0, 0, 0, 0, 0, 0, 0, 0, 0, 0, 0, 0, 0, 0, 0, 0, 0, 0], "a_time_left": [359.99870779999765, 359.99870779999765, 349.97371409999323, 349.97371409999323, 339.96147799999744, 339.96147799999744, 329.95763169999555, 329.95763169999555, 319.95293729999685, 319.95293729999685, 309.95156919999863, 309.95156919999863, 299.95121440000366, 299.95121440000366, 289.92561130000104, 289.92561130000104, 279.9178318999984, 279.9178318999984, 269.9087015999976, 269.9087015999976, 259.87078420000034, 259.87078420000034, 259.30928299999505, 259.30928299999505, 249.7623037000012, 249.7623037000012, 240.26048090000404, 240.26048090000404, 230.45077149999997, 230.45077149999997, 229.5584441999963, 229.5584441999963, 219.55783239999437, 219.55783239999437, 210.02943059999234, 210.02943059999234, 200.02711709999858, 200.02711709999858, 190.32786079999642, 190.32786079999642, 180.32737009999255, 180.32737009999255, 171.09458169998834, 171.09458169998834, 170.72698309998668, 170.72698309998668, 169.80275399998936, 169.80275399998936, 169.1711274999907, 169.1711274999907, 169.14475479999237, 169.14475479999237, 168.8480090999874, 168.8480090999874, 168.84752129999106, 168.84752129999106, 168.42149009998684, 168.42149009998684, 168.4188563999851, 168.4188563999851, 158.85528889998386, 158.85528889998386, 149.58108829997946, 149.58108829997946, 139.58057329997973, 139.58057329997973, 129.78795029997855, 129.78795029997855, 129.36289289997512, 129.36289289997512, 128.98995979997562, 128.98995979997562, 126.47986519997357, 126.47986519997357, 126.45811639997555, 126.45811639997555, 123.7525418999794, 123.7525418999794, 123.73537709998345, 123.73537709998345], "b_time_left": [360, 359.9998067999986, 359.9998067999986, 356.7956966999991, 356.7956966999991, 356.7950639999981, 356.7950639999981, 353.59179039999435, 353.59179039999435, 353.59118179999496, 353.59118179999496, 350.3872923999952, 350.3872923999952, 350.38669759999175, 350.38669759999175, 347.1834585999968, 347.1834585999968, 347.1829684999975, 347.1829684999975, 343.979405099999, 343.979405099999, 343.9787784999935, 343.9787784999935, 343.97433209999144, 343.97433209999144, 338.3710227999909, 338.3710227999909, 332.7674224999864, 332.7674224999864, 332.766613099986, 332.766613099986, 332.53211329998885, 332.53211329998885, 332.3874006999904, 332.3874006999904, 332.2360504999888, 332.2360504999888, 332.23522469998716, 332.23522469998716, 331.8474944999907, 331.8474944999907, 331.69607339998765, 331.69607339998765, 331.69523259998823, 331.69523259998823, 331.6673285999859, 331.6673285999859, 331.6601401999869, 331.6601401999869, 331.65080719998514, 331.65080719998514, 331.64075599998614, 331.64075599998614, 331.6378016999879, 331.6378016999879, 331.6317401999913, 331.6317401999913, 331.62921919998917, 331.62921919998917, 331.62711659998604, 331.62711659998604, 331.5878335999878, 331.5878335999878, 331.5660499999867, 331.5660499999867, 331.56545249998453, 331.56545249998453, 331.5620705999827, 331.5620705999827, 331.5614480999793, 331.5614480999793, 331.5580022999784, 331.5580022999784, 331.55318589998205, 331.55318589998205, 331.549039799982, 331.549039799982, 331.54384379997646, 331.54384379997646, 331.5394552999787], "a_moves_left": [39, 39, 38, 38, 37, 37, 36, 36, 35, 35, 34, 34, 33, 33, 32, 32, 31, 31, 30, 30, 29, 29, 28, 28, 27, 27, 26, 26, 25, 25, 24, 24, 23, 23, 22, 22, 21, 21, 20, 20, 19, 19, 18, 18, 17, 17, 16, 16, 15, 15, 14, 14, 13, 13, 12, 12, 11, 11, 10, 10, 9, 9, 8, 8, 7, 7, 6, 6, 5, 5, 4, 4, 3, 3, 2, 2, 1, 1, 0, 0], "b_moves_left": [40, 39, 39, 38, 38, 37, 37, 36, 36, 35, 35, 34, 34, 33, 33, 32, 32, 31, 31, 30, 30, 29, 29, 28, 28, 27, 27, 26, 26, 25, 25, 24, 24, 23, 23, 22, 22, 21, 21, 20, 20, 19, 19, 18, 18, 17, 17, 16, 16, 15, 15, 14, 14, 13, 13, 12, 12, 11, 11, 10, 10, 9, 9, 8, 8, 7, 7, 6, 6, 5, 5, 4, 4, 3, 3, 2, 2, 1, 1, 0], "trapdoor_triggered": [0, 0, 0, 0, 0, 0, 0, 0, 0, 0, 0, 0, 0, 0, 0, 0, 0, 0, 0, 0, 0, 0, 0, 0, 0, 0, 0, 0, 0, 0, 0, 0, 0, 0, 0, 0, 0, 1, 0, 0, 0, 0, 0, 0, 0, 0, 0, 1, 0, 0, 0, 0, 0, 0, 0, 0, 0, 0, 0, 0, 1, 0, 0, 0, 0, 0, 0, 0, 0, 0, 0, 0, 0, 0, 0, 0, 0, 0, 0, 0], "left_behind": ["egg", "egg", "turd", "plain", "egg", "egg", "turd", "plain", "egg", "egg", "turd", "plain", "egg", "egg", "plain", "plain", "egg", "egg", "plain", "plain", "egg", "egg", "turd", "plain", "egg", "plain", "plain", "plain", "egg", "egg", "turd", "turd", "egg", "plain", "plain", "turd", "egg", "egg", "plain", "plain", "egg", "plain", "plain", "egg", "egg", "turd", "plain", "plain", "egg", "plain", "plain", "turd", "egg", "plain", "plain", "turd", "plain", "plain", "plain", "plain", "plain", "plain", "plain", "plain", "plain", "egg", "egg", "plain", "plain", "egg", "plain", "plain", "plain", "plain", "egg", "plain", "plain", "plain", "egg", "plain"], "errlog_a": "", "errlog_b": "", "start_time": 360, "start_moves": 40, "turn_count": 80, "result": 0, "reason": "EGGS_LAID", "trapdoors": [[2, 2], [2, 5]], "spawn_a": [7, 1], "spawn_b": [0, 1]}