{"pos": [[6, 5], [0, 4], [6, 6], [1, 4], [6, 7], [1, 3], [7, 7], [2, 3], [6, 7], [2, 2], [5, 7], [3, 2], [5, 6], [3, 1], [4, 6], [3, 0], [3, 6], [3, 1], [2, 6], [4, 1], [1, 6], [4, 0], [1, 5], [5, 0], [7, 5], [5, 1], [7, 4], [5, 2], [7, 3], [5, 1], [7, 2], [6, 1], [7, 1], [6, 0], [7, 0], [6, 1], [6, 0], [5, 1], [7, 0], [6, 1], [7, 1], [5, 1], [7, 2], [6, 1], [6, 2], [5, 1], [6, 3], [6, 1], [6, 4], [5, 1], [5, 4], [6, 1], [4, 4], [5, 1], [4, 3], [6, 1], [3, 3], [5, 1], [3, 4], [6, 1], [2, 4], [5, 1], [3, 4], [6, 1], [3, 5], [5, 1], [3, 6], [6, 1], [3, 7], [5, 1], [2, 7], [6, 1], [1, 7], [5, 1], [0, 7], [6, 1], [0, 6], [5, 1], [0, 7], [6, 1]], "a_eggs_laid": [1, 1, 1, 1, 2, 2, 2, 2, 5, 5, 5, 5, 6, 6, 6, 6, 7, 7, 7, 7, 8, 8, 8, 8, 9, 9, 9, 9, 9, 9, 10, 10, 10, 10, 11, 11, 11, 11, 12, 12, 12, 12, 12, 12, 12, 12, 13, 13, 13, 13, 14, 14, 14, 14, 15, 15, 15, 15, 16, 16, 16, 16, 17, 17, 17, 17, 18, 18, 18, 18, 19, 19, 19, 19, 20, 20, 20, 20, 21, 21], "b_eggs_laid": [0, 1, 1, 1, 1, 2, 2, 2, 2, 3, 3, 3, 3, 4, 4, 4, 4, 5, 5, 5, 5, 6, 6, 6, 6, 11, 11, 11, 11, 12, 12, 12, 12, 13, 13, 13, 13, 13, 13, 13, 13, 13, 13, 13, 13, 13, 13, 13, 13, 13, 13, 13, 13, 13, 13, 13, 13, 13, 13, 13, 13, 13, 13, 13, 13, 13, 13, 13, 13, 13, 13, 13, 13, 13, 13, 13, 13, 13, 13, 13], "a_turds_left": [5, 5, 4, 4, 4, 4, 4, 4, 4, 4, 4, 4, 4, 4, 4, 4, 4, 4, 4, 4, 4, 4, 3, 3, 3, 3, 3, 3, 2, 2, 2, 2, 1, 1, 1, 1, 0, 0, 0, 0, 0, 0, 0, 0, 0, 0, 0, 0, 0, 0, 0, 0, 0, 0, 0, 0, 0, 0, 0, 0, 0, 0, 0, 0, 0, 0, 0, 0, 0, 0, 0, 0, 0, 0, 0, 0, 0, 0, 0, 0], "b_turds_left": [5, 5, 5, 4, 4, 4, 4, 3, 3, 3, 3, 3, 3, 3, 3, 2, 2, 2, 2, 2, 2, 2, 2, 2, 2, 2, 2, 1, 1, 1, 1, 1, 1, 1, 1, 1, 1, 1, 1, 1, 1, 1, 1, 1, 1, 1, 1, 1, 1, 1, 1, 1, 1, 1, 1, 1, 1, 1, 1, 1, 1, 1, 1, 1, 1, 1, 1, 1, 1, 1, 1, 1, 1, 1, 1, 1, 1, 1, 1, 1], "a_time_left": [359.9987712000002, 359.9987712000002, 350.7579934999958, 350.7579934999958, 340.8917893999969, 340.8917893999969, 330.8915879999913, 330.8915879999913, 320.8911125999948, 320.8911125999948, 310.8853772999937, 310.8853772999937, 300.86528149999504, 300.86528149999504, 290.8624278999923, 290.8624278999923, 280.85900369998853, 280.85900369998853, 270.85838479999074, 270.85838479999074, 260.6205130999879, 260.6205130999879, 250.62018329998682, 250.62018329998682, 241.2028952999899, 241.2028952999899, 231.2020879999909, 231.2020879999909, 221.20130829999107, 221.20130829999107, 211.20113999999012, 211.20113999999012, 201.19976309999038, 201.19976309999038, 201.04056619999028, 201.04056619999028, 200.85173539999232, 200.85173539999232, 200.80420999999478, 200.80420999999478, 200.7338721999913, 200.7338721999913, 200.6734246999913, 200.6734246999913, 200.5975064999875, 200.5975064999875, 200.42148249998718, 200.42148249998718, 200.3366182999889, 200.3366182999889, 200.03620069999306, 200.03620069999306, 199.78028519999498, 199.78028519999498, 199.09161630000017, 199.09161630000017, 198.86985679999634, 198.86985679999634, 198.61376149999705, 198.61376149999705, 198.44030199999543, 198.44030199999543, 198.2718642999971, 198.2718642999971, 198.2714938999925, 198.2714938999925, 197.78268559998833, 197.78268559998833, 197.70030139998562, 197.70030139998562, 197.22813089998817, 197.22813089998817, 197.13864239998657, 197.13864239998657, 196.83830709998438, 196.83830709998438, 196.75697279997985, 196.75697279997985, 196.6582454999807, 196.6582454999807], "b_time_left": [360, 359.99715930000093, 359.99715930000093, 359.99474490000284, 359.99474490000284, 359.9918211999975, 359.9918211999975, 359.9894515999986, 359.9894515999986, 359.9866352999961, 359.9866352999961, 359.98405739999725, 359.98405739999725, 359.98106839999673, 359.98106839999673, 359.9784670000008, 359.9784670000008, 359.9750117000003, 359.9750117000003, 359.97300720000203, 359.97300720000203, 359.96958650000306, 359.96958650000306, 359.96777770000335, 359.96777770000335, 359.96468060000916, 359.96468060000916, 359.9628503000058, 359.9628503000058, 359.9593090000126, 359.9593090000126, 359.9580366000155, 359.9580366000155, 359.95601700001134, 359.95601700001134, 359.9542616000108, 359.9542616000108, 359.9529994000113, 359.9529994000113, 359.9511786000148, 359.9511786000148, 359.949425900013, 359.949425900013, 359.9472625000126, 359.9472625000126, 359.9456978000162, 359.9456978000162, 359.94401670002117, 359.94401670002117, 359.94264590001694, 359.94264590001694, 359.941424300021, 359.941424300021, 359.9396014000158, 359.9396014000158, 359.93811160001496, 359.93811160001496, 359.9368560000148, 359.9368560000148, 359.93442520001554, 359.93442520001554, 359.9329981000192, 359.9329981000192, 359.93159680001554, 359.93159680001554, 359.9304377000153, 359.9304377000153, 359.92906590001076, 359.92906590001076, 359.9276039000106, 359.9276039000106, 359.9253380000082, 359.9253380000082, 359.9237739000091, 359.9237739000091, 359.9225495000137, 359.9225495000137, 359.9210302000138, 359.9210302000138, 359.9197877000115], "a_moves_left": [39, 39, 38, 38, 37, 37, 36, 36, 35, 35, 34, 34, 33, 33, 32, 32, 31, 31, 30, 30, 29, 29, 28, 28, 27, 27, 26, 26, 25, 25, 24, 24, 23, 23, 22, 22, 21, 21, 20, 20, 19, 19, 18, 18, 17, 17, 16, 16, 15, 15, 14, 14, 13, 13, 12, 12, 11, 11, 10, 10, 9, 9, 8, 8, 7, 7, 6, 6, 5, 5, 4, 4, 3, 3, 2, 2, 1, 1, 0, 0], "b_moves_left": [40, 39, 39, 38, 38, 37, 37, 36, 36, 35, 35, 34, 34, 33, 33, 32, 32, 31, 31, 30, 30, 29, 29, 28, 28, 27, 27, 26, 26, 25, 25, 24, 24, 23, 23, 22, 22, 21, 21, 20, 20, 19, 19, 18, 18, 17, 17, 16, 16, 15, 15, 14, 14, 13, 13, 12, 12, 11, 11, 10, 10, 9, 9, 8, 8, 7, 7, 6, 6, 5, 5, 4, 4, 3, 3, 2, 2, 1, 1, 0], "trapdoor_triggered": [0, 0, 0, 0, 0, 0, 0, 0, 0, 0, 0, 0, 0, 0, 0, 0, 0, 0, 0, 0, 0, 0, 0, 0, 1, 0, 0, 0, 0, 0, 0, 0, 0, 0, 0, 0, 0, 0, 0, 0, 0, 0, 0, 0, 0, 0, 0, 0, 0, 0, 0, 0, 0, 0, 0, 0, 0, 0, 0, 0, 0, 0, 0, 0, 0, 0, 0, 0, 0, 0, 0, 0, 0, 0, 0, 0, 0, 0, 0, 0], "left_behind": ["egg", "egg", "turd", "turd", "egg", "egg", "plain", "turd", "egg", "egg", "plain", "plain", "egg", "egg", "plain", "turd", "egg", "egg", "plain", "plain", "egg", "egg", "turd", "plain", "egg", "egg", "plain", "turd", "turd", "egg", "egg", "plain", "turd", "egg", "egg", "plain", "turd", "plain", "egg", "plain", "plain", "plain", "plain", "plain", "plain", "plain", "egg", "plain", "plain", "plain", "egg", "plain", "plain", "plain", "egg", "plain", "plain", "plain", "egg", "plain", "plain", "plain", "egg", "plain", "plain", "plain", "egg", "plain", "plain", "plain", "egg", "plain", "plain", "plain", "egg", "plain", "plain", "plain", "egg", "plain"], "errlog_a": "", "errlog_b": "", "start_time": 360, "start_moves": 40, "turn_count": 80, "result": 0, "reason": "EGGS_LAID", "trapdoors": [[5, 3], [2, 5]], "spawn_a": [7, 5], "spawn_b": [0, 5]}