{"pos": [[6, 5], [0, 4], [6, 6], [1, 4], [6, 7], [1, 3], [7, 7], [2, 3], [6, 7], [2, 2], [5, 7], [3, 2], [4, 7], [3, 1], [3, 7], [4, 1], [3, 6], [4, 0], [2, 6], [5, 0], [1, 6], [5, 1], [1, 5], [6, 1], [2, 5], [6, 0], [3, 5], [7, 0], [3, 4], [7, 1], [3, 3], [7, 2], [3, 4], [7, 1], [2, 4], [7, 0], [3, 4], [6, 0], [7, 5], [6, 1], [7, 6], [6, 2], [7, 7], [0, 5], [6, 7], [0, 4], [5, 7], [0, 3], [4, 7], [0, 2], [4, 6], [1, 2], [5, 6], [1, 1], [5, 5], [2, 1], [5, 6], [2, 0], [6, 6], [3, 0], [6, 7], [3, 1], [5, 7], [3, 0], [4, 7], [4, 0], [3, 7], [4, 1], [2, 7], [4, 2], [1, 7], [4, 1], [0, 7], [5, 1], [0, 6], [5, 0], [0, 7], [4, 0], [1, 7], [4, 1]], "a_eggs_laid": [1, 1, 1, 1, 2, 2, 2, 2, 5, 5, 5, 5, 6, 6, 6, 6, 7, 7, 7, 7, 8, 8, 8, 8, 9, 9, 9, 9, 10, 10, 10, 10, 11, 11, 11, 11, 12, 12, 12, 12, 12, 12, 12, 12, 16, 16, 16, 16, 16, 16, 16, 16, 17, 17, 17, 17, 18, 18, 18, 18, 18, 18, 18, 18, 18, 18, 18, 18, 18, 18, 18, 18, 19, 19, 19, 19, 20, 20, 20, 20], "b_eggs_laid": [0, 1, 1, 1, 1, 2, 2, 2, 2, 3, 3, 3, 3, 4, 4, 4, 4, 5, 5, 5, 5, 6, 6, 6, 6, 7, 7, 7, 7, 10, 10, 10, 10, 11, 11, 11, 11, 11, 11, 15, 15, 15, 15, 15, 15, 15, 15, 15, 15, 16, 16, 16, 16, 17, 17, 17, 17, 18, 18, 18, 18, 19, 19, 19, 19, 19, 19, 19, 19, 19, 19, 19, 19, 19, 19, 19, 19, 19, 19, 19], "a_turds_left": [5, 5, 4, 4, 4, 4, 4, 4, 4, 4, 4, 4, 4, 4, 4, 4, 4, 4, 3, 3, 3, 3, 2, 2, 2, 2, 1, 1, 1, 1, 1, 1, 1, 1, 0, 0, 0, 0, 0, 0, 0, 0, 0, 0, 0, 0, 0, 0, 0, 0, 0, 0, 0, 0, 0, 0, 0, 0, 0, 0, 0, 0, 0, 0, 0, 0, 0, 0, 0, 0, 0, 0, 0, 0, 0, 0, 0, 0, 0, 0], "b_turds_left": [5, 5, 5, 5, 5, 5, 5, 5, 5, 5, 5, 5, 5, 5, 5, 5, 5, 5, 5, 5, 5, 5, 5, 5, 5, 5, 5, 5, 5, 5, 5, 5, 5, 5, 5, 5, 5, 5, 5, 5, 5, 5, 5, 5, 5, 5, 5, 5, 5, 5, 5, 5, 5, 5, 5, 5, 5, 5, 5, 5, 5, 5, 5, 4, 4, 4, 4, 4, 4, 4, 4, 3, 3, 3, 3, 2, 2, 2, 2, 2], "a_time_left": [359.99893420000444, 359.99893420000444, 350.05360500000097, 350.05360500000097, 340.0476557000002, 340.0476557000002, 330.0411188999933, 330.0411188999933, 320.01922779999586, 320.01922779999586, 310.01801120000164, 310.01801120000164, 299.95641389999946, 299.95641389999946, 289.9123608999944, 289.9123608999944, 279.91197719999764, 279.91197719999764, 269.8812747999982, 269.8812747999982, 259.8744798999978, 259.8744798999978, 249.86488679999457, 249.86488679999457, 239.8643710999968, 239.8643710999968, 229.86402219999582, 229.86402219999582, 219.86354429999483, 219.86354429999483, 209.7505581000005, 209.7505581000005, 199.75029160000122, 199.75029160000122, 199.45766909999656, 199.45766909999656, 199.32778189999226, 199.32778189999226, 199.25948089999292, 199.25948089999292, 198.36925299998984, 198.36925299998984, 198.36632699998881, 198.36632699998881, 198.18382709999423, 198.18382709999423, 198.18114849999256, 198.18114849999256, 188.18097789998865, 188.18097789998865, 178.18001849998836, 178.18001849998836, 168.90483079999103, 168.90483079999103, 158.9041218999846, 158.9041218999846, 148.9036866999886, 148.9036866999886, 148.9032709999883, 148.9032709999883, 139.455699299986, 139.455699299986, 139.36740619999182, 139.36740619999182, 138.34920969999075, 138.34920969999075, 138.34558569999353, 138.34558569999353, 128.50259439999354, 128.50259439999354, 114.3274434999912, 114.3274434999912, 99.32663989999128, 99.32663989999128, 84.32497929999226, 84.32497929999226, 84.04437469999539, 84.04437469999539, 84.04400119999627, 84.04400119999627], "b_time_left": [360, 359.9986040999938, 359.9986040999938, 357.87172169999394, 357.87172169999394, 357.8705608999953, 357.8705608999953, 355.74397039999167, 355.74397039999167, 355.74280129998806, 355.74280129998806, 353.61644739998155, 353.61644739998155, 353.61534819997905, 353.61534819997905, 351.48901829998067, 351.48901829998067, 351.48783529998036, 351.48783529998036, 349.36166529998445, 349.36166529998445, 349.3605331999861, 349.3605331999861, 345.10920019998593, 345.10920019998593, 345.1081803999841, 345.1081803999841, 340.8572496999841, 340.8572496999841, 340.85619889998634, 340.85619889998634, 336.6047617999866, 336.6047617999866, 336.60362489998806, 336.60362489998806, 336.60248659998615, 336.60248659998615, 332.3515743999815, 332.3515743999815, 332.3505719999812, 332.3505719999812, 328.0991779999822, 328.0991779999822, 323.8469028999825, 323.8469028999825, 319.5949954999887, 319.5949954999887, 315.3437973999826, 315.3437973999826, 315.34285149997595, 315.34285149997595, 310.2411908999784, 310.2411908999784, 310.2397815999793, 310.2397815999793, 305.13756739997916, 305.13756739997916, 305.1366450999776, 305.1366450999776, 300.03516019997915, 300.03516019997915, 300.03310489997966, 300.03310489997966, 300.0321687999749, 300.0321687999749, 294.9306733999765, 294.9306733999765, 294.92876679997426, 294.92876679997426, 289.82761609997397, 289.82761609997397, 289.82659929997317, 289.82659929997317, 284.7253088999714, 284.7253088999714, 284.7244697999704, 284.7244697999704, 279.62242339997465, 279.62242339997465, 279.62123289997544], "a_moves_left": [39, 39, 38, 38, 37, 37, 36, 36, 35, 35, 34, 34, 33, 33, 32, 32, 31, 31, 30, 30, 29, 29, 28, 28, 27, 27, 26, 26, 25, 25, 24, 24, 23, 23, 22, 22, 21, 21, 20, 20, 19, 19, 18, 18, 17, 17, 16, 16, 15, 15, 14, 14, 13, 13, 12, 12, 11, 11, 10, 10, 9, 9, 8, 8, 7, 7, 6, 6, 5, 5, 4, 4, 3, 3, 2, 2, 1, 1, 0, 0], "b_moves_left": [40, 39, 39, 38, 38, 37, 37, 36, 36, 35, 35, 34, 34, 33, 33, 32, 32, 31, 31, 30, 30, 29, 29, 28, 28, 27, 27, 26, 26, 25, 25, 24, 24, 23, 23, 22, 22, 21, 21, 20, 20, 19, 19, 18, 18, 17, 17, 16, 16, 15, 15, 14, 14, 13, 13, 12, 12, 11, 11, 10, 10, 9, 9, 8, 8, 7, 7, 6, 6, 5, 5, 4, 4, 3, 3, 2, 2, 1, 1, 0], "trapdoor_triggered": [0, 0, 0, 0, 0, 0, 0, 0, 0, 0, 0, 0, 0, 0, 0, 0, 0, 0, 0, 0, 0, 0, 0, 0, 0, 0, 0, 0, 0, 0, 0, 0, 0, 0, 0, 0, 0, 0, 1, 0, 0, 0, 0, 1, 0, 0, 0, 0, 0, 0, 0, 0, 0, 0, 0, 0, 0, 0, 0, 0, 0, 0, 0, 0, 0, 0, 0, 0, 0, 0, 0, 0, 0, 0, 0, 0, 0, 0, 0, 0], "left_behind": ["egg", "egg", "turd", "plain", "egg", "egg", "plain", "plain", "egg", "egg", "plain", "plain", "egg", "egg", "plain", "plain", "egg", "egg", "turd", "plain", "egg", "egg", "turd", "plain", "egg", "egg", "turd", "plain", "egg", "egg", "plain", "plain", "egg", "egg", "turd", "plain", "egg", "plain", "plain", "plain", "plain", "plain", "plain", "plain", "plain", "plain", "plain", "plain", "plain", "egg", "plain", "plain", "egg", "egg", "plain", "plain", "egg", "egg", "plain", "plain", "plain", "egg", "plain", "turd", "plain", "plain", "plain", "plain", "plain", "plain", "plain", "turd", "egg", "plain", "plain", "turd", "egg", "plain", "plain", "plain"], "errlog_a": "", "errlog_b": "", "start_time": 360, "start_moves": 40, "turn_count": 80, "result": 0, "reason": "EGGS_LAID", "trapdoors": [[4, 4], [5, 2]], "spawn_a": [7, 5], "spawn_b": [0, 5]}