{"pos": [[6, 5], [0, 4], [6, 6], [1, 4], [7, 6], [1, 3], [7, 7], [0, 3], [6, 7], [0, 2], [5, 7], [1, 2], [4, 7], [1, 1], [4, 6], [0, 1], [3, 6], [0, 0], [3, 5], [1, 0], [4, 5], [2, 0], [4, 4], [3, 0], [4, 3], [3, 1], [5, 3], [3, 2], [6, 3], [3, 1], [6, 2], [4, 1], [6, 1], [4, 0], [7, 1], [5, 0], [7, 2], [5, 1], [7, 3], [0, 5], [7, 4], [0, 6], [6, 4], [1, 6], [7, 4], [1, 5], [7, 5], [2, 5], [7, 6], [2, 4], [6, 6], [3, 4], [5, 6], [2, 4], [7, 5], [2, 3], [7, 4], [2, 2], [7, 3], [2, 1], [7, 2], [2, 0], [7, 1], [1, 0], [7, 0], [0, 0], [7, 1], [1, 0], [6, 1], [2, 0], [6, 2], [3, 0], [6, 1], [3, 1], [6, 2], [3, 0], [7, 5], [3, 1], [7, 6], [3, 2]], "a_eggs_laid": [1, 1, 1, 1, 2, 2, 2, 2, 5, 5, 5, 5, 6, 6, 6, 6, 7, 7, 7, 7, 8, 8, 8, 8, 9, 9, 9, 9, 10, 10, 10, 10, 11, 11, 11, 11, 12, 12, 12, 12, 17, 17, 17, 17, 18, 18, 18, 18, 18, 18, 18, 18, 18, 18, 18, 18, 18, 18, 18, 18, 18, 18, 18, 18, 18, 18, 18, 18, 18, 18, 18, 18, 18, 18, 18, 18, 18, 18, 18, 18], "b_eggs_laid": [0, 1, 1, 1, 1, 2, 2, 2, 2, 3, 3, 3, 3, 4, 4, 4, 4, 5, 5, 5, 5, 6, 6, 6, 6, 7, 7, 7, 7, 8, 8, 8, 8, 9, 9, 9, 9, 9, 9, 9, 9, 9, 9, 9, 9, 10, 10, 10, 10, 11, 11, 11, 11, 12, 12, 16, 16, 17, 17, 17, 17, 18, 18, 18, 18, 18, 18, 18, 18, 18, 18, 18, 18, 18, 18, 18, 18, 22, 22, 22], "a_turds_left": [5, 5, 4, 4, 4, 4, 4, 4, 4, 4, 4, 4, 4, 4, 4, 4, 4, 4, 3, 3, 3, 3, 2, 2, 2, 2, 1, 1, 1, 1, 0, 0, 0, 0, 0, 0, 0, 0, 0, 0, 0, 0, 0, 0, 0, 0, 0, 0, 0, 0, 0, 0, 0, 0, 0, 0, 0, 0, 0, 0, 0, 0, 0, 0, 0, 0, 0, 0, 0, 0, 0, 0, 0, 0, 0, 0, 0, 0, 0, 0], "b_turds_left": [5, 5, 5, 5, 5, 5, 5, 5, 5, 5, 5, 5, 5, 5, 5, 4, 4, 4, 4, 4, 4, 4, 4, 3, 3, 3, 3, 3, 3, 3, 3, 2, 2, 2, 2, 1, 1, 0, 0, 0, 0, 0, 0, 0, 0, 0, 0, 0, 0, 0, 0, 0, 0, 0, 0, 0, 0, 0, 0, 0, 0, 0, 0, 0, 0, 0, 0, 0, 0, 0, 0, 0, 0, 0, 0, 0, 0, 0, 0, 0], "a_time_left": [359.9987738999989, 359.9987738999989, 349.998531600002, 349.998531600002, 339.9943751000028, 339.9943751000028, 329.984867500003, 329.984867500003, 319.98425690000295, 319.98425690000295, 309.9516272000037, 309.9516272000037, 300.07550430000265, 300.07550430000265, 290.07446619999973, 290.07446619999973, 280.0545227000039, 280.0545227000039, 270.0542101000028, 270.0542101000028, 260.0539302000034, 260.0539302000034, 250.05364190000546, 250.05364190000546, 240.04306830000132, 240.04306830000132, 230.04262250000465, 230.04262250000465, 220.03263000000152, 220.03263000000152, 210.03225999999995, 210.03225999999995, 200.03210850000323, 200.03210850000323, 189.61778400000185, 189.61778400000185, 179.61725920000026, 179.61725920000026, 170.39910220000456, 170.39910220000456, 160.39835710000625, 160.39835710000625, 150.91306900000927, 150.91306900000927, 141.21237390000897, 141.21237390000897, 141.08921550001105, 141.08921550001105, 140.27785700000823, 140.27785700000823, 140.27385530000902, 140.27385530000902, 130.27294330001314, 130.27294330001314, 120.945778600013, 120.945778600013, 119.9254295000137, 119.9254295000137, 119.91941860000952, 119.91941860000952, 119.54229790001409, 119.54229790001409, 119.44835190001322, 119.44835190001322, 118.77895080001326, 118.77895080001326, 118.77536620001047, 118.77536620001047, 118.77492930000881, 118.77492930000881, 118.65879130001122, 118.65879130001122, 118.24384420001297, 118.24384420001297, 118.13565140001447, 118.13565140001447, 118.13525900001696, 118.13525900001696, 118.13481430001411, 118.13481430001411], "b_time_left": [360, 359.9965668999939, 359.9965668999939, 359.99517949999426, 359.99517949999426, 359.9937601999991, 359.9937601999991, 359.9925645999974, 359.9925645999974, 359.9910760999919, 359.9910760999919, 359.9884402999887, 359.9884402999887, 359.9860578999942, 359.9860578999942, 359.9834536999915, 359.9834536999915, 359.98065759999736, 359.98065759999736, 359.9784038999933, 359.9784038999933, 359.9750803999923, 359.9750803999923, 359.9725785999908, 359.9725785999908, 359.96528139998554, 359.96528139998554, 355.9601857999878, 355.9601857999878, 355.95456559999, 355.95456559999, 351.94979099998454, 351.94979099998454, 351.9472033999846, 351.9472033999846, 351.9428701999859, 351.9428701999859, 351.9345401999817, 351.9345401999817, 347.93086669997865, 347.93086669997865, 347.9289624999801, 347.9289624999801, 343.92639769997913, 343.92639769997913, 343.9241957999766, 343.9241957999766, 339.9215047999751, 339.9215047999751, 339.91988979997404, 339.91988979997404, 335.117093699977, 335.117093699977, 335.11283309997816, 335.11283309997816, 330.30999529997644, 330.30999529997644, 330.3080575999775, 330.3080575999775, 325.5050610999824, 325.5050610999824, 325.502531599981, 325.502531599981, 325.49982829998044, 325.49982829998044, 320.6975851999741, 320.6975851999741, 320.69529729997885, 320.69529729997885, 320.69487509998, 320.69487509998, 320.6943461999763, 320.6943461999763, 320.6902473999726, 320.6902473999726, 320.6868937999752, 320.6868937999752, 320.6864381999767, 320.6864381999767, 320.6827153999766], "a_moves_left": [39, 39, 38, 38, 37, 37, 36, 36, 35, 35, 34, 34, 33, 33, 32, 32, 31, 31, 30, 30, 29, 29, 28, 28, 27, 27, 26, 26, 25, 25, 24, 24, 23, 23, 22, 22, 21, 21, 20, 20, 19, 19, 18, 18, 17, 17, 16, 16, 15, 15, 14, 14, 13, 13, 12, 12, 11, 11, 10, 10, 9, 9, 8, 8, 7, 7, 6, 6, 5, 5, 4, 4, 3, 3, 2, 2, 1, 1, 0, 0], "b_moves_left": [40, 39, 39, 38, 38, 37, 37, 36, 36, 35, 35, 34, 34, 33, 33, 32, 32, 31, 31, 30, 30, 29, 29, 28, 28, 27, 27, 26, 26, 25, 25, 24, 24, 23, 23, 22, 22, 21, 21, 20, 20, 19, 19, 18, 18, 17, 17, 16, 16, 15, 15, 14, 14, 13, 13, 12, 12, 11, 11, 10, 10, 9, 9, 8, 8, 7, 7, 6, 6, 5, 5, 4, 4, 3, 3, 2, 2, 1, 1, 0], "trapdoor_triggered": [0, 0, 0, 0, 0, 0, 0, 0, 0, 0, 0, 0, 0, 0, 0, 0, 0, 0, 0, 0, 0, 0, 0, 0, 0, 0, 0, 0, 0, 0, 0, 0, 0, 0, 0, 0, 0, 0, 0, 1, 0, 0, 0, 0, 0, 0, 0, 0, 0, 0, 0, 0, 0, 0, 1, 0, 0, 0, 0, 0, 0, 0, 0, 0, 0, 0, 0, 0, 0, 0, 0, 0, 0, 0, 0, 0, 1, 0, 0, 0], "left_behind": ["egg", "egg", "turd", "plain", "egg", "egg", "plain", "plain", "egg", "egg", "plain", "plain", "egg", "egg", "plain", "turd", "egg", "egg", "turd", "plain", "egg", "egg", "turd", "turd", "egg", "egg", "turd", "plain", "egg", "egg", "turd", "turd", "egg", "egg", "plain", "turd", "egg", "turd", "plain", "plain", "egg", "plain", "plain", "plain", "egg", "egg", "plain", "plain", "plain", "egg", "plain", "plain", "plain", "egg", "plain", "plain", "plain", "egg", "plain", "plain", "plain", "egg", "plain", "plain", "plain", "plain", "plain", "plain", "plain", "plain", "plain", "plain", "plain", "plain", "plain", "plain", "plain", "plain", "plain", "plain"], "errlog_a": "", "errlog_b": "", "start_time": 360, "start_moves": 40, "turn_count": 80, "result": 1, "reason": "EGGS_LAID", "trapdoors": [[5, 5], [5, 2]], "spawn_a": [7, 5], "spawn_b": [0, 5]}