{"pos": [[1, 2], [7, 1], [1, 1], [6, 1], [1, 0], [6, 0], [0, 0], [5, 0], [1, 0], [4, 0], [2, 0], [4, 1], [2, 1], [4, 0], [2, 2], [3, 0], [3, 2], [4, 0], [3, 1], [5, 0], [3, 2], [6, 0], [4, 2], [7, 0], [5, 2], [7, 1], [6, 2], [7, 2], [6, 3], [7, 3], [6, 4], [6, 3], [6, 5], [7, 3], [6, 6], [7, 4], [6, 7], [7, 3], [7, 7], [6, 3], [6, 7], [7, 3], [5, 7], [6, 3], [4, 7], [7, 3], [4, 6], [6, 3], [5, 6], [7, 3], [0, 2], [6, 3], [0, 3], [7, 3], [0, 4], [6, 3], [1, 4], [7, 3], [1, 5], [6, 3], [2, 5], [7, 3], [2, 6], [6, 3], [3, 6], [7, 3], [3, 7], [6, 3], [2, 7], [7, 3], [1, 7], [6, 3], [0, 7], [7, 3], [0, 6], [7, 2], [1, 6], [7, 1], [1, 7], [7, 0]], "a_eggs_laid": [1, 1, 1, 1, 2, 2, 2, 2, 5, 5, 5, 5, 6, 6, 6, 6, 7, 7, 7, 7, 8, 8, 8, 8, 9, 9, 9, 9, 10, 10, 10, 10, 11, 11, 11, 11, 12, 12, 12, 12, 15, 15, 15, 15, 16, 16, 16, 16, 17, 17, 17, 17, 17, 17, 17, 17, 18, 18, 18, 18, 19, 19, 19, 19, 20, 20, 20, 20, 21, 21, 21, 21, 22, 22, 22, 22, 23, 23, 23, 23], "b_eggs_laid": [0, 1, 1, 1, 1, 2, 2, 2, 2, 3, 3, 3, 3, 4, 4, 4, 4, 5, 5, 5, 5, 5, 5, 5, 5, 8, 8, 8, 8, 8, 8, 8, 8, 9, 9, 9, 9, 10, 10, 10, 10, 10, 10, 10, 10, 10, 10, 10, 10, 10, 10, 14, 14, 14, 14, 14, 14, 14, 14, 14, 14, 14, 14, 14, 14, 14, 14, 14, 14, 14, 14, 14, 14, 14, 14, 14, 14, 14, 14, 14], "a_turds_left": [5, 5, 4, 4, 4, 4, 4, 4, 4, 4, 3, 3, 3, 3, 2, 2, 2, 2, 1, 1, 1, 1, 1, 1, 1, 1, 0, 0, 0, 0, 0, 0, 0, 0, 0, 0, 0, 0, 0, 0, 0, 0, 0, 0, 0, 0, 0, 0, 0, 0, 0, 0, 0, 0, 0, 0, 0, 0, 0, 0, 0, 0, 0, 0, 0, 0, 0, 0, 0, 0, 0, 0, 0, 0, 0, 0, 0, 0, 0, 0], "b_turds_left": [5, 5, 5, 5, 5, 5, 5, 5, 5, 5, 5, 5, 5, 5, 5, 4, 4, 4, 4, 4, 4, 4, 4, 4, 4, 4, 4, 3, 3, 3, 3, 2, 2, 2, 2, 2, 2, 2, 2, 2, 2, 2, 2, 2, 2, 2, 2, 2, 2, 2, 2, 2, 2, 2, 2, 2, 2, 2, 2, 2, 2, 2, 2, 2, 2, 2, 2, 2, 2, 2, 2, 2, 2, 2, 2, 2, 2, 2, 2, 2], "a_time_left": [359.9991577000037, 359.9991577000037, 349.98839060001046, 349.98839060001046, 339.9875705000086, 339.9875705000086, 329.98407480000606, 329.98407480000606, 319.9837045000022, 319.9837045000022, 309.9827049000014, 309.9827049000014, 299.9401379999981, 299.9401379999981, 289.9385026000018, 289.9385026000018, 289.22819800000434, 289.22819800000434, 288.7893560000084, 288.7893560000084, 288.68929610000487, 288.68929610000487, 278.6878349000108, 278.6878349000108, 268.6783381000132, 268.6783381000132, 268.01884500001324, 268.01884500001324, 258.01826510000683, 258.01826510000683, 248.01729050000722, 248.01729050000722, 238.0170686000056, 238.0170686000056, 228.01610810001148, 228.01610810001148, 218.01593930000672, 218.01593930000672, 217.88898770001106, 217.88898770001106, 217.61124130000826, 217.61124130000826, 217.55675080000947, 217.55675080000947, 217.2283266000086, 217.2283266000086, 217.1238827000052, 217.1238827000052, 216.69876120000845, 216.69876120000845, 216.63510640001186, 216.63510640001186, 216.5167477000141, 216.5167477000141, 216.4142239000139, 216.4142239000139, 216.0714141000135, 216.0714141000135, 215.83938340001623, 215.83938340001623, 215.3587727000122, 215.3587727000122, 215.13450760001433, 215.13450760001433, 214.6939012000148, 214.6939012000148, 214.57804540001234, 214.57804540001234, 214.27201330001117, 214.27201330001117, 214.2118876000095, 214.2118876000095, 213.859194200013, 213.859194200013, 213.79712950000976, 213.79712950000976, 213.3970487000115, 213.3970487000115, 213.3456270000097, 213.3456270000097], "b_time_left": [360, 359.99708269999974, 359.99708269999974, 359.9913054999997, 359.9913054999997, 359.9841366000037, 359.9841366000037, 359.97929410000506, 359.97929410000506, 359.96951380000974, 359.96951380000974, 359.96385610001016, 359.96385610001016, 359.9571081000104, 359.9571081000104, 359.95292930001597, 359.95292930001597, 359.9472697000165, 359.9472697000165, 359.93977890002134, 359.93977890002134, 359.9362643000204, 359.9362643000204, 355.6785909000246, 355.6785909000246, 355.67306190002273, 355.67306190002273, 355.66164770002797, 355.66164770002797, 355.6579371000262, 355.6579371000262, 355.65557470003114, 355.65557470003114, 355.65199670003494, 355.65199670003494, 355.6507606000305, 355.6507606000305, 355.64870400003565, 355.64870400003565, 355.6475453000312, 355.6475453000312, 355.6463640000293, 355.6463640000293, 355.64460110002983, 355.64460110002983, 355.64307150002423, 355.64307150002423, 355.6418539000297, 355.6418539000297, 355.6405384000245, 355.6405384000245, 355.63901260002604, 355.63901260002604, 355.63784590002615, 355.63784590002615, 355.6361715000239, 355.6361715000239, 355.63464370002475, 355.63464370002475, 355.6329998000292, 355.6329998000292, 355.63087480003014, 355.63087480003014, 355.6289903000288, 355.6289903000288, 355.62756630003423, 355.62756630003423, 355.62600030002795, 355.62600030002795, 355.62469600002805, 355.62469600002805, 355.62291910003114, 355.62291910003114, 352.2207445000313, 352.2207445000313, 352.21866830003273, 352.21866830003273, 352.2158354000276, 352.2158354000276, 352.21136620002653], "a_moves_left": [39, 39, 38, 38, 37, 37, 36, 36, 35, 35, 34, 34, 33, 33, 32, 32, 31, 31, 30, 30, 29, 29, 28, 28, 27, 27, 26, 26, 25, 25, 24, 24, 23, 23, 22, 22, 21, 21, 20, 20, 19, 19, 18, 18, 17, 17, 16, 16, 15, 15, 14, 14, 13, 13, 12, 12, 11, 11, 10, 10, 9, 9, 8, 8, 7, 7, 6, 6, 5, 5, 4, 4, 3, 3, 2, 2, 1, 1, 0, 0], "b_moves_left": [40, 39, 39, 38, 38, 37, 37, 36, 36, 35, 35, 34, 34, 33, 33, 32, 32, 31, 31, 30, 30, 29, 29, 28, 28, 27, 27, 26, 26, 25, 25, 24, 24, 23, 23, 22, 22, 21, 21, 20, 20, 19, 19, 18, 18, 17, 17, 16, 16, 15, 15, 14, 14, 13, 13, 12, 12, 11, 11, 10, 10, 9, 9, 8, 8, 7, 7, 6, 6, 5, 5, 4, 4, 3, 3, 2, 2, 1, 1, 0], "trapdoor_triggered": [0, 0, 0, 0, 0, 0, 0, 0, 0, 0, 0, 0, 0, 0, 0, 0, 0, 0, 0, 0, 0, 0, 0, 0, 0, 0, 0, 0, 0, 0, 0, 0, 0, 0, 0, 0, 0, 0, 0, 0, 0, 0, 0, 0, 0, 0, 0, 0, 0, 0, 1, 0, 0, 0, 0, 0, 0, 0, 0, 0, 0, 0, 0, 0, 0, 0, 0, 0, 0, 0, 0, 0, 0, 0, 0, 0, 0, 0, 0, 0], "left_behind": ["egg", "egg", "turd", "plain", "egg", "egg", "plain", "plain", "egg", "egg", "turd", "plain", "egg", "egg", "turd", "turd", "egg", "egg", "turd", "plain", "egg", "plain", "plain", "plain", "egg", "egg", "turd", "turd", "egg", "plain", "plain", "turd", "egg", "egg", "plain", "plain", "egg", "egg", "plain", "plain", "egg", "plain", "plain", "plain", "egg", "plain", "plain", "plain", "egg", "plain", "plain", "plain", "plain", "plain", "plain", "plain", "egg", "plain", "plain", "plain", "egg", "plain", "plain", "plain", "egg", "plain", "plain", "plain", "egg", "plain", "plain", "plain", "egg", "plain", "plain", "plain", "egg", "plain", "plain", "plain"], "errlog_a": "", "errlog_b": "", "start_time": 360, "start_moves": 40, "turn_count": 80, "result": 0, "reason": "EGGS_LAID", "trapdoors": [[5, 5], [5, 4]], "spawn_a": [0, 2], "spawn_b": [7, 2]}