{"pos": [[1, 2], [7, 1], [1, 1], [6, 1], [1, 0], [6, 0], [0, 0], [5, 0], [1, 0], [4, 0], [2, 0], [4, 1], [2, 1], [4, 0], [2, 2], [3, 0], [3, 2], [4, 0], [3, 1], [5, 0], [3, 2], [6, 0], [4, 2], [7, 0], [4, 3], [7, 1], [3, 3], [7, 0], [2, 3], [6, 0], [1, 3], [6, 1], [1, 4], [7, 1], [1, 5], [7, 0], [2, 5], [7, 1], [2, 6], [7, 0], [3, 6], [7, 1], [4, 6], [7, 0], [5, 6], [7, 1], [6, 6], [7, 0], [7, 6], [7, 1], [7, 7], [7, 0], [6, 7], [7, 1], [5, 7], [7, 0], [4, 7], [7, 1], [3, 7], [7, 0], [2, 7], [7, 1], [1, 7], [7, 0], [0, 7], [7, 1], [0, 6], [7, 0], [0, 5], [7, 1], [0, 4], [7, 0], [1, 4], [7, 1], [2, 4], [7, 0], [2, 5], [7, 1], [3, 5], [7, 0]], "a_eggs_laid": [1, 1, 1, 1, 2, 2, 2, 2, 5, 5, 5, 5, 6, 6, 6, 6, 7, 7, 7, 7, 8, 8, 8, 8, 9, 9, 9, 9, 10, 10, 10, 10, 11, 11, 11, 11, 12, 12, 12, 12, 13, 13, 13, 13, 14, 14, 14, 14, 15, 15, 15, 15, 18, 18, 18, 18, 19, 19, 19, 19, 20, 20, 20, 20, 21, 21, 21, 21, 22, 22, 22, 22, 23, 23, 23, 23, 24, 24, 24, 24], "b_eggs_laid": [0, 1, 1, 1, 1, 2, 2, 2, 2, 3, 3, 3, 3, 4, 4, 4, 4, 5, 5, 5, 5, 5, 5, 5, 5, 8, 8, 8, 8, 8, 8, 8, 8, 8, 8, 8, 8, 8, 8, 8, 8, 8, 8, 8, 8, 8, 8, 8, 8, 8, 8, 8, 8, 8, 8, 8, 8, 8, 8, 8, 8, 8, 8, 8, 8, 8, 8, 8, 8, 8, 8, 8, 8, 8, 8, 8, 8, 8, 8, 8], "a_turds_left": [5, 5, 4, 4, 4, 4, 4, 4, 4, 4, 4, 4, 4, 4, 3, 3, 3, 3, 2, 2, 2, 2, 2, 2, 2, 2, 1, 1, 1, 1, 0, 0, 0, 0, 0, 0, 0, 0, 0, 0, 0, 0, 0, 0, 0, 0, 0, 0, 0, 0, 0, 0, 0, 0, 0, 0, 0, 0, 0, 0, 0, 0, 0, 0, 0, 0, 0, 0, 0, 0, 0, 0, 0, 0, 0, 0, 0, 0, 0, 0], "b_turds_left": [5, 5, 5, 5, 5, 5, 5, 5, 5, 5, 5, 5, 5, 5, 5, 4, 4, 4, 4, 4, 4, 4, 4, 4, 4, 4, 4, 4, 4, 4, 4, 3, 3, 3, 3, 2, 2, 2, 2, 2, 2, 2, 2, 2, 2, 2, 2, 2, 2, 2, 2, 2, 2, 2, 2, 2, 2, 2, 2, 2, 2, 2, 2, 2, 2, 2, 2, 2, 2, 2, 2, 2, 2, 2, 2, 2, 2, 2, 2, 2], "a_time_left": [359.9987967999987, 359.9987967999987, 349.9945552999998, 349.9945552999998, 339.97640530000353, 339.97640530000353, 329.98777180000616, 329.98777180000616, 319.9876166000031, 319.9876166000031, 309.90463640000235, 309.90463640000235, 299.89012200000434, 299.89012200000434, 289.889096400002, 289.889096400002, 289.1390474, 289.1390474, 288.73730090000026, 288.73730090000026, 288.64269449999847, 288.64269449999847, 278.6422543000008, 278.6422543000008, 268.63774649999687, 268.63774649999687, 268.20400909999444, 268.20400909999444, 266.8782044999971, 266.8782044999971, 266.87430579999636, 266.87430579999636, 256.8741269999955, 256.8741269999955, 256.74011519999476, 256.74011519999476, 256.28435360000003, 256.28435360000003, 256.1275492999994, 256.1275492999994, 255.74583449999773, 255.74583449999773, 255.57132029999775, 255.57132029999775, 255.1051327000023, 255.1051327000023, 254.93802990000404, 254.93802990000404, 254.50544929999887, 254.50544929999887, 254.3994545999958, 254.3994545999958, 254.21823149999545, 254.21823149999545, 254.16060649999417, 254.16060649999417, 253.7663063, 253.7663063, 253.7085120999982, 253.7085120999982, 253.34495450000395, 253.34495450000395, 253.28741010000522, 253.28741010000522, 252.9646833000079, 252.9646833000079, 252.90168680000352, 252.90168680000352, 252.61726690000796, 252.61726690000796, 252.54557930000738, 252.54557930000738, 252.20041320000746, 252.20041320000746, 252.125348700014, 252.125348700014, 251.87174250001408, 251.87174250001408, 251.80422550001822, 251.80422550001822], "b_time_left": [360, 359.9971882000027, 359.9971882000027, 359.9924525000024, 359.9924525000024, 359.98428210000566, 359.98428210000566, 359.979235800005, 359.979235800005, 359.9762335999985, 359.9762335999985, 359.9702748999989, 359.9702748999989, 359.96085879999737, 359.96085879999737, 359.956843699998, 359.956843699998, 359.9511472999948, 359.9511472999948, 359.94407449998835, 359.94407449998835, 359.9397459999891, 359.9397459999891, 355.93271869999444, 355.93271869999444, 355.92776979999326, 355.92776979999326, 355.91915999999765, 355.91915999999765, 351.91520319999836, 351.91520319999836, 351.9122737999933, 351.9122737999933, 351.90961999999854, 351.90961999999854, 351.90601489999244, 351.90601489999244, 351.90301939999335, 351.90301939999335, 351.9001283999969, 351.9001283999969, 351.8972990999973, 351.8972990999973, 351.89426889999595, 351.89426889999595, 351.8918177999949, 351.8918177999949, 351.88892289999785, 351.88892289999785, 351.8861004999999, 351.8861004999999, 351.88377809999656, 351.88377809999656, 351.88117789999524, 351.88117789999524, 351.87830109999777, 351.87830109999777, 351.87570250000135, 351.87570250000135, 351.872168599999, 351.872168599999, 351.869901500002, 351.869901500002, 351.86785030000465, 351.86785030000465, 351.86526300000696, 351.86526300000696, 351.86294440001075, 351.86294440001075, 351.85995290000574, 351.85995290000574, 351.85789850000583, 351.85789850000583, 351.85532090000197, 351.85532090000197, 351.85283060000074, 351.85283060000074, 351.8503523000036, 351.8503523000036, 351.8478396999999], "a_moves_left": [39, 39, 38, 38, 37, 37, 36, 36, 35, 35, 34, 34, 33, 33, 32, 32, 31, 31, 30, 30, 29, 29, 28, 28, 27, 27, 26, 26, 25, 25, 24, 24, 23, 23, 22, 22, 21, 21, 20, 20, 19, 19, 18, 18, 17, 17, 16, 16, 15, 15, 14, 14, 13, 13, 12, 12, 11, 11, 10, 10, 9, 9, 8, 8, 7, 7, 6, 6, 5, 5, 4, 4, 3, 3, 2, 2, 1, 1, 0, 0], "b_moves_left": [40, 39, 39, 38, 38, 37, 37, 36, 36, 35, 35, 34, 34, 33, 33, 32, 32, 31, 31, 30, 30, 29, 29, 28, 28, 27, 27, 26, 26, 25, 25, 24, 24, 23, 23, 22, 22, 21, 21, 20, 20, 19, 19, 18, 18, 17, 17, 16, 16, 15, 15, 14, 14, 13, 13, 12, 12, 11, 11, 10, 10, 9, 9, 8, 8, 7, 7, 6, 6, 5, 5, 4, 4, 3, 3, 2, 2, 1, 1, 0], "trapdoor_triggered": [0, 0, 0, 0, 0, 0, 0, 0, 0, 0, 0, 0, 0, 0, 0, 0, 0, 0, 0, 0, 0, 0, 0, 0, 0, 0, 0, 0, 0, 0, 0, 0, 0, 0, 0, 0, 0, 0, 0, 0, 0, 0, 0, 0, 0, 0, 0, 0, 0, 0, 0, 0, 0, 0, 0, 0, 0, 0, 0, 0, 0, 0, 0, 0, 0, 0, 0, 0, 0, 0, 0, 0, 0, 0, 0, 0, 0, 0, 0, 0], "left_behind": ["egg", "egg", "turd", "plain", "egg", "egg", "plain", "plain", "egg", "egg", "plain", "plain", "egg", "egg", "turd", "turd", "egg", "egg", "turd", "plain", "egg", "plain", "plain", "plain", "egg", "egg", "turd", "plain", "egg", "plain", "turd", "turd", "egg", "plain", "plain", "turd", "egg", "plain", "plain", "plain", "egg", "plain", "plain", "plain", "egg", "plain", "plain", "plain", "egg", "plain", "plain", "plain", "egg", "plain", "plain", "plain", "egg", "plain", "plain", "plain", "egg", "plain", "plain", "plain", "egg", "plain", "plain", "plain", "egg", "plain", "plain", "plain", "egg", "plain", "plain", "plain", "egg", "plain", "plain", "plain"], "errlog_a": "", "errlog_b": "", "start_time": 360, "start_moves": 40, "turn_count": 80, "result": 0, "reason": "EGGS_LAID", "trapdoors": [[5, 5], [5, 2]], "spawn_a": [0, 2], "spawn_b": [7, 2]}