{"pos": [[6, 3], [0, 2], [6, 4], [1, 2], [6, 5], [1, 1], [6, 6], [2, 1], [7, 6], [2, 0], [7, 7], [3, 0], [6, 7], [4, 0], [5, 7], [4, 1], [5, 6], [4, 0], [5, 5], [5, 0], [5, 4], [6, 0], [4, 4]], "a_eggs_laid": [1, 1, 1, 1, 2, 2, 2, 2, 3, 3, 3, 3, 6, 6, 6, 6, 7, 7, 7, 7, 8, 8, 8], "b_eggs_laid": [0, 1, 1, 1, 1, 2, 2, 2, 2, 3, 3, 3, 3, 4, 4, 4, 4, 5, 5, 5, 5, 6, 6], "a_turds_left": [5, 5, 4, 4, 4, 4, 3, 3, 3, 3, 3, 3, 3, 3, 3, 3, 3, 3, 2, 2, 2, 2, 1], "b_turds_left": [5, 5, 5, 4, 4, 4, 4, 3, 3, 3, 3, 3, 3, 3, 3, 2, 2, 2, 2, 2, 2, 2, 2], "a_time_left": [359.99876690000383, 359.99876690000383, 349.9928249000004, 349.9928249000004, 339.9925382000001, 339.9925382000001, 329.9881353000019, 329.9881353000019, 319.9855480000042, 319.9855480000042, 309.9787495000055, 309.9787495000055, 299.95804870000575, 299.95804870000575, 289.89673310000944, 289.89673310000944, 279.86427760001243, 279.86427760001243, 269.8638400000127, 269.8638400000127, 259.86336590001156, 259.86336590001156, 249.86214800000744], "b_time_left": [360, 359.99669139999605, 359.99669139999605, 359.9936111999923, 359.9936111999923, 359.989866099997, 359.989866099997, 359.9857613999993, 359.9857613999993, 359.97850990000006, 359.97850990000006, 359.972861000002, 359.972861000002, 359.95900480000273, 359.95900480000273, 359.9503698999979, 359.9503698999979, 359.9437012999988, 359.9437012999988, 359.94010459999845, 359.94010459999845, 359.9240426000033, 359.9240426000033], "a_moves_left": [39, 39, 38, 38, 37, 37, 36, 36, 35, 35, 34, 34, 33, 33, 32, 32, 31, 31, 30, 30, 29, 29, 28], "b_moves_left": [40, 39, 39, 38, 38, 37, 37, 36, 36, 35, 35, 34, 34, 33, 33, 32, 32, 31, 31, 30, 30, 29, 29], "trapdoor_triggered": [0, 0, 0, 0, 0, 0, 0, 0, 0, 0, 0, 0, 0, 0, 0, 0, 0, 0, 0, 0, 0, 0, 0], "left_behind": ["egg", "egg", "turd", "turd", "egg", "egg", "turd", "turd", "egg", "egg", "plain", "plain", "egg", "egg", "plain", "turd", "egg", "egg", "turd", "plain", "egg", "egg", "turd"], "errlog_a": "", "errlog_b": "Traceback (most recent call last):\n  File \"C:\\Users\\litte\\Downloads\\dist\\engine\\player_process.py\", line 283, in run_player_process\n    player_move = player.play(\n        temp_board, trapdoor_samples, time_left_func\n    )\n  File \"C:\\Users\\litte\\Downloads\\dist\\3600-agents\\JohnXina5\\agent.py\", line 923, in play\n    move = self.mcts_search(state, time_left)\n  File \"C:\\Users\\litte\\Downloads\\dist\\3600-agents\\JohnXina5\\agent.py\", line 1925, in mcts_search\n    reward = self.mcts_rollout(copy.deepcopy(node.state))\n  File \"C:\\Users\\litte\\Downloads\\dist\\3600-agents\\JohnXina5\\agent.py\", line 2023, in mcts_rollout\n    return self.evaluate_terminal(curr_state, True)\n           ~~~~~~~~~~~~~~~~~~~~~~^^^^^^^^^^^^^^^^^^\n  File \"C:\\Users\\litte\\Downloads\\dist\\3600-agents\\JohnXina5\\agent.py\", line 1535, in evaluate_terminal\n    base = self.evaluate(state)\n  File \"C:\\Users\\litte\\Downloads\\dist\\3600-agents\\JohnXina5\\agent.py\", line 1475, in evaluate\n    score += self.W_CORNER_EGG_PURSUIT * max(0, 8 - min_corner_dist) / 8.0\n             ^^^^^^^^^^^^^^^^^^^^^^^^^\nAttributeError: 'PlayerAgent' object has no attribute 'W_CORNER_EGG_PURSUIT'\n", "start_time": 360, "start_moves": 40, "turn_count": 23, "result": 0, "reason": "CODE_CRASH", "trapdoors": [[3, 5], [2, 3]], "spawn_a": [7, 3], "spawn_b": [0, 3]}