{"pos": [[1, 2], [6, 2], [1, 1], [5, 2], [1, 0], [5, 3], [0, 0], [5, 2], [1, 0], [4, 2], [2, 0], [4, 1], [2, 1], [5, 1], [2, 2], [6, 1], [2, 3], [6, 2], [2, 4], [6, 3], [3, 4], [5, 3], [3, 5], [4, 3], [4, 5]], "a_eggs_laid": [1, 1, 1, 1, 2, 2, 2, 2, 5, 5, 5, 5, 6, 6, 6, 6, 7, 7, 7, 7, 8, 8, 8, 8, 9], "b_eggs_laid": [0, 1, 1, 1, 1, 2, 2, 2, 2, 2, 2, 2, 2, 3, 3, 3, 3, 4, 4, 4, 4, 5, 5, 5, 5], "a_turds_left": [5, 5, 4, 4, 4, 4, 4, 4, 4, 4, 4, 4, 4, 4, 3, 3, 3, 3, 3, 3, 3, 3, 2, 2, 2], "b_turds_left": [5, 5, 5, 5, 5, 5, 5, 5, 5, 5, 5, 5, 5, 5, 5, 5, 5, 5, 5, 5, 5, 5, 5, 5, 5], "a_time_left": [359.9991230999949, 359.9991230999949, 349.9989096999925, 349.9989096999925, 339.9987456999952, 339.9987456999952, 329.9760455999931, 329.9760455999931, 319.97539409998717, 319.97539409998717, 309.9628296999872, 309.9628296999872, 299.96173559998715, 299.96173559998715, 290.45432599999185, 290.45432599999185, 280.44855239999015, 280.44855239999015, 270.4484079999893, 270.4484079999893, 260.7607097999935, 260.7607097999935, 250.760017399989, 250.760017399989, 240.759576199991], "b_time_left": [360, 356.79420489999757, 356.79420489999757, 353.5916773999925, 353.5916773999925, 350.38722149999376, 350.38722149999376, 350.3842353999935, 350.3842353999935, 347.1821506999913, 347.1821506999913, 347.17902759998833, 347.17902759998833, 344.44593549999263, 344.44593549999263, 341.24080649999087, 341.24080649999087, 338.03627679999045, 338.03627679999045, 334.83301719999145, 334.83301719999145, 329.228706899994, 329.228706899994, 323.62380549999216, 323.62380549999216], "a_moves_left": [39, 39, 38, 38, 37, 37, 36, 36, 35, 35, 34, 34, 33, 33, 32, 32, 31, 31, 30, 30, 29, 29, 28, 28, 27], "b_moves_left": [40, 39, 39, 38, 38, 37, 37, 36, 36, 35, 35, 34, 34, 33, 33, 32, 32, 31, 31, 30, 30, 29, 29, 28, 28], "trapdoor_triggered": [0, 0, 0, 0, 0, 0, 0, 0, 0, 0, 0, 0, 0, 0, 0, 0, 0, 0, 0, 0, 0, 0, 0, 0, 0], "left_behind": ["egg", "egg", "turd", "plain", "egg", "egg", "plain", "plain", "egg", "plain", "plain", "plain", "egg", "egg", "turd", "plain", "egg", "egg", "plain", "plain", "egg", "egg", "turd", "plain", "egg"], "errlog_a": "", "errlog_b": "Traceback (most recent call last):\n  File \"C:\\Users\\litte\\Downloads\\dist\\engine\\player_process.py\", line 283, in run_player_process\n    player_move = player.play(\n        temp_board, trapdoor_samples, time_left_func\n    )\n  File \"C:\\Users\\litte\\Downloads\\dist\\3600-agents\\JohnXina5\\agent.py\", line 985, in play\n    val, refined_move = self.minimax(state, search_depth, float('-inf'), float('inf'), True)\n                        ~~~~~~~~~~~~^^^^^^^^^^^^^^^^^^^^^^^^^^^^^^^^^^^^^^^^^^^^^^^^^^^^^^^^\n  File \"C:\\Users\\litte\\Downloads\\dist\\3600-agents\\JohnXina5\\agent.py\", line 1301, in minimax\n    eval_val, _ = self.minimax(new_state, depth - 1, alpha, beta, False)\n                  ~~~~~~~~~~~~^^^^^^^^^^^^^^^^^^^^^^^^^^^^^^^^^^^^^^^^^^\n  File \"C:\\Users\\litte\\Downloads\\dist\\3600-agents\\JohnXina5\\agent.py\", line 1314, in minimax\n    eval_val, _ = self.minimax(new_state, depth - 1, alpha, beta, True)\n                  ~~~~~~~~~~~~^^^^^^^^^^^^^^^^^^^^^^^^^^^^^^^^^^^^^^^^^\n  File \"C:\\Users\\litte\\Downloads\\dist\\3600-agents\\JohnXina5\\agent.py\", line 1301, in minimax\n    eval_val, _ = self.minimax(new_state, depth - 1, alpha, beta, False)\n                  ~~~~~~~~~~~~^^^^^^^^^^^^^^^^^^^^^^^^^^^^^^^^^^^^^^^^^^\n  File \"C:\\Users\\litte\\Downloads\\dist\\3600-agents\\JohnXina5\\agent.py\", line 1314, in minimax\n    eval_val, _ = self.minimax(new_state, depth - 1, alpha, beta, True)\n                  ~~~~~~~~~~~~^^^^^^^^^^^^^^^^^^^^^^^^^^^^^^^^^^^^^^^^^\n  File \"C:\\Users\\litte\\Downloads\\dist\\3600-agents\\JohnXina5\\agent.py\", line 1301, in minimax\n    eval_val, _ = self.minimax(new_state, depth - 1, alpha, beta, False)\n                  ~~~~~~~~~~~~^^^^^^^^^^^^^^^^^^^^^^^^^^^^^^^^^^^^^^^^^^\n  File \"C:\\Users\\litte\\Downloads\\dist\\3600-agents\\JohnXina5\\agent.py\", line 1314, in minimax\n    eval_val, _ = self.minimax(new_state, depth - 1, alpha, beta, True)\n                  ~~~~~~~~~~~~^^^^^^^^^^^^^^^^^^^^^^^^^^^^^^^^^^^^^^^^^\n  File \"C:\\Users\\litte\\Downloads\\dist\\3600-agents\\JohnXina5\\agent.py\", line 1301, in minimax\n    eval_val, _ = self.minimax(new_state, depth - 1, alpha, beta, False)\n                  ~~~~~~~~~~~~^^^^^^^^^^^^^^^^^^^^^^^^^^^^^^^^^^^^^^^^^^\n  File \"C:\\Users\\litte\\Downloads\\dist\\3600-agents\\JohnXina5\\agent.py\", line 1314, in minimax\n    eval_val, _ = self.minimax(new_state, depth - 1, alpha, beta, True)\n                  ~~~~~~~~~~~~^^^^^^^^^^^^^^^^^^^^^^^^^^^^^^^^^^^^^^^^^\n  File \"C:\\Users\\litte\\Downloads\\dist\\3600-agents\\JohnXina5\\agent.py\", line 1301, in minimax\n    eval_val, _ = self.minimax(new_state, depth - 1, alpha, beta, False)\n                  ~~~~~~~~~~~~^^^^^^^^^^^^^^^^^^^^^^^^^^^^^^^^^^^^^^^^^^\n  File \"C:\\Users\\litte\\Downloads\\dist\\3600-agents\\JohnXina5\\agent.py\", line 1314, in minimax\n    eval_val, _ = self.minimax(new_state, depth - 1, alpha, beta, True)\n                  ~~~~~~~~~~~~^^^^^^^^^^^^^^^^^^^^^^^^^^^^^^^^^^^^^^^^^\n  File \"C:\\Users\\litte\\Downloads\\dist\\3600-agents\\JohnXina5\\agent.py\", line 1301, in minimax\n    eval_val, _ = self.minimax(new_state, depth - 1, alpha, beta, False)\n                  ~~~~~~~~~~~~^^^^^^^^^^^^^^^^^^^^^^^^^^^^^^^^^^^^^^^^^^\n  File \"C:\\Users\\litte\\Downloads\\dist\\3600-agents\\JohnXina5\\agent.py\", line 1246, in minimax\n    raise TimeoutError()\nJohnXina5.agent.TimeoutError\n", "start_time": 360, "start_moves": 40, "turn_count": 25, "result": 0, "reason": "CODE_CRASH", "trapdoors": [[3, 3], [3, 2]], "spawn_a": [0, 2], "spawn_b": [7, 2]}