{"pos": [[1, 4], [7, 3], [1, 5], [6, 3], [1, 6], [6, 2], [2, 6], [5, 2], [3, 6], [5, 1], [4, 6], [4, 1], [4, 5], [4, 0], [3, 5], [5, 0], [3, 4], [6, 0], [4, 4], [6, 1], [5, 4], [6, 0], [6, 4], [7, 0], [6, 5], [7, 1], [6, 6], [7, 2], [6, 7], [7, 1], [7, 7]], "a_eggs_laid": [1, 1, 1, 1, 2, 2, 2, 2, 3, 3, 3, 3, 4, 4, 4, 4, 5, 5, 5, 5, 6, 6, 6, 6, 7, 7, 7, 7, 8, 8, 8], "b_eggs_laid": [0, 1, 1, 1, 1, 2, 2, 2, 2, 3, 3, 3, 3, 4, 4, 4, 4, 5, 5, 5, 5, 6, 6, 6, 6, 9, 9, 9, 9, 10, 10], "a_turds_left": [5, 5, 4, 4, 4, 4, 3, 3, 3, 3, 3, 3, 3, 3, 2, 2, 2, 2, 1, 1, 1, 1, 1, 1, 1, 1, 1, 1, 1, 1, 0], "b_turds_left": [5, 5, 5, 4, 4, 4, 4, 3, 3, 3, 3, 3, 3, 3, 3, 2, 2, 2, 2, 2, 2, 2, 2, 2, 2, 2, 2, 2, 2, 2, 2], "a_time_left": [359.99863780000305, 359.99863780000305, 349.99344060000294, 349.99344060000294, 340.1396565000032, 340.1396565000032, 330.0914469000054, 330.0914469000054, 320.0912007000079, 320.0912007000079, 310.0884353000147, 310.0884353000147, 300.08827990001737, 300.08827990001737, 290.08537720001914, 290.08537720001914, 280.0839695000177, 280.0839695000177, 270.08379980001337, 270.08379980001337, 260.0836718000137, 260.0836718000137, 250.08348670001578, 250.08348670001578, 240.0831742000155, 240.0831742000155, 230.08289870002045, 230.08289870002045, 220.08275290002348, 220.08275290002348, 219.85966580002423], "b_time_left": [360, 359.99346649999643, 359.99346649999643, 359.98667739999655, 359.98667739999655, 359.9802217999968, 359.9802217999968, 359.9750316999998, 359.9750316999998, 359.9719899999982, 359.9719899999982, 359.969946899997, 359.969946899997, 359.96685199999774, 359.96685199999774, 359.96347190000233, 359.96347190000233, 359.96048580000206, 359.96048580000206, 359.9586835000009, 359.9586835000009, 359.954919900003, 359.954919900003, 355.70217550000234, 355.70217550000234, 355.699475100002, 355.699475100002, 351.445017200007, 351.445017200007, 351.44260580000264, 351.44260580000264], "a_moves_left": [39, 39, 38, 38, 37, 37, 36, 36, 35, 35, 34, 34, 33, 33, 32, 32, 31, 31, 30, 30, 29, 29, 28, 28, 27, 27, 26, 26, 25, 25, 24], "b_moves_left": [40, 39, 39, 38, 38, 37, 37, 36, 36, 35, 35, 34, 34, 33, 33, 32, 32, 31, 31, 30, 30, 29, 29, 28, 28, 27, 27, 26, 26, 25, 25], "trapdoor_triggered": [0, 0, 0, 0, 0, 0, 0, 0, 0, 0, 0, 0, 0, 0, 0, 0, 0, 0, 0, 0, 0, 0, 0, 0, 0, 0, 0, 0, 0, 0, 0], "left_behind": ["egg", "egg", "turd", "turd", "egg", "egg", "turd", "turd", "egg", "egg", "plain", "plain", "egg", "egg", "turd", "turd", "egg", "egg", "turd", "plain", "egg", "egg", "plain", "plain", "egg", "egg", "plain", "plain", "egg", "egg", "turd"], "errlog_a": "", "errlog_b": "Traceback (most recent call last):\n  File \"C:\\Users\\litte\\Downloads\\dist\\engine\\player_process.py\", line 283, in run_player_process\n    player_move = player.play(\n        temp_board, trapdoor_samples, time_left_func\n    )\n  File \"C:\\Users\\litte\\Downloads\\dist\\3600-agents\\JohnXina5\\agent.py\", line 916, in play\n    move = self.mcts_search(state, time_left)\n  File \"C:\\Users\\litte\\Downloads\\dist\\3600-agents\\JohnXina5\\agent.py\", line 1878, in mcts_search\n    engine_moves = list(self._order_moves(self._get_valid_moves_sim(root_state, True), root_state))\n                        ~~~~~~~~~~~~~~~~~^^^^^^^^^^^^^^^^^^^^^^^^^^^^^^^^^^^^^^^^^^^^^^^^^^^^^^^^^\n  File \"C:\\Users\\litte\\Downloads\\dist\\3600-agents\\JohnXina5\\agent.py\", line 1146, in _order_moves\n    return sorted(moves, key=move_priority, reverse=True)\n  File \"C:\\Users\\litte\\Downloads\\dist\\3600-agents\\JohnXina5\\agent.py\", line 1108, in move_priority\n    risk = self.tracker.get_risk(new_loc)\n  File \"C:\\Users\\litte\\Downloads\\dist\\3600-agents\\JohnXina5\\agent.py\", line 177, in get_risk\n    black_risk = self.black_belief[r, c]\n                 ~~~~~~~~~~~~~~~~~^^^^^^\nIndexError: index 8 is out of bounds for axis 0 with size 8\n", "start_time": 360, "start_moves": 40, "turn_count": 31, "result": 0, "reason": "CODE_CRASH", "trapdoors": [[5, 3], [2, 5]], "spawn_a": [0, 4], "spawn_b": [7, 4]}