{"pos": [[6, 1], [0, 0], [6, 2], [1, 0], [6, 3], [1, 1], [6, 4], [1, 2], [6, 5], [1, 1], [6, 6], [2, 1], [6, 7], [2, 0], [7, 7], [3, 0], [6, 7], [3, 1], [5, 7], [4, 1], [4, 7], [4, 0], [4, 6], [5, 0], [3, 6], [4, 0], [2, 6], [4, 1], [1, 6], [4, 2], [1, 5], [5, 2], [1, 4], [4, 2], [1, 3], [3, 2], [1, 4], [3, 1], [0, 4], [3, 0], [0, 5], [4, 0], [0, 6], [4, 1], [0, 7], [3, 1], [1, 7], [3, 0], [2, 7], [2, 0], [3, 7], [2, 1], [4, 7], [3, 1], [5, 7], [3, 0], [5, 6], [3, 1], [5, 5], [4, 1], [4, 5], [4, 2], [7, 1], [5, 2], [7, 0], [4, 2], [6, 0], [5, 2], [7, 0], [4, 2], [7, 1], [5, 2], [7, 2], [4, 2], [7, 3], [5, 2], [7, 4], [4, 2], [7, 5], [5, 2]], "a_eggs_laid": [1, 1, 1, 1, 2, 2, 2, 2, 3, 3, 3, 3, 4, 4, 4, 4, 7, 7, 7, 7, 8, 8, 8, 8, 9, 9, 9, 9, 10, 10, 10, 10, 11, 11, 11, 11, 12, 12, 12, 12, 13, 13, 13, 13, 14, 14, 14, 14, 15, 15, 15, 15, 16, 16, 16, 16, 16, 16, 16, 16, 17, 17, 17, 17, 17, 17, 17, 17, 18, 18, 18, 18, 18, 18, 18, 18, 19, 19, 19, 19], "b_eggs_laid": [0, 1, 1, 1, 1, 2, 2, 2, 2, 3, 3, 3, 3, 4, 4, 4, 4, 5, 5, 5, 5, 6, 6, 6, 6, 7, 7, 7, 7, 7, 7, 7, 7, 8, 8, 8, 8, 9, 9, 9, 9, 9, 9, 9, 9, 9, 9, 9, 9, 9, 9, 9, 9, 9, 9, 9, 9, 9, 9, 9, 9, 9, 9, 13, 13, 13, 13, 13, 13, 13, 13, 13, 13, 13, 13, 13, 13, 13, 13, 13], "a_turds_left": [5, 5, 4, 4, 4, 4, 3, 3, 3, 3, 2, 2, 2, 2, 2, 2, 2, 2, 2, 2, 2, 2, 2, 2, 2, 2, 1, 1, 1, 1, 1, 1, 1, 1, 1, 1, 1, 1, 0, 0, 0, 0, 0, 0, 0, 0, 0, 0, 0, 0, 0, 0, 0, 0, 0, 0, 0, 0, 0, 0, 0, 0, 0, 0, 0, 0, 0, 0, 0, 0, 0, 0, 0, 0, 0, 0, 0, 0, 0, 0], "b_turds_left": [5, 5, 5, 5, 5, 5, 5, 5, 5, 5, 5, 5, 5, 5, 5, 5, 5, 5, 5, 5, 5, 5, 5, 5, 5, 5, 5, 5, 5, 5, 5, 5, 5, 5, 5, 4, 4, 4, 4, 4, 4, 4, 4, 4, 4, 4, 4, 4, 4, 4, 4, 4, 4, 4, 4, 3, 3, 3, 3, 3, 3, 3, 3, 3, 3, 3, 3, 3, 3, 3, 3, 3, 3, 3, 3, 3, 3, 3, 3, 3], "a_time_left": [359.9988074000066, 359.9988074000066, 349.9922000000006, 349.9922000000006, 339.98963209999783, 339.98963209999783, 329.98762709999573, 329.98762709999573, 319.986390399994, 319.986390399994, 309.97930139999517, 309.97930139999517, 299.9557213999942, 299.9557213999942, 289.95420519999607, 289.95420519999607, 279.90475349999906, 279.90475349999906, 270.4112619000007, 270.4112619000007, 260.56791939999675, 260.56791939999675, 250.56698669999605, 250.56698669999605, 240.56641799999488, 240.56641799999488, 239.99121159999777, 239.99121159999777, 230.25039119999565, 230.25039119999565, 221.00254109999514, 221.00254109999514, 211.00155619999714, 211.00155619999714, 201.39455440000165, 201.39455440000165, 191.3940380999993, 191.3940380999993, 191.00821919999726, 191.00821919999726, 189.75441309999587, 189.75441309999587, 189.7293342999983, 189.7293342999983, 189.0000635999968, 189.0000635999968, 188.95958389999578, 188.95958389999578, 187.6853678999978, 187.6853678999978, 187.63137399999687, 187.63137399999687, 186.66355349999503, 186.66355349999503, 186.6552356999964, 186.6552356999964, 185.60805589999654, 185.60805589999654, 185.44230349999998, 185.44230349999998, 184.3981797000015, 184.3981797000015, 175.14896780000709, 175.14896780000709, 174.80564060000324, 174.80564060000324, 165.6039743000074, 165.6039743000074, 165.38226250000298, 165.38226250000298, 165.38178480000352, 165.38178480000352, 165.18401870000525, 165.18401870000525, 150.18312050000532, 150.18312050000532, 149.58013510000455, 149.58013510000455, 134.57976070000586, 134.57976070000586], "b_time_left": [360, 359.99819659999775, 359.99819659999775, 357.8718790999992, 357.8718790999992, 357.87013569999544, 357.87013569999544, 355.7427108999909, 355.7427108999909, 355.74176989998523, 355.74176989998523, 353.61455389998446, 353.61455389998446, 353.6134165999829, 353.6134165999829, 351.4856863999812, 351.4856863999812, 351.4829552999872, 351.4829552999872, 349.35597959998995, 349.35597959998995, 349.3546568999882, 349.3546568999882, 345.1022444999908, 345.1022444999908, 345.1013014999917, 345.1013014999917, 345.09948249999434, 345.09948249999434, 340.84750289999647, 340.84750289999647, 336.5948803999927, 336.5948803999927, 336.593698699995, 336.593698699995, 332.3422109999956, 332.3422109999956, 332.3405066999985, 332.3405066999985, 332.33881069999916, 332.33881069999916, 328.08712289999676, 328.08712289999676, 328.0858358999976, 328.0858358999976, 323.834139999999, 323.834139999999, 323.8326020000022, 323.8326020000022, 319.58070010000665, 319.58070010000665, 319.579321600002, 319.579321600002, 319.5781899000067, 319.5781899000067, 319.57638260001113, 319.57638260001113, 319.57537760001287, 319.57537760001287, 319.573836500007, 319.573836500007, 319.57263760000933, 319.57263760000933, 319.57164110000303, 319.57164110000303, 319.57083240000065, 319.57083240000065, 319.56960809999873, 319.56960809999873, 319.56884069999796, 319.56884069999796, 319.5679319999981, 319.5679319999981, 319.5669057999985, 319.5669057999985, 319.56604559999687, 319.56604559999687, 319.56514709999465, 319.56514709999465, 319.5646115999916], "a_moves_left": [39, 39, 38, 38, 37, 37, 36, 36, 35, 35, 34, 34, 33, 33, 32, 32, 31, 31, 30, 30, 29, 29, 28, 28, 27, 27, 26, 26, 25, 25, 24, 24, 23, 23, 22, 22, 21, 21, 20, 20, 19, 19, 18, 18, 17, 17, 16, 16, 15, 15, 14, 14, 13, 13, 12, 12, 11, 11, 10, 10, 9, 9, 8, 8, 7, 7, 6, 6, 5, 5, 4, 4, 3, 3, 2, 2, 1, 1, 0, 0], "b_moves_left": [40, 39, 39, 38, 38, 37, 37, 36, 36, 35, 35, 34, 34, 33, 33, 32, 32, 31, 31, 30, 30, 29, 29, 28, 28, 27, 27, 26, 26, 25, 25, 24, 24, 23, 23, 22, 22, 21, 21, 20, 20, 19, 19, 18, 18, 17, 17, 16, 16, 15, 15, 14, 14, 13, 13, 12, 12, 11, 11, 10, 10, 9, 9, 8, 8, 7, 7, 6, 6, 5, 5, 4, 4, 3, 3, 2, 2, 1, 1, 0], "trapdoor_triggered": [0, 0, 0, 0, 0, 0, 0, 0, 0, 0, 0, 0, 0, 0, 0, 0, 0, 0, 0, 0, 0, 0, 0, 0, 0, 0, 0, 0, 0, 0, 0, 0, 0, 0, 0, 0, 0, 0, 0, 0, 0, 0, 0, 0, 0, 0, 0, 0, 0, 0, 0, 0, 0, 0, 0, 0, 0, 0, 0, 0, 0, 0, 1, 0, 0, 0, 0, 0, 0, 0, 0, 0, 0, 0, 0, 0, 0, 0, 0, 0], "left_behind": ["egg", "egg", "turd", "plain", "egg", "egg", "turd", "plain", "egg", "egg", "turd", "plain", "egg", "egg", "plain", "plain", "egg", "egg", "plain", "plain", "egg", "egg", "plain", "plain", "egg", "egg", "turd", "plain", "egg", "plain", "plain", "plain", "egg", "egg", "plain", "turd", "egg", "egg", "turd", "plain", "egg", "plain", "plain", "plain", "egg", "plain", "plain", "plain", "egg", "plain", "plain", "plain", "egg", "plain", "plain", "turd", "plain", "plain", "plain", "plain", "egg", "plain", "plain", "plain", "plain", "plain", "plain", "plain", "egg", "plain", "plain", "plain", "plain", "plain", "plain", "plain", "egg", "plain", "plain", "plain"], "errlog_a": "", "errlog_b": "", "start_time": 360, "start_moves": 40, "turn_count": 80, "result": 0, "reason": "EGGS_LAID", "trapdoors": [[3, 5], [4, 3]], "spawn_a": [7, 1], "spawn_b": [0, 1]}