{"pos": [[1, 4], [7, 3], [1, 5], [6, 3], [1, 6], [6, 2], [2, 6], [7, 2], [3, 6], [7, 1], [4, 6], [6, 1], [5, 6], [6, 0], [5, 7], [5, 0], [6, 7], [5, 1], [7, 7], [5, 2], [6, 7], [5, 1], [6, 6], [4, 1], [6, 5], [4, 0], [5, 5], [3, 0], [4, 5], [3, 1], [3, 5], [3, 2], [4, 5], [3, 1], [4, 4], [2, 1], [4, 3], [2, 0], [4, 2], [1, 0], [4, 3], [1, 1], [5, 3], [1, 2], [0, 4], [1, 1], [0, 3], [0, 1], [0, 2], [0, 0], [0, 3], [1, 0], [1, 3], [2, 0], [2, 3], [1, 0], [2, 2], [2, 0], [2, 3], [3, 0], [2, 4], [3, 1], [2, 5], [3, 0], [2, 4], [3, 1], [3, 4], [3, 2], [0, 4], [3, 1], [0, 5], [3, 0], [0, 6], [3, 1], [0, 7], [2, 1], [1, 7], [2, 0], [2, 7], [1, 0]], "a_eggs_laid": [1, 1, 1, 1, 2, 2, 2, 2, 3, 3, 3, 3, 4, 4, 4, 4, 5, 5, 5, 5, 8, 8, 8, 8, 9, 9, 9, 9, 10, 10, 10, 10, 11, 11, 11, 11, 12, 12, 12, 12, 13, 13, 13, 13, 14, 14, 14, 14, 14, 14, 15, 15, 15, 15, 16, 16, 16, 16, 17, 17, 17, 17, 17, 17, 17, 17, 17, 17, 17, 17, 17, 17, 17, 17, 18, 18, 18, 18, 19, 19], "b_eggs_laid": [0, 1, 1, 1, 1, 2, 2, 2, 2, 3, 3, 3, 3, 4, 4, 4, 4, 5, 5, 5, 5, 6, 6, 6, 6, 7, 7, 7, 7, 8, 8, 8, 8, 9, 9, 9, 9, 10, 10, 10, 10, 11, 11, 11, 11, 16, 16, 16, 16, 17, 17, 17, 17, 17, 17, 17, 17, 17, 17, 17, 17, 17, 17, 17, 17, 17, 17, 17, 17, 21, 21, 21, 21, 21, 21, 21, 21, 21, 21, 21], "a_turds_left": [5, 5, 4, 4, 4, 4, 3, 3, 3, 3, 2, 2, 2, 2, 2, 2, 2, 2, 2, 2, 2, 2, 2, 2, 2, 2, 2, 2, 2, 2, 2, 2, 2, 2, 1, 1, 1, 1, 1, 1, 1, 1, 0, 0, 0, 0, 0, 0, 0, 0, 0, 0, 0, 0, 0, 0, 0, 0, 0, 0, 0, 0, 0, 0, 0, 0, 0, 0, 0, 0, 0, 0, 0, 0, 0, 0, 0, 0, 0, 0], "b_turds_left": [5, 5, 5, 5, 5, 5, 5, 5, 5, 5, 5, 5, 5, 5, 5, 5, 5, 5, 5, 5, 5, 5, 5, 5, 5, 5, 5, 5, 5, 5, 5, 4, 4, 4, 4, 4, 4, 4, 4, 3, 3, 3, 3, 2, 2, 2, 2, 2, 2, 2, 2, 1, 1, 1, 1, 1, 1, 1, 1, 1, 1, 1, 1, 1, 1, 1, 1, 1, 1, 1, 1, 1, 1, 1, 1, 1, 1, 1, 1, 1], "a_time_left": [359.9992990999963, 359.9992990999963, 349.97106989999884, 349.97106989999884, 339.9530320999984, 339.9530320999984, 329.93299829999887, 329.93299829999887, 319.9267919999984, 319.9267919999984, 309.9260728999943, 309.9260728999943, 299.89969099999144, 299.89969099999144, 289.8993455999953, 289.8993455999953, 279.89312839999184, 279.89312839999184, 269.8687526999929, 269.8687526999929, 260.0501529999965, 260.0501529999965, 250.60725889999594, 250.60725889999594, 240.60150569999678, 240.60150569999678, 230.60108480000054, 230.60108480000054, 220.57549679999647, 220.57549679999647, 210.56821329999366, 210.56821329999366, 200.5672496999905, 200.5672496999905, 190.56696449998708, 190.56696449998708, 180.56640449998667, 180.56640449998667, 170.56438559998787, 170.56438559998787, 160.563582699986, 160.563582699986, 150.74038669998117, 150.74038669998117, 140.73978929997975, 140.73978929997975, 130.73913239997637, 130.73913239997637, 120.7373381999787, 120.7373381999787, 120.48261649997585, 120.48261649997585, 120.48212939997029, 120.48212939997029, 119.8725381999684, 119.8725381999684, 119.52453969996714, 119.52453969996714, 119.32701509996696, 119.32701509996696, 119.32659079996665, 119.32659079996665, 119.32605469996633, 119.32605469996633, 118.46523179996439, 118.46523179996439, 118.46482639996248, 118.46482639996248, 118.46444349995727, 118.46444349995727, 118.46376309995685, 118.46376309995685, 117.83495299995411, 117.83495299995411, 117.25591609995172, 117.25591609995172, 117.1204489999509, 117.1204489999509, 116.56983899995248, 116.56983899995248], "b_time_left": [360, 359.99707460000354, 359.99707460000354, 359.99477710000065, 359.99477710000065, 359.9922932000045, 359.9922932000045, 359.9904717000027, 359.9904717000027, 359.989144200008, 359.989144200008, 359.98613500001375, 359.98613500001375, 359.98348870001064, 359.98348870001064, 359.9801417000126, 359.9801417000126, 359.97735540001304, 359.97735540001304, 359.9751032000131, 359.9751032000131, 359.97242840001127, 359.97242840001127, 359.9700767000104, 359.9700767000104, 359.96721980001166, 359.96721980001166, 355.96447470001294, 355.96447470001294, 355.960845300011, 355.960845300011, 351.9553334000084, 351.9553334000084, 351.9497144000052, 351.9497144000052, 347.94657780000125, 347.94657780000125, 347.9410915999979, 347.9410915999979, 343.93688049999764, 343.93688049999764, 343.9339997999923, 343.9339997999923, 339.93038209999213, 339.93038209999213, 339.92501739999716, 339.92501739999716, 335.92239549999795, 335.92239549999795, 335.91965199999686, 335.91965199999686, 335.914257299999, 335.914257299999, 335.912802800005, 335.912802800005, 335.9076203000004, 335.9076203000004, 335.9052781999999, 335.9052781999999, 335.9035083999988, 335.9035083999988, 335.8993300000002, 335.8993300000002, 335.89643420000357, 335.89643420000357, 335.89586589999817, 335.89586589999817, 335.89238209999894, 335.89238209999894, 331.0892915000004, 331.0892915000004, 331.08488729999954, 331.08488729999954, 331.08438419999584, 331.08438419999584, 331.08095249999315, 331.08095249999315, 331.07822019999, 331.07822019999, 331.0746447999845], "a_moves_left": [39, 39, 38, 38, 37, 37, 36, 36, 35, 35, 34, 34, 33, 33, 32, 32, 31, 31, 30, 30, 29, 29, 28, 28, 27, 27, 26, 26, 25, 25, 24, 24, 23, 23, 22, 22, 21, 21, 20, 20, 19, 19, 18, 18, 17, 17, 16, 16, 15, 15, 14, 14, 13, 13, 12, 12, 11, 11, 10, 10, 9, 9, 8, 8, 7, 7, 6, 6, 5, 5, 4, 4, 3, 3, 2, 2, 1, 1, 0, 0], "b_moves_left": [40, 39, 39, 38, 38, 37, 37, 36, 36, 35, 35, 34, 34, 33, 33, 32, 32, 31, 31, 30, 30, 29, 29, 28, 28, 27, 27, 26, 26, 25, 25, 24, 24, 23, 23, 22, 22, 21, 21, 20, 20, 19, 19, 18, 18, 17, 17, 16, 16, 15, 15, 14, 14, 13, 13, 12, 12, 11, 11, 10, 10, 9, 9, 8, 8, 7, 7, 6, 6, 5, 5, 4, 4, 3, 3, 2, 2, 1, 1, 0], "trapdoor_triggered": [0, 0, 0, 0, 0, 0, 0, 0, 0, 0, 0, 0, 0, 0, 0, 0, 0, 0, 0, 0, 0, 0, 0, 0, 0, 0, 0, 0, 0, 0, 0, 0, 0, 0, 0, 0, 0, 0, 0, 0, 0, 0, 0, 0, 1, 0, 0, 0, 0, 0, 0, 0, 0, 0, 0, 0, 0, 0, 0, 0, 0, 0, 0, 0, 0, 0, 0, 0, 1, 0, 0, 0, 0, 0, 0, 0, 0, 0, 0, 0], "left_behind": ["egg", "egg", "turd", "plain", "egg", "egg", "turd", "plain", "egg", "egg", "turd", "plain", "egg", "egg", "plain", "plain", "egg", "egg", "plain", "plain", "egg", "egg", "plain", "plain", "egg", "egg", "plain", "plain", "egg", "egg", "plain", "turd", "egg", "egg", "turd", "plain", "egg", "egg", "plain", "turd", "egg", "egg", "turd", "turd", "egg", "egg", "plain", "plain", "plain", "egg", "egg", "turd", "plain", "plain", "egg", "plain", "plain", "plain", "egg", "plain", "plain", "plain", "plain", "plain", "plain", "plain", "plain", "plain", "plain", "plain", "plain", "plain", "plain", "plain", "egg", "plain", "plain", "plain", "egg", "plain"], "errlog_a": "", "errlog_b": "", "start_time": 360, "start_moves": 40, "turn_count": 80, "result": 1, "reason": "EGGS_LAID", "trapdoors": [[3, 3], [5, 4]], "spawn_a": [0, 4], "spawn_b": [7, 4]}