{"pos": [[1, 6], [7, 5], [1, 5], [6, 5], [1, 4], [6, 4], [1, 3], [5, 4], [1, 2], [5, 3], [1, 1], [5, 2], [1, 0], [5, 1], [0, 0], [5, 0], [1, 0], [5, 1], [2, 0], [4, 1], [2, 1], [4, 0], [2, 2], [3, 0], [3, 2], [4, 0], [4, 2], [5, 0], [4, 3], [5, 1], [3, 3], [6, 1], [4, 3], [6, 0], [5, 3], [6, 1], [4, 3], [7, 1], [4, 4], [7, 2], [4, 5], [7, 1], [5, 5], [7, 0], [5, 6], [7, 1], [5, 7], [7, 0], [6, 7], [6, 0], [7, 7], [6, 1], [6, 7], [7, 1], [6, 6], [7, 0], [5, 6], [7, 1], [4, 6], [7, 0], [4, 7], [7, 1], [3, 7], [7, 0], [2, 7], [7, 1], [2, 6], [7, 0], [2, 5], [7, 1], [2, 4], [7, 0], [2, 5], [7, 1], [0, 6], [7, 0], [0, 5], [7, 1], [0, 4], [7, 0]], "a_eggs_laid": [1, 1, 1, 1, 2, 2, 2, 2, 3, 3, 3, 3, 4, 4, 4, 4, 7, 7, 7, 7, 8, 8, 8, 8, 9, 9, 9, 9, 10, 10, 10, 10, 11, 11, 11, 11, 12, 12, 12, 12, 13, 13, 13, 13, 14, 14, 14, 14, 15, 15, 15, 15, 18, 18, 18, 18, 19, 19, 19, 19, 20, 20, 20, 20, 21, 21, 21, 21, 22, 22, 22, 22, 23, 23, 23, 23, 23, 23, 23, 23], "b_eggs_laid": [0, 1, 1, 1, 1, 2, 2, 2, 2, 3, 3, 3, 3, 4, 4, 4, 4, 5, 5, 5, 5, 6, 6, 6, 6, 7, 7, 7, 7, 7, 7, 7, 7, 8, 8, 8, 8, 8, 8, 8, 8, 9, 9, 9, 9, 12, 12, 12, 12, 12, 12, 12, 12, 12, 12, 12, 12, 12, 12, 12, 12, 12, 12, 12, 12, 12, 12, 12, 12, 12, 12, 12, 12, 12, 12, 16, 16, 16, 16, 16], "a_turds_left": [5, 5, 4, 4, 4, 4, 3, 3, 3, 3, 2, 2, 2, 2, 2, 2, 2, 2, 2, 2, 2, 2, 1, 1, 1, 1, 0, 0, 0, 0, 0, 0, 0, 0, 0, 0, 0, 0, 0, 0, 0, 0, 0, 0, 0, 0, 0, 0, 0, 0, 0, 0, 0, 0, 0, 0, 0, 0, 0, 0, 0, 0, 0, 0, 0, 0, 0, 0, 0, 0, 0, 0, 0, 0, 0, 0, 0, 0, 0, 0], "b_turds_left": [5, 5, 5, 5, 5, 5, 5, 5, 5, 5, 5, 5, 5, 5, 5, 4, 4, 4, 4, 4, 4, 4, 4, 4, 4, 4, 4, 3, 3, 3, 3, 3, 3, 3, 3, 3, 3, 3, 3, 2, 2, 2, 2, 2, 2, 2, 2, 2, 2, 2, 2, 1, 1, 1, 1, 1, 1, 1, 1, 1, 1, 1, 1, 1, 1, 1, 1, 1, 1, 1, 1, 1, 1, 1, 1, 1, 1, 1, 1, 1], "a_time_left": [359.9988042000041, 359.9988042000041, 349.9985459000018, 349.9985459000018, 339.9719011999987, 339.9719011999987, 330.5620385999937, 330.5620385999937, 320.55542889999197, 320.55542889999197, 310.5535474999924, 310.5535474999924, 300.5501088999954, 300.5501088999954, 290.54750599999534, 290.54750599999534, 280.54654379999556, 280.54654379999556, 270.5448488999973, 270.5448488999973, 260.54404369999975, 260.54404369999975, 250.53850819999934, 250.53850819999934, 240.53800390000106, 240.53800390000106, 239.7232554000002, 239.7232554000002, 229.72309729999688, 229.72309729999688, 219.7228966999901, 219.7228966999901, 209.72219559999212, 209.72219559999212, 199.7203453999973, 199.7203453999973, 189.927406399991, 189.927406399991, 179.9271022999892, 179.9271022999892, 169.92696869999054, 169.92696869999054, 165.3286731999906, 165.3286731999906, 165.14162259999284, 165.14162259999284, 164.94609799999307, 164.94609799999307, 164.41308399999252, 164.41308399999252, 164.37935959999595, 164.37935959999595, 154.37864529999933, 154.37864529999933, 154.3783110000004, 154.3783110000004, 154.07035030000407, 154.07035030000407, 154.00391350000427, 154.00391350000427, 153.52034439999989, 153.52034439999989, 153.45401870000205, 153.45401870000205, 153.14158340000722, 153.14158340000722, 153.036173600005, 153.036173600005, 152.74068470000202, 152.74068470000202, 152.67507040000055, 152.67507040000055, 152.42818489999627, 152.42818489999627, 152.42780639999546, 152.42780639999546, 152.30385729999398, 152.30385729999398, 152.2432508999991, 152.2432508999991], "b_time_left": [360, 359.99599180000223, 359.99599180000223, 359.99231809999765, 359.99231809999765, 359.9833862000014, 359.9833862000014, 359.9769000000015, 359.9769000000015, 359.97075430000405, 359.97075430000405, 359.963075700005, 359.963075700005, 359.9533759000042, 359.9533759000042, 359.94792900000175, 359.94792900000175, 359.93921290000435, 359.93921290000435, 357.9326842000082, 357.9326842000082, 357.9254654000106, 357.9254654000106, 353.91850830001204, 353.91850830001204, 353.9128768000155, 353.9128768000155, 353.9033986000213, 353.9033986000213, 353.9012798000258, 353.9012798000258, 349.89909310002986, 349.89909310002986, 349.8963281000324, 349.8963281000324, 349.8924604000349, 349.8924604000349, 349.8900045000337, 349.8900045000337, 345.8855545000333, 345.8855545000333, 345.88399260002916, 345.88399260002916, 341.88117040002544, 341.88117040002544, 341.8784812000231, 341.8784812000231, 341.87628260002384, 341.87628260002384, 337.8733444000245, 337.8733444000245, 337.87042960002873, 337.87042960002873, 337.8688143000254, 337.8688143000254, 337.8669461000245, 337.8669461000245, 337.8626666000273, 337.8626666000273, 337.86055020002823, 337.86055020002823, 337.8573198000304, 337.8573198000304, 337.8546109000308, 337.8546109000308, 337.8515966000341, 337.8515966000341, 337.84904980003193, 337.84904980003193, 337.84576680003374, 337.84576680003374, 337.84356860003027, 337.84356860003027, 337.83827260002727, 337.83827260002727, 337.8352343000297, 337.8352343000297, 337.8323024000347, 337.8323024000347, 337.8302018000395], "a_moves_left": [39, 39, 38, 38, 37, 37, 36, 36, 35, 35, 34, 34, 33, 33, 32, 32, 31, 31, 30, 30, 29, 29, 28, 28, 27, 27, 26, 26, 25, 25, 24, 24, 23, 23, 22, 22, 21, 21, 20, 20, 19, 19, 18, 18, 17, 17, 16, 16, 15, 15, 14, 14, 13, 13, 12, 12, 11, 11, 10, 10, 9, 9, 8, 8, 7, 7, 6, 6, 5, 5, 4, 4, 3, 3, 2, 2, 1, 1, 0, 0], "b_moves_left": [40, 39, 39, 38, 38, 37, 37, 36, 36, 35, 35, 34, 34, 33, 33, 32, 32, 31, 31, 30, 30, 29, 29, 28, 28, 27, 27, 26, 26, 25, 25, 24, 24, 23, 23, 22, 22, 21, 21, 20, 20, 19, 19, 18, 18, 17, 17, 16, 16, 15, 15, 14, 14, 13, 13, 12, 12, 11, 11, 10, 10, 9, 9, 8, 8, 7, 7, 6, 6, 5, 5, 4, 4, 3, 3, 2, 2, 1, 1, 0], "trapdoor_triggered": [0, 0, 0, 0, 0, 0, 0, 0, 0, 0, 0, 0, 0, 0, 0, 0, 0, 0, 0, 0, 0, 0, 0, 0, 0, 0, 0, 0, 0, 0, 0, 0, 0, 0, 0, 0, 0, 0, 0, 0, 0, 0, 0, 0, 0, 0, 0, 0, 0, 0, 0, 0, 0, 0, 0, 0, 0, 0, 0, 0, 0, 0, 0, 0, 0, 0, 0, 0, 0, 0, 0, 0, 0, 0, 1, 0, 0, 0, 0, 0], "left_behind": ["egg", "egg", "turd", "plain", "egg", "egg", "turd", "plain", "egg", "egg", "turd", "plain", "egg", "egg", "plain", "turd", "egg", "egg", "plain", "plain", "egg", "egg", "turd", "plain", "egg", "egg", "turd", "turd", "egg", "plain", "plain", "plain", "egg", "egg", "plain", "plain", "egg", "plain", "plain", "turd", "egg", "egg", "plain", "plain", "egg", "egg", "plain", "plain", "egg", "plain", "plain", "turd", "egg", "plain", "plain", "plain", "egg", "plain", "plain", "plain", "egg", "plain", "plain", "plain", "egg", "plain", "plain", "plain", "egg", "plain", "plain", "plain", "egg", "plain", "plain", "plain", "plain", "plain", "plain", "plain"], "errlog_a": "", "errlog_b": "", "start_time": 360, "start_moves": 40, "turn_count": 80, "result": 0, "reason": "EGGS_LAID", "trapdoors": [[3, 5], [3, 4]], "spawn_a": [0, 6], "spawn_b": [7, 6]}