{"pos": [[6, 1], [0, 0], [6, 2], [1, 0], [6, 3], [2, 0], [6, 4], [2, 1], [5, 4], [2, 0], [5, 3], [3, 0], [4, 3], [4, 0], [7, 1], [5, 0], [7, 2], [4, 0], [7, 3], [4, 1], [7, 4], [4, 0], [7, 5], [4, 1], [7, 6], [3, 1], [7, 7], [3, 2], [6, 7], [3, 1], [5, 7], [3, 2], [5, 6], [2, 2], [5, 5], [2, 3], [5, 6], [2, 2], [4, 6], [1, 2], [3, 6], [1, 1], [2, 6], [1, 2], [1, 6], [0, 2], [0, 6], [0, 3], [0, 7], [0, 2], [1, 7], [0, 1], [1, 6], [0, 0], [1, 5], [1, 0], [1, 4], [2, 0], [0, 4], [1, 0], [1, 4], [2, 0], [1, 3], [1, 0], [1, 4], [2, 0], [2, 4], [1, 0], [2, 5], [2, 0], [3, 5], [1, 0], [4, 5], [2, 0], [3, 5], [1, 0], [3, 4], [2, 0], [7, 1], [1, 0]], "a_eggs_laid": [1, 1, 1, 1, 2, 2, 2, 2, 3, 3, 3, 3, 4, 4, 4, 4, 4, 4, 4, 4, 5, 5, 5, 5, 6, 6, 6, 6, 9, 9, 9, 9, 10, 10, 10, 10, 11, 11, 11, 11, 12, 12, 12, 12, 13, 13, 13, 13, 14, 14, 14, 14, 15, 15, 15, 15, 16, 16, 16, 16, 17, 17, 17, 17, 18, 18, 18, 18, 18, 18, 18, 18, 18, 18, 18, 18, 18, 18, 18, 18], "b_eggs_laid": [0, 1, 1, 1, 1, 2, 2, 2, 2, 3, 3, 3, 3, 4, 4, 8, 8, 9, 9, 9, 9, 10, 10, 10, 10, 10, 10, 10, 10, 11, 11, 11, 11, 11, 11, 11, 11, 12, 12, 12, 12, 13, 13, 13, 13, 13, 13, 13, 13, 14, 14, 14, 14, 14, 14, 14, 14, 14, 14, 14, 14, 14, 14, 14, 14, 14, 14, 14, 14, 14, 14, 14, 14, 14, 14, 14, 14, 14, 14, 18], "a_turds_left": [5, 5, 4, 4, 4, 4, 3, 3, 3, 3, 3, 3, 3, 3, 2, 2, 2, 2, 2, 2, 2, 2, 1, 1, 1, 1, 1, 1, 1, 1, 0, 0, 0, 0, 0, 0, 0, 0, 0, 0, 0, 0, 0, 0, 0, 0, 0, 0, 0, 0, 0, 0, 0, 0, 0, 0, 0, 0, 0, 0, 0, 0, 0, 0, 0, 0, 0, 0, 0, 0, 0, 0, 0, 0, 0, 0, 0, 0, 0, 0], "b_turds_left": [5, 5, 5, 5, 5, 5, 5, 5, 5, 5, 5, 5, 5, 5, 5, 5, 5, 5, 5, 5, 5, 5, 5, 5, 5, 5, 5, 5, 5, 5, 5, 4, 4, 4, 4, 3, 3, 3, 3, 3, 3, 3, 3, 2, 2, 2, 2, 1, 1, 1, 1, 1, 1, 1, 1, 0, 0, 0, 0, 0, 0, 0, 0, 0, 0, 0, 0, 0, 0, 0, 0, 0, 0, 0, 0, 0, 0, 0, 0, 0], "a_time_left": [359.997984499998, 359.997984499998, 349.9368973000019, 349.9368973000019, 339.86578340000415, 339.86578340000415, 329.8599205000064, 329.8599205000064, 319.84841090000555, 319.84841090000555, 309.826570600002, 309.826570600002, 299.78563369999756, 299.78563369999756, 289.78518859999167, 289.78518859999167, 279.78458259999024, 279.78458259999024, 269.78387939999084, 269.78387939999084, 259.84591979999095, 259.84591979999095, 259.53813239999, 259.53813239999, 249.53530949998822, 249.53530949998822, 239.53494649998902, 239.53494649998902, 229.53223929999513, 229.53223929999513, 228.92352279999614, 228.92352279999614, 218.92277449999528, 218.92277449999528, 208.92096639999363, 208.92096639999363, 198.92041539999627, 198.92041539999627, 188.91867459999776, 188.91867459999776, 178.91798689999996, 178.91798689999996, 178.31183769999916, 178.31183769999916, 168.4555373999974, 168.4555373999974, 158.45372700000007, 158.45372700000007, 148.45249999999942, 148.45249999999942, 148.2885693999997, 148.2885693999997, 146.94239460000244, 146.94239460000244, 146.88538289999997, 146.88538289999997, 144.4638264000023, 144.4638264000023, 144.4523302000016, 144.4523302000016, 143.70989980000013, 143.70989980000013, 143.70923230000335, 143.70923230000335, 143.37618150000344, 143.37618150000344, 143.3754784000048, 143.3754784000048, 143.37456670000392, 143.37456670000392, 143.37406930000725, 143.37406930000725, 143.37336700000742, 143.37336700000742, 142.96118600000773, 142.96118600000773, 142.96052000000782, 142.96052000000782, 142.67183290000685, 142.67183290000685], "b_time_left": [360, 359.9998650999987, 359.9998650999987, 356.79306849999557, 356.79306849999557, 356.7924398999967, 356.7924398999967, 353.58945099999255, 353.58945099999255, 353.58883739999874, 353.58883739999874, 350.3851049999939, 350.3851049999939, 350.38453739999386, 350.38453739999386, 347.1805075999946, 347.1805075999946, 347.17976009999984, 347.17976009999984, 343.9752773999935, 343.9752773999935, 343.9746610999937, 343.9746610999937, 343.9700934999928, 343.9700934999928, 338.3659265999886, 338.3659265999886, 332.7621464999902, 332.7621464999902, 332.7616092999888, 332.7616092999888, 331.92450189998635, 331.92450189998635, 328.4398841999864, 328.4398841999864, 327.677017399983, 327.677017399983, 327.67560499998217, 327.67560499998217, 327.48383339997963, 327.48383339997963, 327.4827660999799, 327.4827660999799, 326.61161489997903, 326.61161489997903, 325.70422759998473, 325.70422759998473, 325.4707162999839, 325.4707162999839, 325.47002289998636, 325.47002289998636, 325.4656663999849, 325.4656663999849, 325.4463995999904, 325.4463995999904, 325.43445229998906, 325.43445229998906, 325.4298290999941, 325.4298290999941, 325.425860299998, 325.425860299998, 325.42079009999725, 325.42079009999725, 325.416533399999, 325.416533399999, 325.4122780999969, 325.4122780999969, 325.40650359999563, 325.40650359999563, 325.4018431000004, 325.4018431000004, 325.3981244000024, 325.3981244000024, 325.3936398000078, 325.3936398000078, 325.3900094000128, 325.3900094000128, 325.3845962000123, 325.3845962000123, 325.380447200012], "a_moves_left": [39, 39, 38, 38, 37, 37, 36, 36, 35, 35, 34, 34, 33, 33, 32, 32, 31, 31, 30, 30, 29, 29, 28, 28, 27, 27, 26, 26, 25, 25, 24, 24, 23, 23, 22, 22, 21, 21, 20, 20, 19, 19, 18, 18, 17, 17, 16, 16, 15, 15, 14, 14, 13, 13, 12, 12, 11, 11, 10, 10, 9, 9, 8, 8, 7, 7, 6, 6, 5, 5, 4, 4, 3, 3, 2, 2, 1, 1, 0, 0], "b_moves_left": [40, 39, 39, 38, 38, 37, 37, 36, 36, 35, 35, 34, 34, 33, 33, 32, 32, 31, 31, 30, 30, 29, 29, 28, 28, 27, 27, 26, 26, 25, 25, 24, 24, 23, 23, 22, 22, 21, 21, 20, 20, 19, 19, 18, 18, 17, 17, 16, 16, 15, 15, 14, 14, 13, 13, 12, 12, 11, 11, 10, 10, 9, 9, 8, 8, 7, 7, 6, 6, 5, 5, 4, 4, 3, 3, 2, 2, 1, 1, 0], "trapdoor_triggered": [0, 0, 0, 0, 0, 0, 0, 0, 0, 0, 0, 0, 0, 0, 1, 0, 0, 0, 0, 0, 0, 0, 0, 0, 0, 0, 0, 0, 0, 0, 0, 0, 0, 0, 0, 0, 0, 0, 0, 0, 0, 0, 0, 0, 0, 0, 0, 0, 0, 0, 0, 0, 0, 0, 0, 0, 0, 0, 0, 0, 0, 0, 0, 0, 0, 0, 0, 0, 0, 0, 0, 0, 0, 0, 0, 0, 0, 0, 1, 0], "left_behind": ["egg", "egg", "turd", "plain", "egg", "egg", "turd", "plain", "egg", "egg", "plain", "plain", "egg", "egg", "turd", "plain", "plain", "egg", "plain", "plain", "egg", "egg", "turd", "plain", "egg", "plain", "plain", "plain", "egg", "egg", "turd", "turd", "egg", "plain", "plain", "turd", "egg", "egg", "plain", "plain", "egg", "egg", "plain", "turd", "egg", "plain", "plain", "turd", "egg", "egg", "plain", "plain", "egg", "plain", "plain", "turd", "egg", "plain", "plain", "plain", "egg", "plain", "plain", "plain", "egg", "plain", "plain", "plain", "plain", "plain", "plain", "plain", "plain", "plain", "plain", "plain", "plain", "plain", "plain", "plain"], "errlog_a": "", "errlog_b": "", "start_time": 360, "start_moves": 40, "turn_count": 80, "result": 2, "reason": "EGGS_LAID", "trapdoors": [[3, 3], [5, 2]], "spawn_a": [7, 1], "spawn_b": [0, 1]}