{"pos": [[1, 6], [7, 5], [1, 5], [6, 5], [1, 4], [6, 4], [1, 3], [5, 4], [2, 3], [5, 3], [2, 4], [4, 3], [3, 4], [4, 2], [3, 5], [4, 1], [4, 5], [4, 0], [4, 6], [5, 0], [5, 6], [6, 0], [6, 6], [6, 1], [6, 7], [6, 0], [7, 7], [7, 0], [6, 7], [7, 1], [5, 7], [7, 2], [4, 7], [7, 1], [3, 7], [7, 0], [2, 7], [6, 0], [2, 6], [6, 1], [2, 7], [6, 2], [1, 7], [5, 2], [0, 7], [5, 1], [0, 6], [5, 0], [0, 5], [5, 1], [0, 4], [5, 0], [0, 3], [5, 1], [0, 2], [5, 0], [0, 1], [5, 1], [1, 1], [5, 0], [1, 0], [5, 1], [2, 0], [5, 0], [2, 1], [5, 1], [3, 1], [5, 2], [2, 1], [5, 3], [2, 2], [6, 3], [2, 1], [6, 2], [1, 1], [6, 1], [1, 2], [5, 1], [0, 2], [5, 0]], "a_eggs_laid": [1, 1, 1, 1, 2, 2, 2, 2, 3, 3, 3, 3, 4, 4, 4, 4, 5, 5, 5, 5, 6, 6, 6, 6, 7, 7, 7, 7, 10, 10, 10, 10, 11, 11, 11, 11, 12, 12, 12, 12, 13, 13, 13, 13, 14, 14, 14, 14, 14, 14, 14, 14, 15, 15, 15, 15, 16, 16, 16, 16, 17, 17, 17, 17, 18, 18, 18, 18, 19, 19, 19, 19, 20, 20, 20, 20, 20, 20, 20, 20], "b_eggs_laid": [0, 1, 1, 1, 1, 2, 2, 2, 2, 3, 3, 3, 3, 4, 4, 4, 4, 5, 5, 5, 5, 6, 6, 6, 6, 7, 7, 7, 7, 10, 10, 10, 10, 11, 11, 11, 11, 11, 11, 11, 11, 11, 11, 11, 11, 12, 12, 12, 12, 12, 12, 12, 12, 12, 12, 12, 12, 12, 12, 12, 12, 12, 12, 12, 12, 12, 12, 12, 12, 12, 12, 12, 12, 13, 13, 13, 13, 13, 13, 13], "a_turds_left": [5, 5, 4, 4, 4, 4, 4, 4, 4, 4, 3, 3, 3, 3, 2, 2, 2, 2, 1, 1, 1, 1, 1, 1, 1, 1, 1, 1, 1, 1, 1, 1, 1, 1, 1, 1, 1, 1, 1, 1, 1, 1, 1, 1, 1, 1, 1, 1, 1, 1, 0, 0, 0, 0, 0, 0, 0, 0, 0, 0, 0, 0, 0, 0, 0, 0, 0, 0, 0, 0, 0, 0, 0, 0, 0, 0, 0, 0, 0, 0], "b_turds_left": [5, 5, 5, 5, 5, 5, 5, 5, 5, 5, 5, 5, 5, 5, 5, 4, 4, 4, 4, 3, 3, 3, 3, 3, 3, 3, 3, 3, 3, 3, 3, 2, 2, 2, 2, 2, 2, 2, 2, 1, 1, 1, 1, 0, 0, 0, 0, 0, 0, 0, 0, 0, 0, 0, 0, 0, 0, 0, 0, 0, 0, 0, 0, 0, 0, 0, 0, 0, 0, 0, 0, 0, 0, 0, 0, 0, 0, 0, 0, 0], "a_time_left": [359.9990414999993, 359.9990414999993, 350.74682100000064, 350.74682100000064, 340.74003359999915, 340.74003359999915, 330.73614400000224, 330.73614400000224, 320.7272588000051, 320.7272588000051, 310.7134645000042, 310.7134645000042, 300.66884110000683, 300.66884110000683, 291.1210984000063, 291.1210984000063, 281.1184914000114, 281.1184914000114, 271.11805920000916, 271.11805920000916, 261.1156423000066, 261.1156423000066, 251.11445020000974, 251.11445020000974, 241.11166900000535, 241.11166900000535, 231.2227708000064, 231.2227708000064, 221.22230660000787, 221.22230660000787, 211.2218792000058, 211.2218792000058, 201.22136030000547, 201.22136030000547, 200.93504350000148, 200.93504350000148, 197.72782250000455, 197.72782250000455, 197.71380900000804, 197.71380900000804, 187.71253050000814, 187.71253050000814, 177.71093790000305, 177.71093790000305, 167.71015569999872, 167.71015569999872, 167.5614166000014, 167.5614166000014, 167.03612969999813, 167.03612969999813, 166.955438399993, 166.955438399993, 165.9375996999879, 165.9375996999879, 165.88529539998854, 165.88529539998854, 164.5572564999893, 164.5572564999893, 164.47823639998387, 164.47823639998387, 162.72864329998265, 162.72864329998265, 162.64701139998215, 162.64701139998215, 162.01161379998666, 162.01161379998666, 161.93475559998478, 161.93475559998478, 152.58757619998505, 152.58757619998505, 152.58685339998192, 152.58685339998192, 137.58655059997545, 137.58655059997545, 137.5859246999753, 137.5859246999753, 137.5851409999741, 137.5851409999741, 137.5844121999762, 137.5844121999762], "b_time_left": [360, 359.99766600000294, 359.99766600000294, 359.99509260000195, 359.99509260000195, 359.9928828999982, 359.9928828999982, 359.98620810000284, 359.98620810000284, 359.9801846000046, 359.9801846000046, 359.9737496000089, 359.9737496000089, 359.9657784000083, 359.9657784000083, 359.96373630000744, 359.96373630000744, 359.9610188000079, 359.9610188000079, 359.95816380000906, 359.95816380000906, 359.94935670000996, 359.94935670000996, 359.9444857000126, 359.9444857000126, 359.9382528000133, 359.9382528000133, 355.9155942000143, 355.9155942000143, 355.9085518000138, 355.9085518000138, 351.8979436000154, 351.8979436000154, 351.89126680001937, 351.89126680001937, 351.88496710002073, 351.88496710002073, 347.8691432000196, 347.8691432000196, 347.86022300001787, 347.86022300001787, 343.85223460001725, 343.85223460001725, 339.8445886000118, 339.8445886000118, 339.840709000011, 339.840709000011, 339.8357139000145, 339.8357139000145, 335.8274852000177, 335.8274852000177, 335.82309480002004, 335.82309480002004, 332.6193046000262, 332.6193046000262, 332.6158002000302, 332.6158002000302, 329.4081832000302, 329.4081832000302, 329.403583600033, 329.403583600033, 326.1982361000337, 326.1982361000337, 326.1938520000331, 326.1938520000331, 322.98747750002804, 322.98747750002804, 322.9794894000297, 322.9794894000297, 319.77218050002557, 319.77218050002557, 316.5680648000198, 316.5680648000198, 316.5637080000233, 316.5637080000233, 316.5596988000252, 316.5596988000252, 313.353487900029, 313.353487900029, 313.34971050002787], "a_moves_left": [39, 39, 38, 38, 37, 37, 36, 36, 35, 35, 34, 34, 33, 33, 32, 32, 31, 31, 30, 30, 29, 29, 28, 28, 27, 27, 26, 26, 25, 25, 24, 24, 23, 23, 22, 22, 21, 21, 20, 20, 19, 19, 18, 18, 17, 17, 16, 16, 15, 15, 14, 14, 13, 13, 12, 12, 11, 11, 10, 10, 9, 9, 8, 8, 7, 7, 6, 6, 5, 5, 4, 4, 3, 3, 2, 2, 1, 1, 0, 0], "b_moves_left": [40, 39, 39, 38, 38, 37, 37, 36, 36, 35, 35, 34, 34, 33, 33, 32, 32, 31, 31, 30, 30, 29, 29, 28, 28, 27, 27, 26, 26, 25, 25, 24, 24, 23, 23, 22, 22, 21, 21, 20, 20, 19, 19, 18, 18, 17, 17, 16, 16, 15, 15, 14, 14, 13, 13, 12, 12, 11, 11, 10, 10, 9, 9, 8, 8, 7, 7, 6, 6, 5, 5, 4, 4, 3, 3, 2, 2, 1, 1, 0], "trapdoor_triggered": [0, 0, 0, 0, 0, 0, 0, 0, 0, 0, 0, 0, 0, 0, 0, 0, 0, 0, 0, 0, 0, 0, 0, 0, 0, 0, 0, 0, 0, 0, 0, 0, 0, 0, 0, 0, 0, 0, 0, 0, 0, 0, 0, 0, 0, 0, 0, 0, 0, 0, 0, 0, 0, 0, 0, 0, 0, 0, 0, 0, 0, 0, 0, 0, 0, 0, 0, 0, 0, 0, 0, 0, 0, 0, 0, 0, 0, 0, 0, 0], "left_behind": ["egg", "egg", "turd", "plain", "egg", "egg", "plain", "plain", "egg", "egg", "turd", "plain", "egg", "egg", "turd", "turd", "egg", "egg", "turd", "turd", "egg", "egg", "plain", "plain", "egg", "egg", "plain", "plain", "egg", "egg", "plain", "turd", "egg", "egg", "plain", "plain", "egg", "plain", "plain", "turd", "egg", "plain", "plain", "turd", "egg", "egg", "plain", "plain", "plain", "plain", "turd", "plain", "egg", "plain", "plain", "plain", "egg", "plain", "plain", "plain", "egg", "plain", "plain", "plain", "egg", "plain", "plain", "plain", "egg", "plain", "plain", "plain", "egg", "egg", "plain", "plain", "plain", "plain", "plain", "plain"], "errlog_a": "", "errlog_b": "", "start_time": 360, "start_moves": 40, "turn_count": 80, "result": 0, "reason": "EGGS_LAID", "trapdoors": [[3, 3], [2, 5]], "spawn_a": [0, 6], "spawn_b": [7, 6]}