{"pos": [[1, 4], [7, 3], [1, 3], [6, 3], [1, 2], [6, 2], [1, 1], [5, 2], [0, 1], [5, 1], [0, 0], [4, 1], [0, 1], [4, 0], [0, 2], [5, 0], [1, 2], [6, 0], [0, 4], [6, 1], [0, 5], [6, 0], [1, 5], [6, 1], [2, 5], [5, 1], [3, 5], [5, 2], [4, 5], [4, 2], [5, 5], [4, 3], [6, 5], [4, 2], [6, 6], [7, 4], [7, 6], [7, 3], [7, 7], [7, 2], [6, 7], [7, 1], [5, 7], [7, 0], [4, 7], [7, 1], [3, 7], [7, 2], [4, 7], [6, 2], [4, 6], [6, 3], [3, 6], [5, 3], [2, 6], [5, 4], [1, 6], [5, 3], [1, 7], [5, 2], [0, 7], [5, 1], [0, 6], [5, 0], [0, 5], [6, 0], [0, 4], [5, 0], [1, 4], [5, 1], [2, 4], [4, 1], [3, 4], [4, 0], [3, 3], [3, 0], [3, 4], [2, 0], [4, 4], [2, 1]], "a_eggs_laid": [1, 1, 1, 1, 2, 2, 2, 2, 3, 3, 3, 3, 6, 6, 6, 6, 7, 7, 7, 7, 7, 7, 7, 7, 8, 8, 8, 8, 9, 9, 9, 9, 10, 10, 10, 10, 15, 15, 15, 15, 18, 18, 18, 18, 19, 19, 19, 19, 20, 20, 20, 20, 21, 21, 21, 21, 22, 22, 22, 22, 23, 23, 23, 23, 24, 24, 24, 24, 24, 24, 24, 24, 25, 25, 25, 25, 26, 26, 26, 26], "b_eggs_laid": [0, 1, 1, 1, 1, 2, 2, 2, 2, 3, 3, 3, 3, 4, 4, 4, 4, 5, 5, 9, 9, 10, 10, 10, 10, 10, 10, 10, 10, 10, 10, 10, 10, 11, 11, 11, 11, 11, 11, 11, 11, 12, 12, 12, 12, 15, 15, 15, 15, 15, 15, 15, 15, 15, 15, 15, 15, 16, 16, 16, 16, 16, 16, 16, 16, 16, 16, 16, 16, 16, 16, 16, 16, 16, 16, 16, 16, 17, 17, 17], "a_turds_left": [5, 5, 4, 4, 4, 4, 4, 4, 4, 4, 4, 4, 4, 4, 4, 4, 4, 4, 4, 4, 4, 4, 4, 4, 4, 4, 3, 3, 3, 3, 2, 2, 2, 2, 1, 1, 1, 1, 1, 1, 1, 1, 1, 1, 1, 1, 1, 1, 1, 1, 1, 1, 1, 1, 1, 1, 1, 1, 1, 1, 1, 1, 1, 1, 1, 1, 1, 1, 1, 1, 1, 1, 1, 1, 1, 1, 1, 1, 1, 1], "b_turds_left": [5, 5, 5, 5, 5, 5, 5, 5, 5, 5, 5, 5, 5, 5, 5, 4, 4, 4, 4, 4, 4, 4, 4, 4, 4, 4, 4, 4, 4, 4, 4, 3, 3, 3, 3, 3, 3, 3, 3, 2, 2, 2, 2, 1, 1, 1, 1, 1, 1, 1, 1, 0, 0, 0, 0, 0, 0, 0, 0, 0, 0, 0, 0, 0, 0, 0, 0, 0, 0, 0, 0, 0, 0, 0, 0, 0, 0, 0, 0, 0], "a_time_left": [359.9985947000023, 359.9985947000023, 349.9976680000036, 349.9976680000036, 339.9951515000066, 339.9951515000066, 329.9899982000061, 329.9899982000061, 319.98963560000266, 319.98963560000266, 309.989127300003, 309.989127300003, 299.98895959999936, 299.98895959999936, 289.98676030000206, 289.98676030000206, 280.1127920000072, 280.1127920000072, 270.11246240000764, 270.11246240000764, 260.1114876000065, 260.1114876000065, 250.10796310001024, 250.10796310001024, 240.10748190000595, 240.10748190000595, 239.87165810000442, 239.87165810000442, 229.86966380001104, 229.86966380001104, 219.8689535000085, 219.8689535000085, 210.2674032000068, 210.2674032000068, 200.26721580000594, 200.26721580000594, 190.26693900000828, 190.26693900000828, 180.54777160000958, 180.54777160000958, 171.09480840001197, 171.09480840001197, 161.09203330001037, 161.09203330001037, 151.88769630000752, 151.88769630000752, 151.38614210000378, 151.38614210000378, 148.42390260000684, 148.42390260000684, 148.37488280000252, 148.37488280000252, 138.61880390000442, 138.61880390000442, 129.3031456000026, 129.3031456000026, 119.36692530000437, 119.36692530000437, 118.84182830000645, 118.84182830000645, 117.23269350000191, 117.23269350000191, 117.09711859999516, 117.09711859999516, 115.54676339999423, 115.54676339999423, 115.45067799999379, 115.45067799999379, 115.093143099999, 115.093143099999, 114.97115969999868, 114.97115969999868, 100.76771490000101, 100.76771490000101, 85.7673849999992, 85.7673849999992, 70.76666560000012, 70.76666560000012, 70.76612100000057, 70.76612100000057], "b_time_left": [360, 359.9960368000029, 359.9960368000029, 359.994173900006, 359.994173900006, 359.99239880000823, 359.99239880000823, 359.990690000006, 359.990690000006, 359.9883293000021, 359.9883293000021, 359.98528920000535, 359.98528920000535, 359.9834519000069, 359.9834519000069, 359.9815992000076, 359.9815992000076, 359.9795210000084, 359.9795210000084, 359.97830950000935, 359.97830950000935, 359.9762585000135, 359.9762585000135, 359.9740528000111, 359.9740528000111, 359.9728248000174, 359.9728248000174, 359.9709217000127, 359.9709217000127, 359.96882800001185, 359.96882800001185, 359.965806600012, 359.965806600012, 359.9644319000072, 359.9644319000072, 355.9628195000114, 355.9628195000114, 355.8518202000123, 355.8518202000123, 351.8482153000077, 351.8482153000077, 351.84420240001054, 351.84420240001054, 351.8388951000088, 351.8388951000088, 351.8348742000089, 351.8348742000089, 351.8310182000132, 351.8310182000132, 347.82764660000976, 347.82764660000976, 344.6219304000042, 344.6219304000042, 341.4186420000042, 341.4186420000042, 338.21572190000006, 338.21572190000006, 338.2138762999966, 338.2138762999966, 338.2114919999949, 338.2114919999949, 335.0072639999926, 335.0072639999926, 335.0050590999963, 335.0050590999963, 331.7971907999963, 331.7971907999963, 331.79469869999593, 331.79469869999593, 328.592210099996, 328.592210099996, 328.5895256999938, 328.5895256999938, 328.5875170999934, 328.5875170999934, 325.3846299999932, 325.3846299999932, 325.3819977999956, 325.3819977999956, 322.1787986999989], "a_moves_left": [39, 39, 38, 38, 37, 37, 36, 36, 35, 35, 34, 34, 33, 33, 32, 32, 31, 31, 30, 30, 29, 29, 28, 28, 27, 27, 26, 26, 25, 25, 24, 24, 23, 23, 22, 22, 21, 21, 20, 20, 19, 19, 18, 18, 17, 17, 16, 16, 15, 15, 14, 14, 13, 13, 12, 12, 11, 11, 10, 10, 9, 9, 8, 8, 7, 7, 6, 6, 5, 5, 4, 4, 3, 3, 2, 2, 1, 1, 0, 0], "b_moves_left": [40, 39, 39, 38, 38, 37, 37, 36, 36, 35, 35, 34, 34, 33, 33, 32, 32, 31, 31, 30, 30, 29, 29, 28, 28, 27, 27, 26, 26, 25, 25, 24, 24, 23, 23, 22, 22, 21, 21, 20, 20, 19, 19, 18, 18, 17, 17, 16, 16, 15, 15, 14, 14, 13, 13, 12, 12, 11, 11, 10, 10, 9, 9, 8, 8, 7, 7, 6, 6, 5, 5, 4, 4, 3, 3, 2, 2, 1, 1, 0], "trapdoor_triggered": [0, 0, 0, 0, 0, 0, 0, 0, 0, 0, 0, 0, 0, 0, 0, 0, 0, 0, 1, 0, 0, 0, 0, 0, 0, 0, 0, 0, 0, 0, 0, 0, 0, 0, 0, 1, 0, 0, 0, 0, 0, 0, 0, 0, 0, 0, 0, 0, 0, 0, 0, 0, 0, 0, 0, 0, 0, 0, 0, 0, 0, 0, 0, 0, 0, 0, 0, 0, 0, 0, 0, 0, 0, 0, 0, 0, 0, 0, 0, 0], "left_behind": ["egg", "egg", "turd", "plain", "egg", "egg", "plain", "plain", "egg", "egg", "plain", "plain", "egg", "egg", "plain", "turd", "egg", "egg", "plain", "plain", "plain", "egg", "plain", "plain", "egg", "plain", "turd", "plain", "egg", "plain", "turd", "turd", "egg", "egg", "turd", "plain", "egg", "plain", "plain", "turd", "egg", "egg", "plain", "turd", "egg", "egg", "plain", "plain", "egg", "plain", "plain", "turd", "egg", "plain", "plain", "plain", "egg", "egg", "plain", "plain", "egg", "plain", "plain", "plain", "egg", "plain", "plain", "plain", "plain", "plain", "plain", "plain", "egg", "plain", "plain", "plain", "egg", "egg", "plain", "plain"], "errlog_a": "", "errlog_b": "", "start_time": 360, "start_moves": 40, "turn_count": 80, "result": 0, "reason": "EGGS_LAID", "trapdoors": [[2, 2], [3, 2]], "spawn_a": [0, 4], "spawn_b": [7, 4]}