{"pos": [[1, 6], [7, 5], [1, 5], [6, 5], [1, 4], [6, 4], [1, 3], [5, 4], [1, 2], [5, 3], [0, 2], [5, 2], [0, 1], [5, 1], [0, 0], [4, 1], [1, 0], [4, 0], [2, 0], [5, 0], [2, 1], [5, 1], [2, 2], [6, 1], [2, 3], [6, 0], [3, 3], [7, 0], [3, 2], [7, 1], [4, 2], [7, 2], [4, 3], [7, 1], [5, 3], [7, 0], [6, 3], [6, 0], [7, 3], [6, 1], [7, 4], [5, 1], [6, 4], [5, 0], [7, 4], [4, 0], [7, 5], [3, 0], [7, 4], [4, 0], [7, 3]], "a_eggs_laid": [1, 1, 1, 1, 2, 2, 2, 2, 3, 3, 3, 3, 4, 4, 4, 4, 7, 7, 7, 7, 8, 8, 8, 8, 9, 9, 9, 9, 10, 10, 10, 10, 11, 11, 11, 11, 12, 12, 12, 12, 13, 13, 13, 13, 14, 14, 14, 14, 15, 15, 15], "b_eggs_laid": [0, 1, 1, 1, 1, 2, 2, 2, 2, 3, 3, 3, 3, 4, 4, 4, 4, 5, 5, 5, 5, 6, 6, 6, 6, 7, 7, 7, 7, 10, 10, 10, 10, 11, 11, 11, 11, 11, 11, 11, 11, 11, 11, 11, 11, 11, 11, 11, 11, 12, 12], "a_turds_left": [5, 5, 4, 4, 4, 4, 3, 3, 3, 3, 2, 2, 2, 2, 2, 2, 2, 2, 2, 2, 2, 2, 1, 1, 1, 1, 0, 0, 0, 0, 0, 0, 0, 0, 0, 0, 0, 0, 0, 0, 0, 0, 0, 0, 0, 0, 0, 0, 0, 0, 0], "b_turds_left": [5, 5, 5, 5, 5, 5, 5, 5, 5, 5, 5, 5, 5, 5, 5, 5, 5, 5, 5, 5, 5, 5, 5, 5, 5, 5, 5, 5, 5, 5, 5, 4, 4, 4, 4, 4, 4, 4, 4, 4, 4, 4, 4, 4, 4, 4, 4, 4, 4, 4, 4], "a_time_left": [359.9981564000045, 359.9981564000045, 349.9866409000024, 349.9866409000024, 339.98543630000495, 339.98543630000495, 329.9839295000056, 329.9839295000056, 319.981526100004, 319.981526100004, 309.98113460000604, 309.98113460000604, 300.5070321000021, 300.5070321000021, 290.5057683999985, 290.5057683999985, 280.50545489999786, 280.50545489999786, 270.4997793000002, 270.4997793000002, 261.01881149999826, 261.01881149999826, 251.0166831999959, 251.0166831999959, 241.01566629999434, 241.01566629999434, 231.01539739999134, 231.01539739999134, 221.01510949999647, 221.01510949999647, 211.01378139998997, 211.01378139998997, 201.01323229999252, 201.01323229999252, 200.8406249999898, 200.8406249999898, 199.72842049998872, 199.72842049998872, 199.72250309999072, 199.72250309999072, 197.0734312999848, 197.0734312999848, 196.98874189998605, 196.98874189998605, 186.98852439998882, 186.98852439998882, 179.0969472999859, 179.0969472999859, 171.86041589998786, 171.86041589998786, 171.8417708999914], "b_time_left": [360, 359.99672909999936, 359.99672909999936, 357.8693545999995, 357.8693545999995, 357.86686010000267, 357.86686010000267, 355.7394545999996, 355.7394545999996, 355.7372408999945, 355.7372408999945, 355.7354048999914, 355.7354048999914, 355.7334083999958, 355.7334083999958, 353.60623450000276, 353.60623450000276, 353.6038348000002, 353.6038348000002, 353.1791250000024, 353.1791250000024, 353.1747445000001, 353.1747445000001, 348.9227525999959, 348.9227525999959, 348.9194232000009, 348.9194232000009, 344.6658215999996, 344.6658215999996, 344.6640441999989, 344.6640441999989, 340.41224130000046, 340.41224130000046, 340.4101726000008, 340.4101726000008, 340.4074918999977, 340.4074918999977, 336.155253500001, 336.155253500001, 336.1526662000033, 336.1526662000033, 331.9002319000065, 331.9002319000065, 331.89822660000937, 331.89822660000937, 327.6464510000078, 327.6464510000078, 323.3935712000093, 323.3935712000093, 323.39211860000796, 323.39211860000796], "a_moves_left": [39, 39, 38, 38, 37, 37, 36, 36, 35, 35, 34, 34, 33, 33, 32, 32, 31, 31, 30, 30, 29, 29, 28, 28, 27, 27, 26, 26, 25, 25, 24, 24, 23, 23, 22, 22, 21, 21, 20, 20, 19, 19, 18, 18, 17, 17, 16, 16, 15, 15, 14], "b_moves_left": [40, 39, 39, 38, 38, 37, 37, 36, 36, 35, 35, 34, 34, 33, 33, 32, 32, 31, 31, 30, 30, 29, 29, 28, 28, 27, 27, 26, 26, 25, 25, 24, 24, 23, 23, 22, 22, 21, 21, 20, 20, 19, 19, 18, 18, 17, 17, 16, 16, 15, 15], "trapdoor_triggered": [0, 0, 0, 0, 0, 0, 0, 0, 0, 0, 0, 0, 0, 0, 0, 0, 0, 0, 0, 0, 0, 0, 0, 0, 0, 0, 0, 0, 0, 0, 0, 0, 0, 0, 0, 0, 0, 0, 0, 0, 0, 0, 0, 0, 0, 0, 0, 0, 0, 0, 0], "left_behind": ["egg", "egg", "turd", "plain", "egg", "egg", "turd", "plain", "egg", "egg", "turd", "plain", "egg", "egg", "plain", "plain", "egg", "egg", "plain", "plain", "egg", "egg", "turd", "plain", "egg", "egg", "turd", "plain", "egg", "egg", "plain", "turd", "egg", "egg", "plain", "plain", "egg", "plain", "plain", "plain", "egg", "plain", "plain", "plain", "egg", "plain", "plain", "plain", "egg", "egg", "plain"], "errlog_a": "", "errlog_b": "Traceback (most recent call last):\n  File \"C:\\Users\\litte\\Downloads\\dist\\engine\\player_process.py\", line 283, in run_player_process\n    player_move = player.play(\n        temp_board, trapdoor_samples, time_left_func\n    )\n  File \"C:\\Users\\litte\\Downloads\\dist\\3600-agents\\JohnXina5\\agent.py\", line 750, in play\n    if dist <= 2 and is_close_race and turns_left <= 15:\n       ^^^^\nUnboundLocalError: cannot access local variable 'dist' where it is not associated with a value\n", "start_time": 360, "start_moves": 40, "turn_count": 51, "result": 0, "reason": "CODE_CRASH", "trapdoors": [[3, 5], [3, 4]], "spawn_a": [0, 6], "spawn_b": [7, 6]}