{"pos": [[6, 1], [0, 0], [6, 2], [1, 0], [6, 3], [2, 0], [6, 4], [2, 1], [6, 5], [2, 0], [7, 5], [3, 0], [7, 6], [4, 0], [7, 7], [5, 0], [6, 7], [4, 0], [5, 7], [4, 1], [4, 7], [4, 0], [3, 7], [4, 1], [2, 7], [3, 1], [2, 6], [3, 2], [2, 7], [3, 1], [1, 7], [2, 1], [1, 6], [1, 1], [0, 6], [1, 2], [0, 5], [1, 1], [1, 5], [1, 0], [0, 5], [2, 0], [0, 4], [2, 1], [1, 4], [2, 2], [2, 4], [2, 3], [2, 5], [2, 2], [3, 5], [2, 1], [3, 6], [2, 0], [4, 6], [1, 0], [5, 6], [0, 0], [5, 5], [0, 1], [4, 5], [0, 2], [4, 4], [0, 3], [4, 5], [0, 2], [3, 5], [0, 1], [3, 6], [0, 2], [4, 6], [0, 1], [5, 6], [0, 2], [6, 6], [0, 1], [7, 6], [0, 2], [7, 5], [0, 1]], "a_eggs_laid": [1, 1, 1, 1, 2, 2, 2, 2, 3, 3, 3, 3, 4, 4, 4, 4, 7, 7, 7, 7, 8, 8, 8, 8, 9, 9, 9, 9, 10, 10, 10, 10, 11, 11, 11, 11, 12, 12, 12, 12, 13, 13, 13, 13, 14, 14, 14, 14, 15, 15, 15, 15, 16, 16, 16, 16, 17, 17, 17, 17, 18, 18, 18, 18, 19, 19, 19, 19, 19, 19, 19, 19, 19, 19, 19, 19, 20, 20, 20, 20], "b_eggs_laid": [0, 1, 1, 1, 1, 2, 2, 2, 2, 3, 3, 3, 3, 4, 4, 4, 4, 5, 5, 5, 5, 6, 6, 6, 6, 6, 6, 6, 6, 7, 7, 7, 7, 7, 7, 7, 7, 8, 8, 8, 8, 8, 8, 8, 8, 8, 8, 8, 8, 9, 9, 9, 9, 9, 9, 9, 9, 9, 9, 9, 9, 9, 9, 9, 9, 10, 10, 10, 10, 10, 10, 10, 10, 10, 10, 10, 10, 10, 10, 10], "a_turds_left": [5, 5, 4, 4, 4, 4, 3, 3, 3, 3, 2, 2, 2, 2, 2, 2, 2, 2, 1, 1, 1, 1, 0, 0, 0, 0, 0, 0, 0, 0, 0, 0, 0, 0, 0, 0, 0, 0, 0, 0, 0, 0, 0, 0, 0, 0, 0, 0, 0, 0, 0, 0, 0, 0, 0, 0, 0, 0, 0, 0, 0, 0, 0, 0, 0, 0, 0, 0, 0, 0, 0, 0, 0, 0, 0, 0, 0, 0, 0, 0], "b_turds_left": [5, 5, 5, 5, 5, 5, 5, 5, 5, 5, 5, 5, 5, 5, 5, 5, 5, 5, 5, 5, 5, 5, 5, 5, 5, 5, 5, 5, 5, 5, 5, 4, 4, 4, 4, 3, 3, 3, 3, 3, 3, 3, 3, 2, 2, 2, 2, 1, 1, 1, 1, 1, 1, 1, 1, 1, 1, 1, 1, 0, 0, 0, 0, 0, 0, 0, 0, 0, 0, 0, 0, 0, 0, 0, 0, 0, 0, 0, 0, 0], "a_time_left": [359.99866919999477, 359.99866919999477, 349.99679319999996, 349.99679319999996, 339.96844840000267, 339.96844840000267, 329.9672275999983, 329.9672275999983, 319.9396468999985, 319.9396468999985, 309.93129410000256, 309.93129410000256, 299.9307528999998, 299.9307528999998, 289.93018740000116, 289.93018740000116, 279.9295423000003, 279.9295423000003, 269.8964496000044, 269.8964496000044, 259.89601380000386, 259.89601380000386, 258.8163063000029, 258.8163063000029, 248.81512680000742, 248.81512680000742, 238.81412410000485, 238.81412410000485, 228.80969340000593, 228.80969340000593, 228.66651719999936, 228.66651719999936, 218.66509949999454, 218.66509949999454, 208.66430829999445, 208.66430829999445, 198.6638344999883, 198.6638344999883, 198.40157439999166, 198.40157439999166, 195.8652512999979, 195.8652512999979, 195.81556190000265, 195.81556190000265, 185.81366170000547, 185.81366170000547, 175.81174800000736, 175.81174800000736, 166.0806733000063, 166.0806733000063, 165.88622520000354, 165.88622520000354, 164.97655430000304, 164.97655430000304, 164.79070299999876, 164.79070299999876, 163.358307399998, 163.358307399998, 163.2794283999974, 163.2794283999974, 153.57505230000243, 153.57505230000243, 143.88121189999947, 143.88121189999947, 133.88072960000136, 133.88072960000136, 133.88001860000077, 133.88001860000077, 132.69629400000122, 132.69629400000122, 132.69015670000226, 132.69015670000226, 131.96267400000215, 131.96267400000215, 131.95099020000634, 131.95099020000634, 131.0779743000021, 131.0779743000021, 131.06911730000138, 131.06911730000138], "b_time_left": [360, 359.9997977000021, 359.9997977000021, 356.7951810000013, 356.7951810000013, 356.7945553000027, 356.7945553000027, 353.59052320000046, 353.59052320000046, 353.5899275999982, 353.5899275999982, 350.3864728999979, 350.3864728999979, 350.3860490999941, 350.3860490999941, 347.18261379999603, 347.18261379999603, 347.1820389999921, 347.1820389999921, 343.97921819999465, 343.97921819999465, 343.97856999999203, 343.97856999999203, 343.9737141999867, 343.9737141999867, 338.3707391999924, 338.3707391999924, 332.7672931999914, 332.7672931999914, 332.76667979999183, 332.76667979999183, 332.51860129999113, 332.51860129999113, 331.6909667999935, 331.6909667999935, 331.51944649999496, 331.51944649999496, 331.518550599998, 331.518550599998, 331.514259399999, 331.514259399999, 331.46664240000246, 331.46664240000246, 331.3914905000056, 331.3914905000056, 331.3374286000035, 331.3374286000035, 331.33250599999883, 331.33250599999883, 331.33194060000096, 331.33194060000096, 331.32728920000227, 331.32728920000227, 331.3220818000045, 331.3220818000045, 331.31685730000027, 331.31685730000027, 331.30065119999927, 331.30065119999927, 331.2955301999973, 331.2955301999973, 331.2919550999941, 331.2919550999941, 331.2879632999975, 331.2879632999975, 331.28743709999253, 331.28743709999253, 331.2846276999917, 331.2846276999917, 331.281273099994, 331.281273099994, 331.27739059999294, 331.27739059999294, 331.27321179999126, 331.27321179999126, 331.2699506999925, 331.2699506999925, 331.26638509998884, 331.26638509998884, 331.26269609998417], "a_moves_left": [39, 39, 38, 38, 37, 37, 36, 36, 35, 35, 34, 34, 33, 33, 32, 32, 31, 31, 30, 30, 29, 29, 28, 28, 27, 27, 26, 26, 25, 25, 24, 24, 23, 23, 22, 22, 21, 21, 20, 20, 19, 19, 18, 18, 17, 17, 16, 16, 15, 15, 14, 14, 13, 13, 12, 12, 11, 11, 10, 10, 9, 9, 8, 8, 7, 7, 6, 6, 5, 5, 4, 4, 3, 3, 2, 2, 1, 1, 0, 0], "b_moves_left": [40, 39, 39, 38, 38, 37, 37, 36, 36, 35, 35, 34, 34, 33, 33, 32, 32, 31, 31, 30, 30, 29, 29, 28, 28, 27, 27, 26, 26, 25, 25, 24, 24, 23, 23, 22, 22, 21, 21, 20, 20, 19, 19, 18, 18, 17, 17, 16, 16, 15, 15, 14, 14, 13, 13, 12, 12, 11, 11, 10, 10, 9, 9, 8, 8, 7, 7, 6, 6, 5, 5, 4, 4, 3, 3, 2, 2, 1, 1, 0], "trapdoor_triggered": [0, 0, 0, 0, 0, 0, 0, 0, 0, 0, 0, 0, 0, 0, 0, 0, 0, 0, 0, 0, 0, 0, 0, 0, 0, 0, 0, 0, 0, 0, 0, 0, 0, 0, 0, 0, 0, 0, 0, 0, 0, 0, 0, 0, 0, 0, 0, 0, 0, 0, 0, 0, 0, 0, 0, 0, 0, 0, 0, 0, 0, 0, 0, 0, 0, 0, 0, 0, 0, 0, 0, 0, 0, 0, 0, 0, 0, 0, 0, 0], "left_behind": ["egg", "egg", "turd", "plain", "egg", "egg", "turd", "plain", "egg", "egg", "turd", "plain", "egg", "egg", "plain", "plain", "egg", "egg", "turd", "plain", "egg", "egg", "turd", "plain", "egg", "plain", "plain", "plain", "egg", "egg", "plain", "turd", "egg", "plain", "plain", "turd", "egg", "egg", "plain", "plain", "egg", "plain", "plain", "turd", "egg", "plain", "plain", "turd", "egg", "egg", "plain", "plain", "egg", "plain", "plain", "plain", "egg", "plain", "plain", "turd", "egg", "plain", "plain", "plain", "egg", "egg", "plain", "plain", "plain", "plain", "plain", "plain", "plain", "plain", "plain", "plain", "egg", "plain", "plain", "plain"], "errlog_a": "", "errlog_b": "", "start_time": 360, "start_moves": 40, "turn_count": 80, "result": 0, "reason": "EGGS_LAID", "trapdoors": [[4, 2], [4, 3]], "spawn_a": [7, 1], "spawn_b": [0, 1]}