{"pos": [[1, 6], [7, 5], [1, 5], [6, 5], [1, 4], [6, 4], [1, 3], [5, 4], [1, 2], [5, 3], [1, 1]], "a_eggs_laid": [1, 1, 1, 1, 2, 2, 2, 2, 3, 3, 3], "b_eggs_laid": [0, 1, 1, 1, 1, 2, 2, 2, 2, 3, 3], "a_turds_left": [5, 5, 4, 4, 4, 4, 3, 3, 3, 3, 2], "b_turds_left": [5, 5, 5, 5, 5, 5, 5, 5, 5, 5, 5], "a_time_left": [359.9986837999968, 359.9986837999968, 349.99717119999696, 349.99717119999696, 339.995600000002, 339.995600000002, 329.9953314000013, 329.9953314000013, 319.9951282999973, 319.9951282999973, 309.99480980000226], "b_time_left": [360, 359.9961930999998, 359.9961930999998, 359.9936285999938, 359.9936285999938, 359.98943449999206, 359.98943449999206, 359.9858119999917, 359.9858119999917, 359.98280869999144, 359.98280869999144], "a_moves_left": [39, 39, 38, 38, 37, 37, 36, 36, 35, 35, 34], "b_moves_left": [40, 39, 39, 38, 38, 37, 37, 36, 36, 35, 35], "trapdoor_triggered": [0, 0, 0, 0, 0, 0, 0, 0, 0, 0, 0], "left_behind": ["egg", "egg", "turd", "plain", "egg", "egg", "turd", "plain", "egg", "egg", "turd"], "errlog_a": "", "errlog_b": "Traceback (most recent call last):\n  File \"C:\\Users\\litte\\Downloads\\dist\\engine\\player_process.py\", line 283, in run_player_process\n    player_move = player.play(\n        temp_board, trapdoor_samples, time_left_func\n    )\n  File \"C:\\Users\\litte\\Downloads\\dist\\3600-agents\\JohnXina5\\agent.py\", line 843, in play\n    if dist <= 2 and is_close_race and turns_left <= 15:\n       ^^^^\nUnboundLocalError: cannot access local variable 'dist' where it is not associated with a value\n", "start_time": 360, "start_moves": 40, "turn_count": 11, "result": 0, "reason": "CODE_CRASH", "trapdoors": [[4, 4], [5, 2]], "spawn_a": [0, 6], "spawn_b": [7, 6]}