{"pos": [[6, 3], [0, 2], [6, 4], [1, 2], [6, 5], [1, 1], [7, 5], [2, 1], [7, 6], [2, 0], [7, 7], [3, 0], [6, 7], [3, 1], [5, 7], [3, 2], [4, 7], [3, 1], [3, 7], [4, 1], [3, 6], [4, 0], [2, 6], [5, 0], [1, 6], [5, 1], [1, 5], [5, 2], [2, 5], [5, 1], [2, 4], [6, 1], [1, 4], [6, 0], [1, 3], [6, 1], [2, 3], [5, 1], [2, 2], [5, 0], [2, 3], [4, 0], [3, 3], [4, 1], [3, 4], [5, 1], [4, 4], [5, 0]], "a_eggs_laid": [1, 1, 1, 1, 2, 2, 2, 2, 3, 3, 3, 3, 6, 6, 6, 6, 7, 7, 7, 7, 8, 8, 8, 8, 9, 9, 9, 9, 10, 10, 10, 10, 11, 11, 11, 11, 12, 12, 12, 12, 13, 13, 13, 13, 14, 14, 14, 14], "b_eggs_laid": [0, 1, 1, 1, 1, 2, 2, 2, 2, 3, 3, 3, 3, 4, 4, 4, 4, 5, 5, 5, 5, 6, 6, 6, 6, 7, 7, 7, 7, 8, 8, 8, 8, 9, 9, 9, 9, 9, 9, 9, 9, 9, 9, 9, 9, 9, 9, 9], "a_turds_left": [5, 5, 4, 4, 4, 4, 3, 3, 3, 3, 3, 3, 3, 3, 3, 3, 3, 3, 3, 3, 3, 3, 2, 2, 2, 2, 2, 2, 2, 2, 2, 2, 2, 2, 1, 1, 1, 1, 0, 0, 0, 0, 0, 0, 0, 0, 0, 0], "b_turds_left": [5, 5, 5, 4, 4, 4, 4, 3, 3, 3, 3, 3, 3, 3, 3, 2, 2, 2, 2, 2, 2, 2, 2, 2, 2, 2, 2, 2, 2, 2, 2, 2, 2, 2, 2, 2, 2, 2, 2, 1, 1, 1, 1, 1, 1, 1, 1, 1], "a_time_left": [359.97713120000117, 359.97713120000117, 349.9580530000021, 349.9580530000021, 339.9554855000024, 339.9554855000024, 330.62044080000487, 330.62044080000487, 320.98677860001044, 320.98677860001044, 310.9804464000117, 310.9804464000117, 300.9593073000069, 300.9593073000069, 290.95868970000447, 290.95868970000447, 280.95543650000036, 280.95543650000036, 270.9529337999993, 270.9529337999993, 260.9526104000033, 260.9526104000033, 250.95124950000172, 250.95124950000172, 240.94824060000246, 240.94824060000246, 230.94656090000353, 230.94656090000353, 220.9368331000005, 220.9368331000005, 210.9355588000035, 210.9355588000035, 200.92966570000135, 200.92966570000135, 190.9177961000023, 190.9177961000023, 180.91748270000244, 180.91748270000244, 180.2314553000033, 180.2314553000033, 180.1691476000051, 180.1691476000051, 180.08956710000348, 180.08956710000348, 170.08931529999973, 170.08931529999973, 170.00194850000116, 170.00194850000116], "b_time_left": [360, 359.9416934000037, 359.9416934000037, 359.9259155000036, 359.9259155000036, 359.916719300003, 359.916719300003, 359.9135022000046, 359.9135022000046, 359.91007620000164, 359.91007620000164, 359.90522829999827, 359.90522829999827, 359.89652419999766, 359.89652419999766, 359.891993600002, 359.891993600002, 359.88669469999877, 359.88669469999877, 359.8834945999988, 359.8834945999988, 359.87707700000465, 359.87707700000465, 359.8724482000034, 359.8724482000034, 359.8637841000018, 359.8637841000018, 359.85924910000176, 359.85924910000176, 359.85408879999886, 359.85408879999886, 359.8502503999989, 359.8502503999989, 359.8441423999975, 359.8441423999975, 359.8307055999976, 359.8307055999976, 359.8273329999938, 359.8273329999938, 355.57111129999976, 355.57111129999976, 351.31846689999657, 351.31846689999657, 351.31247679999797, 351.31247679999797, 351.3096746999945, 351.3096746999945, 351.30704149999656], "a_moves_left": [39, 39, 38, 38, 37, 37, 36, 36, 35, 35, 34, 34, 33, 33, 32, 32, 31, 31, 30, 30, 29, 29, 28, 28, 27, 27, 26, 26, 25, 25, 24, 24, 23, 23, 22, 22, 21, 21, 20, 20, 19, 19, 18, 18, 17, 17, 16, 16], "b_moves_left": [40, 39, 39, 38, 38, 37, 37, 36, 36, 35, 35, 34, 34, 33, 33, 32, 32, 31, 31, 30, 30, 29, 29, 28, 28, 27, 27, 26, 26, 25, 25, 24, 24, 23, 23, 22, 22, 21, 21, 20, 20, 19, 19, 18, 18, 17, 17, 16], "trapdoor_triggered": [0, 0, 0, 0, 0, 0, 0, 0, 0, 0, 0, 0, 0, 0, 0, 0, 0, 0, 0, 0, 0, 0, 0, 0, 0, 0, 0, 0, 0, 0, 0, 0, 0, 0, 0, 0, 0, 0, 0, 0, 0, 0, 0, 0, 0, 0, 0, 0], "left_behind": ["egg", "egg", "turd", "turd", "egg", "egg", "turd", "turd", "egg", "egg", "plain", "plain", "egg", "egg", "plain", "turd", "egg", "egg", "plain", "plain", "egg", "egg", "turd", "plain", "egg", "egg", "plain", "plain", "egg", "egg", "plain", "plain", "egg", "egg", "turd", "plain", "egg", "plain", "turd", "turd", "egg", "plain", "plain", "plain", "egg", "plain", "plain", "plain"], "errlog_a": "Timeout", "errlog_b": "", "start_time": 360, "start_moves": 40, "turn_count": 48, "result": 1, "reason": "CODE_CRASH", "trapdoors": [[3, 5], [4, 3]], "spawn_a": [7, 3], "spawn_b": [0, 3]}