{"pos": [[1, 6], [7, 5], [1, 5], [6, 5], [1, 4], [6, 4], [1, 3], [5, 4], [1, 2], [5, 3], [0, 2], [5, 2], [0, 1], [5, 1], [0, 0], [5, 0], [1, 0], [5, 1], [2, 0], [4, 1], [2, 1], [4, 0], [3, 1], [3, 0], [3, 2], [4, 0], [4, 2]], "a_eggs_laid": [1, 1, 1, 1, 2, 2, 2, 2, 3, 3, 3, 3, 4, 4, 4, 4, 7, 7, 7, 7, 8, 8, 8, 8, 9, 9, 9], "b_eggs_laid": [0, 1, 1, 1, 1, 2, 2, 2, 2, 3, 3, 3, 3, 4, 4, 4, 4, 5, 5, 5, 5, 6, 6, 6, 6, 7, 7], "a_turds_left": [5, 5, 4, 4, 4, 4, 3, 3, 3, 3, 2, 2, 2, 2, 2, 2, 2, 2, 2, 2, 2, 2, 1, 1, 1, 1, 0], "b_turds_left": [5, 5, 5, 5, 5, 5, 5, 5, 5, 5, 5, 5, 5, 5, 5, 4, 4, 4, 4, 4, 4, 4, 4, 4, 4, 4, 4], "a_time_left": [359.99806640000315, 359.99806640000315, 350.43060150000383, 350.43060150000383, 340.4276963000084, 340.4276963000084, 330.7057968000081, 330.7057968000081, 320.701621900007, 320.701621900007, 310.70050180000544, 310.70050180000544, 300.6867074000038, 300.6867074000038, 290.6855915000051, 290.6855915000051, 280.6848162000024, 280.6848162000024, 270.68125699999655, 270.68125699999655, 260.67546729999594, 260.67546729999594, 250.6702954999928, 250.6702954999928, 249.83279099999345, 249.83279099999345, 249.51753729999473], "b_time_left": [360, 359.9934629999989, 359.9934629999989, 359.9880561000027, 359.9880561000027, 359.98405300000013, 359.98405300000013, 359.9812660000025, 359.9812660000025, 359.97850720000133, 359.97850720000133, 357.84992280000733, 357.84992280000733, 357.84640250000666, 357.84640250000666, 357.84339710000495, 357.84339710000495, 357.83876930000406, 357.83876930000406, 355.71115300000383, 355.71115300000383, 355.7081643999991, 355.7081643999991, 355.60833450000064, 355.60833450000064, 355.6051453999971, 355.6051453999971], "a_moves_left": [39, 39, 38, 38, 37, 37, 36, 36, 35, 35, 34, 34, 33, 33, 32, 32, 31, 31, 30, 30, 29, 29, 28, 28, 27, 27, 26], "b_moves_left": [40, 39, 39, 38, 38, 37, 37, 36, 36, 35, 35, 34, 34, 33, 33, 32, 32, 31, 31, 30, 30, 29, 29, 28, 28, 27, 27], "trapdoor_triggered": [0, 0, 0, 0, 0, 0, 0, 0, 0, 0, 0, 0, 0, 0, 0, 0, 0, 0, 0, 0, 0, 0, 0, 0, 0, 0, 0], "left_behind": ["egg", "egg", "turd", "plain", "egg", "egg", "turd", "plain", "egg", "egg", "turd", "plain", "egg", "egg", "plain", "turd", "egg", "egg", "plain", "plain", "egg", "egg", "turd", "plain", "egg", "egg", "turd"], "errlog_a": "", "errlog_b": "Traceback (most recent call last):\n  File \"C:\\Users\\litte\\Downloads\\dist\\engine\\player_process.py\", line 283, in run_player_process\n    player_move = player.play(\n        temp_board, trapdoor_samples, time_left_func\n    )\n  File \"C:\\Users\\litte\\Downloads\\dist\\3600-agents\\JohnXina5\\agent.py\", line 902, in play\n    new_loc = loc_after_direction(current_loc, best_move[0])\n                                               ~~~~~~~~~^^^\nTypeError: 'NoneType' object is not subscriptable\n", "start_time": 360, "start_moves": 40, "turn_count": 27, "result": 0, "reason": "CODE_CRASH", "trapdoors": [[2, 4], [2, 5]], "spawn_a": [0, 6], "spawn_b": [7, 6]}