{"pos": [[6, 5], [0, 4], [6, 6], [1, 4], [7, 6], [1, 3], [7, 7], [0, 5], [6, 7], [1, 5], [5, 7], [2, 5], [4, 7], [2, 4], [3, 7], [3, 4], [2, 7], [3, 3], [1, 7], [4, 3], [1, 6], [4, 2], [2, 6], [4, 1], [3, 6], [4, 0], [3, 5], [5, 0], [3, 6], [6, 0], [4, 6], [6, 1], [5, 6], [6, 0], [7, 5], [7, 0], [7, 4], [7, 1], [7, 3], [7, 2], [6, 3], [7, 1], [5, 3], [7, 0], [5, 2], [6, 0], [4, 2], [5, 0]], "a_eggs_laid": [1, 1, 1, 1, 2, 2, 2, 2, 9, 9, 9, 9, 10, 10, 10, 10, 11, 11, 11, 11, 12, 12, 12, 12, 13, 13, 13, 13, 14, 14, 14, 14, 15, 15, 15, 15, 15, 15, 15, 15, 16, 16, 16, 16, 17, 17, 17, 17], "b_eggs_laid": [0, 1, 1, 1, 1, 2, 2, 2, 2, 2, 2, 2, 2, 3, 3, 3, 3, 4, 4, 4, 4, 5, 5, 5, 5, 6, 6, 6, 6, 7, 7, 7, 7, 8, 8, 12, 12, 15, 15, 15, 15, 16, 16, 16, 16, 16, 16, 16], "a_turds_left": [5, 5, 4, 4, 4, 4, 4, 4, 4, 4, 4, 4, 4, 4, 3, 3, 3, 3, 3, 3, 3, 3, 2, 2, 2, 2, 2, 2, 2, 2, 2, 2, 2, 2, 1, 1, 1, 1, 1, 1, 1, 1, 0, 0, 0, 0, 0, 0], "b_turds_left": [5, 5, 5, 4, 4, 4, 4, 3, 3, 3, 3, 3, 3, 3, 3, 3, 3, 3, 3, 3, 3, 3, 3, 3, 3, 3, 3, 3, 3, 3, 3, 2, 2, 2, 2, 2, 2, 2, 2, 1, 1, 1, 1, 1, 1, 1, 1, 1], "a_time_left": [359.99892190000537, 359.99892190000537, 349.99831370000175, 349.99831370000175, 339.99530960000266, 339.99530960000266, 329.9824121999991, 329.9824121999991, 319.98145569999906, 319.98145569999906, 309.97886819999985, 309.97886819999985, 299.9756028999982, 299.9756028999982, 289.96274209999683, 289.96274209999683, 279.9625165999969, 279.9625165999969, 269.9598695999957, 269.9598695999957, 260.25162189999537, 260.25162189999537, 250.24985030000244, 250.24985030000244, 240.24168009999994, 240.24168009999994, 230.2385288000005, 230.2385288000005, 220.2359628999984, 220.2359628999984, 210.23514050000085, 210.23514050000085, 200.23393250000663, 200.23393250000663, 190.23330200000782, 190.23330200000782, 180.22403320001467, 180.22403320001467, 170.22283080001216, 170.22283080001216, 160.22238160001143, 160.22238160001143, 159.56283890001214, 159.56283890001214, 159.01209900001413, 159.01209900001413, 158.60547790001874, 158.60547790001874], "b_time_left": [360, 359.99520360000315, 359.99520360000315, 359.99218060000567, 359.99218060000567, 359.987970400005, 359.987970400005, 359.9852112000008, 359.9852112000008, 359.983115899995, 359.983115899995, 359.9802514999901, 359.9802514999901, 359.9762592999905, 359.9762592999905, 359.9741587999961, 359.9741587999961, 359.97235389999696, 359.97235389999696, 359.97081199999957, 359.97081199999957, 359.9673991000018, 359.9673991000018, 359.9638319000005, 359.9638319000005, 359.9605331999992, 359.9605331999992, 355.9558451999983, 355.9558451999983, 355.95054869999876, 355.95054869999876, 351.94261189999816, 351.94261189999816, 351.9385639999964, 351.9385639999964, 347.932653799995, 347.932653799995, 347.92873219999456, 347.92873219999456, 346.8074512999956, 346.8074512999956, 346.8048154999924, 346.8048154999924, 346.8020048999897, 346.8020048999897, 346.79823179998493, 346.79823179998493, 346.7944074999832], "a_moves_left": [39, 39, 38, 38, 37, 37, 36, 36, 35, 35, 34, 34, 33, 33, 32, 32, 31, 31, 30, 30, 29, 29, 28, 28, 27, 27, 26, 26, 25, 25, 24, 24, 23, 23, 22, 22, 21, 21, 20, 20, 19, 19, 18, 18, 17, 17, 16, 16], "b_moves_left": [40, 39, 39, 38, 38, 37, 37, 36, 36, 35, 35, 34, 34, 33, 33, 32, 32, 31, 31, 30, 30, 29, 29, 28, 28, 27, 27, 26, 26, 25, 25, 24, 24, 23, 23, 22, 22, 21, 21, 20, 20, 19, 19, 18, 18, 17, 17, 16], "trapdoor_triggered": [0, 0, 0, 0, 0, 0, 0, 1, 0, 0, 0, 0, 0, 0, 0, 0, 0, 0, 0, 0, 0, 0, 0, 0, 0, 0, 0, 0, 0, 0, 0, 0, 0, 0, 1, 0, 0, 0, 0, 0, 0, 0, 0, 0, 0, 0, 0, 0], "left_behind": ["egg", "egg", "turd", "turd", "egg", "egg", "plain", "turd", "egg", "plain", "plain", "plain", "egg", "egg", "turd", "plain", "egg", "egg", "plain", "plain", "egg", "egg", "turd", "plain", "egg", "egg", "plain", "plain", "egg", "egg", "plain", "turd", "egg", "egg", "turd", "plain", "plain", "egg", "plain", "turd", "egg", "egg", "turd", "plain", "egg", "plain", "plain", "plain"], "errlog_a": "Timeout", "errlog_b": "", "start_time": 360, "start_moves": 40, "turn_count": 48, "result": 1, "reason": "CODE_CRASH", "trapdoors": [[5, 5], [2, 3]], "spawn_a": [7, 5], "spawn_b": [0, 5]}