{"pos": [[1, 6], [7, 5], [1, 5], [6, 5], [1, 4], [6, 4], [1, 3], [5, 4], [1, 2], [5, 3], [1, 1], [4, 3], [1, 0], [4, 2], [2, 0], [4, 1], [1, 0], [4, 0], [0, 0], [3, 0], [0, 1], [3, 1], [0, 2], [3, 2], [0, 3], [3, 1], [0, 4], [2, 1], [0, 5], [3, 1], [0, 6], [4, 1], [0, 7], [5, 1], [1, 7], [5, 2], [2, 7], [5, 1], [3, 7], [6, 1], [4, 7], [6, 0], [5, 7], [5, 0], [6, 7], [4, 0], [7, 7], [3, 0], [6, 7], [4, 0], [6, 6], [5, 0], [5, 6], [4, 0], [4, 6], [3, 0], [3, 6], [4, 0], [2, 6], [5, 0], [2, 5], [4, 0], [2, 4], [3, 0], [2, 3], [4, 0], [3, 3], [5, 0], [2, 3], [4, 0], [2, 2], [3, 0], [2, 3], [4, 0], [2, 2], [5, 0], [1, 2], [4, 0], [1, 1], [3, 0]], "a_eggs_laid": [1, 1, 1, 1, 2, 2, 2, 2, 3, 3, 3, 3, 4, 4, 4, 4, 5, 5, 5, 5, 8, 8, 8, 8, 9, 9, 9, 9, 10, 10, 10, 10, 10, 10, 10, 10, 11, 11, 11, 11, 12, 12, 12, 12, 13, 13, 13, 13, 16, 16, 16, 16, 17, 17, 17, 17, 18, 18, 18, 18, 19, 19, 19, 19, 20, 20, 20, 20, 21, 21, 21, 21, 22, 22, 22, 22, 22, 22, 22, 22], "b_eggs_laid": [0, 1, 1, 1, 1, 2, 2, 2, 2, 3, 3, 3, 3, 4, 4, 4, 4, 5, 5, 5, 5, 6, 6, 6, 6, 7, 7, 7, 7, 8, 8, 8, 8, 8, 8, 8, 8, 9, 9, 9, 9, 10, 10, 10, 10, 11, 11, 11, 11, 11, 11, 11, 11, 11, 11, 11, 11, 11, 11, 11, 11, 11, 11, 11, 11, 11, 11, 11, 11, 11, 11, 11, 11, 11, 11, 11, 11, 11, 11, 11], "a_turds_left": [5, 5, 4, 4, 4, 4, 3, 3, 3, 3, 2, 2, 2, 2, 2, 2, 2, 2, 1, 1, 1, 1, 0, 0, 0, 0, 0, 0, 0, 0, 0, 0, 0, 0, 0, 0, 0, 0, 0, 0, 0, 0, 0, 0, 0, 0, 0, 0, 0, 0, 0, 0, 0, 0, 0, 0, 0, 0, 0, 0, 0, 0, 0, 0, 0, 0, 0, 0, 0, 0, 0, 0, 0, 0, 0, 0, 0, 0, 0, 0], "b_turds_left": [5, 5, 5, 5, 5, 5, 5, 5, 5, 5, 5, 5, 5, 5, 5, 5, 5, 5, 5, 5, 5, 5, 5, 5, 5, 5, 5, 5, 5, 5, 5, 4, 4, 4, 4, 3, 3, 3, 3, 3, 3, 3, 3, 2, 2, 2, 2, 2, 2, 2, 2, 2, 2, 2, 2, 2, 2, 2, 2, 2, 2, 2, 2, 2, 2, 2, 2, 2, 2, 2, 2, 2, 2, 2, 2, 2, 2, 2, 2, 2], "a_time_left": [359.9983762999982, 359.9983762999982, 349.96481779999885, 349.96481779999885, 339.963854900001, 339.963854900001, 329.96341250000114, 329.96341250000114, 319.96290600000793, 319.96290600000793, 309.96134220000386, 309.96134220000386, 299.95982260000164, 299.95982260000164, 290.2724761000063, 290.2724761000063, 280.27227230000426, 280.27227230000426, 270.12024820000806, 270.12024820000806, 260.11932990000787, 260.11932990000787, 250.4322003000052, 250.4322003000052, 240.43187600000965, 240.43187600000965, 230.43164740000793, 230.43164740000793, 220.64247890000843, 220.64247890000843, 220.58949970000685, 220.58949970000685, 210.58864970001014, 210.58864970001014, 200.58785300000454, 200.58785300000454, 128.72362240000803, 128.72362240000803, 118.72227990000829, 118.72227990000829, 108.72139850000531, 108.72139850000531, 98.72098770000594, 98.72098770000594, 89.48492980000447, 89.48492980000447, 89.34423130000505, 89.34423130000505, 89.17264250000153, 89.17264250000153, 89.15257340000244, 89.15257340000244, 88.78642050000053, 88.78642050000053, 88.75789390000136, 88.75789390000136, 88.24992750000092, 88.24992750000092, 88.21610180000425, 88.21610180000425, 87.66238790000352, 87.66238790000352, 87.63690210000641, 87.63690210000641, 87.05551380000543, 87.05551380000543, 87.02736640000512, 87.02736640000512, 86.8445544999995, 86.8445544999995, 86.8440843999997, 86.8440843999997, 86.56374789999973, 86.56374789999973, 86.56335670000408, 86.56335670000408, 86.56260080000357, 86.56260080000357, 86.5618925000017, 86.5618925000017], "b_time_left": [360, 359.9965549999979, 359.9965549999979, 359.9939699999959, 359.9939699999959, 359.9906622999915, 359.9906622999915, 359.98762229999556, 359.98762229999556, 359.985027499999, 359.985027499999, 357.85603670000273, 357.85603670000273, 357.8526356000075, 357.8526356000075, 357.8483341000101, 357.8483341000101, 357.8451161000048, 357.8451161000048, 355.71612620000815, 355.71612620000815, 355.7121657000098, 355.7121657000098, 351.4589282000161, 351.4589282000161, 351.4559202000164, 351.4559202000164, 347.2036102000202, 347.2036102000202, 347.20151590002206, 347.20151590002206, 342.9478075000152, 342.9478075000152, 338.694653800012, 338.694653800012, 334.43858960000944, 334.43858960000944, 334.43650490001164, 334.43650490001164, 330.1763709000079, 330.1763709000079, 330.17351340001187, 330.17351340001187, 325.9199173000088, 325.9199173000088, 325.9146514000022, 325.9146514000022, 325.90915159999713, 325.90915159999713, 321.6566404999976, 321.6566404999976, 321.6518070999955, 321.6518070999955, 316.5493389999974, 316.5493389999974, 316.54511300000013, 316.54511300000013, 313.1432796999943, 313.1432796999943, 313.13757199999236, 313.13757199999236, 309.73372269999527, 309.73372269999527, 309.7279136999932, 309.7279136999932, 306.32460879999417, 306.32460879999417, 306.31908609999664, 306.31908609999664, 302.9131511999949, 302.9131511999949, 302.90431009999156, 302.90431009999156, 299.5019203999909, 299.5019203999909, 299.4943990999891, 299.4943990999891, 296.0854096999901, 296.0854096999901, 296.0771030999895], "a_moves_left": [39, 39, 38, 38, 37, 37, 36, 36, 35, 35, 34, 34, 33, 33, 32, 32, 31, 31, 30, 30, 29, 29, 28, 28, 27, 27, 26, 26, 25, 25, 24, 24, 23, 23, 22, 22, 21, 21, 20, 20, 19, 19, 18, 18, 17, 17, 16, 16, 15, 15, 14, 14, 13, 13, 12, 12, 11, 11, 10, 10, 9, 9, 8, 8, 7, 7, 6, 6, 5, 5, 4, 4, 3, 3, 2, 2, 1, 1, 0, 0], "b_moves_left": [40, 39, 39, 38, 38, 37, 37, 36, 36, 35, 35, 34, 34, 33, 33, 32, 32, 31, 31, 30, 30, 29, 29, 28, 28, 27, 27, 26, 26, 25, 25, 24, 24, 23, 23, 22, 22, 21, 21, 20, 20, 19, 19, 18, 18, 17, 17, 16, 16, 15, 15, 14, 14, 13, 13, 12, 12, 11, 11, 10, 10, 9, 9, 8, 8, 7, 7, 6, 6, 5, 5, 4, 4, 3, 3, 2, 2, 1, 1, 0], "trapdoor_triggered": [0, 0, 0, 0, 0, 0, 0, 0, 0, 0, 0, 0, 0, 0, 0, 0, 0, 0, 0, 0, 0, 0, 0, 0, 0, 0, 0, 0, 0, 0, 0, 0, 0, 0, 0, 0, 0, 0, 0, 0, 0, 0, 0, 0, 0, 0, 0, 0, 0, 0, 0, 0, 0, 0, 0, 0, 0, 0, 0, 0, 0, 0, 0, 0, 0, 0, 0, 0, 0, 0, 0, 0, 0, 0, 0, 0, 0, 0, 0, 0], "left_behind": ["egg", "egg", "turd", "plain", "egg", "egg", "turd", "plain", "egg", "egg", "turd", "plain", "egg", "egg", "plain", "plain", "egg", "egg", "turd", "plain", "egg", "egg", "turd", "plain", "egg", "egg", "plain", "plain", "egg", "egg", "plain", "turd", "plain", "plain", "plain", "turd", "egg", "egg", "plain", "plain", "egg", "egg", "plain", "turd", "egg", "egg", "plain", "plain", "egg", "plain", "plain", "plain", "egg", "plain", "plain", "plain", "egg", "plain", "plain", "plain", "egg", "plain", "plain", "plain", "egg", "plain", "plain", "plain", "egg", "plain", "plain", "plain", "egg", "plain", "plain", "plain", "plain", "plain", "plain", "plain"], "errlog_a": "", "errlog_b": "", "start_time": 360, "start_moves": 40, "turn_count": 80, "result": 0, "reason": "EGGS_LAID", "trapdoors": [[5, 5], [3, 4]], "spawn_a": [0, 6], "spawn_b": [7, 6]}