{"pos": [[6, 3], [1, 3], [5, 3], [2, 3], [5, 4], [3, 3], [5, 5], [0, 3], [4, 5], [0, 2], [4, 6], [1, 2], [4, 7], [0, 3], [3, 7], [0, 4], [4, 7], [1, 4], [5, 7], [2, 4], [5, 6], [2, 5], [6, 6], [2, 6], [6, 7], [3, 6], [7, 7], [2, 6], [7, 6], [2, 7], [7, 5], [1, 7], [7, 4], [1, 6], [6, 4], [1, 5], [6, 5], [0, 5], [6, 6], [0, 6], [6, 5], [0, 7], [6, 4], [0, 6], [6, 5], [0, 5], [6, 6], [0, 4], [6, 5], [0, 3], [6, 4], [0, 4], [6, 5], [0, 3], [6, 6], [0, 4], [6, 5], [0, 3], [6, 4], [0, 4], [6, 5], [0, 5], [6, 6], [0, 4], [6, 5], [0, 3], [6, 4], [0, 4], [6, 5], [0, 5], [6, 6], [0, 4], [6, 5], [0, 3], [6, 4], [0, 4], [6, 5], [0, 5], [6, 6], [0, 4]], "a_eggs_laid": [1, 1, 1, 1, 2, 2, 2, 2, 7, 7, 7, 7, 8, 8, 12, 12, 13, 13, 13, 13, 14, 14, 14, 14, 15, 15, 15, 15, 18, 18, 18, 18, 19, 19, 19, 19, 20, 20, 20, 20, 20, 20, 20, 20, 20, 20, 20, 20, 20, 20, 20, 20, 20, 20, 20, 20, 20, 20, 20, 20, 20, 20, 20, 20, 20, 20, 20, 20, 20, 20, 20, 20, 20, 20, 20, 20, 20, 20, 20, 20], "b_eggs_laid": [0, 1, 1, 1, 1, 2, 2, 2, 2, 2, 2, 2, 2, 3, 3, 3, 3, 3, 3, 4, 4, 4, 4, 5, 5, 5, 5, 6, 6, 6, 6, 7, 7, 7, 7, 8, 8, 8, 8, 9, 9, 9, 9, 12, 12, 12, 12, 12, 12, 12, 12, 12, 12, 12, 12, 12, 12, 12, 12, 12, 12, 12, 12, 12, 12, 12, 12, 12, 12, 12, 12, 12, 12, 12, 12, 12, 12, 12, 12, 12], "a_turds_left": [5, 5, 4, 4, 4, 4, 3, 3, 3, 3, 2, 2, 2, 2, 2, 2, 2, 2, 1, 1, 1, 1, 0, 0, 0, 0, 0, 0, 0, 0, 0, 0, 0, 0, 0, 0, 0, 0, 0, 0, 0, 0, 0, 0, 0, 0, 0, 0, 0, 0, 0, 0, 0, 0, 0, 0, 0, 0, 0, 0, 0, 0, 0, 0, 0, 0, 0, 0, 0, 0, 0, 0, 0, 0, 0, 0, 0, 0, 0, 0], "b_turds_left": [5, 5, 5, 4, 4, 4, 4, 3, 3, 3, 3, 2, 2, 2, 2, 2, 2, 2, 2, 2, 2, 1, 1, 1, 1, 1, 1, 1, 1, 1, 1, 1, 1, 1, 1, 1, 1, 0, 0, 0, 0, 0, 0, 0, 0, 0, 0, 0, 0, 0, 0, 0, 0, 0, 0, 0, 0, 0, 0, 0, 0, 0, 0, 0, 0, 0, 0, 0, 0, 0, 0, 0, 0, 0, 0, 0, 0, 0, 0, 0], "a_time_left": [356.4997739000246, 356.4997739000246, 352.99924049992114, 352.99924049992114, 349.55424729990773, 349.55424729990773, 346.05372980004176, 346.05372980004176, 342.55356530006975, 342.55356530006975, 339.0531892001163, 339.0531892001163, 335.5529415002093, 335.5529415002093, 332.05259790015407, 332.05259790015407, 328.55236900015734, 328.55236900015734, 325.0519431002904, 325.0519431002904, 320.05181170022115, 320.05181170022115, 315.3604279002175, 315.3604279002175, 310.70986340008676, 310.70986340008676, 305.7097118999809, 305.7097118999809, 300.70959839993156, 300.70959839993156, 295.7094258000143, 295.7094258000143, 291.0936396000907, 291.0936396000907, 286.44738500006497, 286.44738500006497, 285.6153832001146, 285.6153832001146, 285.60821729991585, 285.60821729991585, 285.570820099907, 285.570820099907, 285.5684585997369, 285.5684585997369, 285.5424625996966, 285.5424625996966, 285.5279140996281, 285.5279140996281, 285.4938889995683, 285.4938889995683, 285.4736534995027, 285.4736534995027, 285.4542360994965, 285.4542360994965, 285.4509991996456, 285.4509991996456, 285.44461539946496, 285.44461539946496, 285.4420147994533, 285.4420147994533, 285.43493979936466, 285.43493979936466, 285.4315415993333, 285.4315415993333, 285.42263139924034, 285.42263139924034, 285.41979109938256, 285.41979109938256, 285.41044959938154, 285.41044959938154, 285.4077588992659, 285.4077588992659, 285.3956882993225, 285.3956882993225, 285.3930277994368, 285.3930277994368, 285.38475839956664, 285.38475839956664, 285.3821276994422, 285.3821276994422], "b_time_left": [360, 356.49975750013255, 356.49975750013255, 352.9996166001074, 352.9996166001074, 349.4977567999158, 349.4977567999158, 345.99762699985877, 345.99762699985877, 342.74490319984034, 342.74490319984034, 339.2446675996762, 339.2446675996762, 335.7445637998171, 335.7445637998171, 332.24447109992616, 332.24447109992616, 328.74425099999644, 328.74425099999644, 325.17830160004087, 325.17830160004087, 320.42013649991713, 320.42013649991713, 315.41975379991345, 315.41975379991345, 310.76400580001064, 310.76400580001064, 305.912639999995, 305.912639999995, 300.91254099993967, 300.91254099993967, 296.0776539000217, 296.0776539000217, 291.40534960012883, 291.40534960012883, 289.2101580000017, 289.2101580000017, 289.1925977000501, 289.1925977000501, 289.11395540018566, 289.11395540018566, 289.10926970024593, 289.10926970024593, 288.92266450007446, 288.92266450007446, 288.91955980006605, 288.91955980006605, 288.87914710026234, 288.87914710026234, 288.8762275003828, 288.8762275003828, 288.855545000406, 288.855545000406, 288.85199010022916, 288.85199010022916, 288.8446667001117, 288.8446667001117, 288.84040980017744, 288.84040980017744, 288.83102220017463, 288.83102220017463, 288.8280426003039, 288.8280426003039, 288.80178040033206, 288.80178040033206, 288.7995001003146, 288.7995001003146, 288.7909761003684, 288.7909761003684, 288.7886298005469, 288.7886298005469, 288.7729249005206, 288.7729249005206, 288.77017110050656, 288.77017110050656, 288.76005910057575, 288.76005910057575, 288.75762550067157, 288.75762550067157, 288.73897680081427], "a_moves_left": [39, 39, 38, 38, 37, 37, 36, 36, 35, 35, 34, 34, 33, 33, 32, 32, 31, 31, 30, 30, 29, 29, 28, 28, 27, 27, 26, 26, 25, 25, 24, 24, 23, 23, 22, 22, 21, 21, 20, 20, 19, 19, 18, 18, 17, 17, 16, 16, 15, 15, 14, 14, 13, 13, 12, 12, 11, 11, 10, 10, 9, 9, 8, 8, 7, 7, 6, 6, 5, 5, 4, 4, 3, 3, 2, 2, 1, 1, 0, 0], "b_moves_left": [40, 39, 39, 38, 38, 37, 37, 36, 36, 35, 35, 34, 34, 33, 33, 32, 32, 31, 31, 30, 30, 29, 29, 28, 28, 27, 27, 26, 26, 25, 25, 24, 24, 23, 23, 22, 22, 21, 21, 20, 20, 19, 19, 18, 18, 17, 17, 16, 16, 15, 15, 14, 14, 13, 13, 12, 12, 11, 11, 10, 10, 9, 9, 8, 8, 7, 7, 6, 6, 5, 5, 4, 4, 3, 3, 2, 2, 1, 1, 0], "trapdoor_triggered": [0, 0, 0, 0, 0, 0, 0, 1, 0, 0, 0, 0, 0, 1, 0, 0, 0, 0, 0, 0, 0, 0, 0, 0, 0, 0, 0, 0, 0, 0, 0, 0, 0, 0, 0, 0, 0, 0, 0, 0, 0, 0, 0, 0, 0, 0, 0, 0, 0, 0, 0, 0, 0, 0, 0, 0, 0, 0, 0, 0, 0, 0, 0, 0, 0, 0, 0, 0, 0, 0, 0, 0, 0, 0, 0, 0, 0, 0, 0, 0], "left_behind": ["egg", "egg", "turd", "turd", "egg", "egg", "turd", "turd", "egg", "plain", "turd", "turd", "egg", "egg", "plain", "plain", "egg", "plain", "turd", "egg", "egg", "turd", "turd", "egg", "egg", "plain", "plain", "egg", "egg", "plain", "plain", "egg", "egg", "plain", "plain", "egg", "egg", "turd", "plain", "egg", "plain", "plain", "plain", "egg", "plain", "plain", "plain", "plain", "plain", "plain", "plain", "plain", "plain", "plain", "plain", "plain", "plain", "plain", "plain", "plain", "plain", "plain", "plain", "plain", "plain", "plain", "plain", "plain", "plain", "plain", "plain", "plain", "plain", "plain", "plain", "plain", "plain", "plain", "plain", "plain"], "errlog_a": "", "errlog_b": "", "start_time": 360, "start_moves": 40, "turn_count": 80, "result": 0, "reason": "EGGS_LAID", "trapdoors": [[2, 2], [3, 4]], "spawn_a": [7, 3], "spawn_b": [0, 3]}